:020000040800F2
:1000000000000220A1260008B90D0008BB0D000861
:10001000BD0D0008BF0D0008C10D00080000000064
:10002000000000000000000000000000C30D0008F8
:10003000C50D000800000000C70D0008C90D00082C
:10004000F1260008F1260008F1260008F126000834
:10005000F1260008F126000875060008F1260008C0
:10006000F1260008F1260008F1260008F126000814
:10007000F1260008F1260008F1260008F126000804
:10008000D10D0008F1260008F1260008F12600082D
:10009000F1260008F1260008F1260008F1260008E4
:1000A000F1260008F1260008F1260008F1260008D4
:1000B000F1260008F1260008F1260008F1260008C4
:1000C000F1260008F1260008F1260008F1260008B4
:1000D000F1260008F1260008F1260008F1260008A4
:1000E000F1260008F1260008F1260008F126000894
:1000F000F1260008F1260008F1260008F126000884
:10010000F1260008F1260008F1260008F126000873
:10011000F1260008F1260008F1260008F126000863
:10012000F1260008F1260008F1260008F126000853
:10013000F12600080000000000000000F126000881
:10014000F1260008F1260008F1260008F126000833
:10015000F1260008F1260008F1260008F126000823
:10016000F1260008F1260008F1260008F126000813
:10017000F1260008F1260008F12600080000000022
:1001800000000000F1260008000000000000000050
:10019000F12600080000000000000000F126000821
:1001A000000000000000000000000000F126000830
:1001B000F1260008F1260008F1260008F1260008C3
:0401C000F12600081C
:1001C40010B5054C237833B9044B13B10448AFF38D
:1001D40000800123237010BD2800002000000000CF
:1001E4004C27000808B5034B1BB103490348AFF380
:1001F400008008BD000000002C0000204C270008EF
:1002040053B94AB9002908BF00281CBF4FF0FF3179
:100214004FF0FF3000F088B9ADF1080C6DE904CE61
:1002240000F006F8DDF804E0DDE9022304B07047CD
:100234002DE9F047089D8E4604468846002B4AD196
:100244008A42174662D9B2FA82F64EB1C6F1200349
:1002540001FA06F820FA03F3B74043EA0808B44069
:100264004FEA174E1FFA87FCB8FBFEF1230C0EFB76
:10027400118843EA084301FB0CF29A4209D9FB189E
:1002840001F1FF3080F0EA809A4240F2E7800239BF
:100294003B449A1AA3B2B2FBFEF00EFB102243EACF
:1002A400024300FB0CFC9C4509D9FB1800F1FF320A
:1002B40080F0D6809C4540F2D3803B44023840EA2B
:1002C4000140A3EB0C0300211DB1F3400022C5E95A
:1002D4000032BDE8F0878B4205D90DB1C5E90001B4
:1002E40000210846F5E7B3FA83F1002946D17345A6
:1002F40002D3824200F20581841A6EEB03020120CC
:100304009046002DE5D0C5E90048E2E7002A00F058
:100314009080B2FA82F6002E40F0A4808A1A030C70
:100324004FEA174E80B2BCB20121B2FBFEFC0EFBB9
:100334001C2243EA024304FB0CF29A4207D9FB183D
:100344000CF1FF3802D29A4200F2E080C4469B1AB4
:10035400B3FBFEF20EFB123340EA034302FB04F448
:100364009C4207D9FB1802F1FF3002D29C4200F2F2
:10037400CA8002461B1B42EA0C40A5E7C1F12006D5
:100384008B4022FA06F71F430EFA01F420FA06F313
:100394002EFA06FE4FEA1749234300FA01F81FFA22
:1003A40087FCBEFBF9F01C0C09FB10EE44EA0E447A
:1003B40000FB0CFEA64502FA01F209D93C1900F132
:1003C400FF3A80F09C80A64540F2998002383C4474
:1003D400A4EB0E041FFA83FEB4FBF9F309FB1344E8
:1003E4004EEA044403FB0CFCA44508D93C1903F170
:1003F400FF3E80F08280A4457FD9023B3C4443EA1F
:100404000040A4EB0C04A0FB02EC64457346E146F7
:1004140062D35FD05DB1B8EB030264EB090404FA64
:1004240006F622FA01F31E43CC40C5E9006400211C
:100434004FE7B1FBF2FC010C41EA0E4180B240EA05
:1004440001423B4638463C46B846BE462026B1FBF0
:10045400F7F1A2EB080241EA0C4166E7014618E70E
:1004640010462CE7C6F120022EFA02F3B740B14041
:1004740020FA02F24FEA174E0A43B3FBFEF8BCB26D
:100484000EFB1833110C41EA034108FB04F9B04098
:1004940089454FEA104380B23ED9791808F1FF3CF0
:1004A40001D289451FD8A1EB0901B1FBFEF909FB73
:1004B40004F80EFB191192B242EA0142424529D2D4
:1004C400BA1809F1FF31C4D24245C2D2A9F10201DE
:1004D4003A44BEE7F0459DD2BEEB02036CEB070C39
:1004E4000138E14696E7A7EB09094944A8F1020C53
:1004F400B1FBFEF909FB04F8DBE773467FE75046DE
:1005040066E70846FDE63B44023A33E7ACF1020CE9
:100514003B441CE749469CE7A1EB0901C446B1FBF7
:10052400FEF909FB04F8C4E7704700BF2DE9F04F5A
:1005340089B00024039404940594069407940094C9
:100544002F4B1A6B42F080021A631A6B02F080027E
:100554000092009A01941A6B42F001021A631A6B1A
:1005640002F001020192019A02941A6B42F0020213
:100574001A631B6B03F002030293029B4FF4404B7C
:10058400CDF80CB001260496DFF87CA003A95046F0
:1005940001F08EFC4FF44079CDF80C90DFF86C80BC
:1005A40003A9404601F084FC4FF410470397154D0E
:1005B40003A9284601F07CFC22465946504601F026
:1005C40067FD22464946404601F062FD224639460F
:1005D400284601F05DFD03964FF4881304930596B5
:1005E40003A9284601F064FC22460221062001F0FA
:1005F400D1FF062001F0DEFF09B0BDE8F08F00BF97
:10060400003802400000024000080240000402409A
:1006140000B583B000210191094B1A6B42F400121A
:100624001A631B6B03F400130193019B0A46102009
:1006340001F0B0FF102001F0BDFF03B05DF804FB32
:1006440000380240054B064A1A60064A5A609A600E
:10065400054ADA60054A1A615A6170475C00002055
:100664000000FA440000FA43CDCC4C3DCDCCCC3D47
:1006740008B502F003F83C4B1B88C31AC82B03D8F7
:10068400012001F00DFD08BD374B1880374B1A6867
:10069400D36823F40073D360354801F026FE35494E
:1006A4000A780132344B83FB020303EB4303A2EBCE
:1006B4004303DBB20B70314A52F823104FF08042EF
:1006C400D162052B0DD8DFE803F0031D27313B452C
:1006D4002B4A52F823302B4A12682B49244801F044
:1006E400CFFD012000F0A6FA224B1A78274B53F8CD
:1006F400220000F093FA1D4B1A68D36843F4007388
:10070400D360BDE71E4A52F823301E4A12682049BE
:10071400174801F0B5FDE4E7194A52F82330194AA5
:1007240012681C49124801F0ABFDDAE7144A52F88A
:100734002330144A126818490D4801F0A1FDD0E78E
:100744000F4A52F823300F4A12681449084801F03E
:1007540097FDC6E70A4A52F823300A4A126810493C
:10076400034801F08DFDBCE7760000202001002045
:100774007800002074000020ABAAAA2A44000020BC
:100784006427000800000020B429000804000020A9
:10079400B42B0008B4270008B42D000838660108FB
:1007A400BC9E020872B6FEE700B58FB000230A9320
:1007B4000B930C930D930893099301930293039362
:1007C400049305930693079335484FF080420260E3
:1007D400436083604FF0FF32C2600361836100F0C5
:1007E400C3FC002850D14FF480530A930AA92C4823
:1007F40000F020FE002849D1294800F0E1FC00283F
:1008040046D100230893099308A9254800F0A4FFC2
:1008140000283FD10022019202920392059201A97D
:100824001F4800F05DFD002836D1002300931D4AC7
:10083400116B41F400111163126B02F40012009267
:10084400009A1948194A02604FF0C062426040227F
:100854008260C3604FF4806202614FF400624261BF
:100864004FF4005282614FF48072C2614FF400323F
:100874000262436201F09EFC80B9094A0A4B53624A
:100884009A630FB05DF804FBFFF78CFFFFF78AFF54
:10089400FFF788FFFFF786FFFFF784FFFFF782FF6C
:1008A40020010020003802407800002088600240C7
:1008B40000B58FB000230A930B930C930D93089308
:1008C4000993019302930393049305930693079367
:1008D4001E481F4A02604360836040F28F12C26068
:1008E4000361836100F040FC30BB4FF480530A93F2
:1008F4000AA9164800F09EFD00BB144800F08CFCC9
:10090400F0B900230893099308A9104800F024FFC4
:10091400C0B960230193C823029300230393059372
:10092400082201A9094800F00AFD68B9074800F047
:10093400BDFA0FB05DF804FBFFF734FFFFF732FF99
:10094400FFF730FFFFF72EFFFFF72CFFD800002042
:100954000004004000B595B03422002107A801F03E
:10096400C6FE002302930393049305930693009316
:10097400194A116C41F080511164126C02F08052DA
:100984000092009A019315490A6822F4404242F405
:1009940080420A600A6802F440420192019A0222EB
:1009A400079201220A9210220B920D9307A801F0DC
:1009B4005DF868B90F230293002103910491059116
:1009C400069102A800F00EFF20B915B05DF804FBF3
:1009D400FFF7E8FEFFF7E6FE003802400070004033
:1009E40038B501F025FEFFF72DFE002319E0294A52
:1009F40002EB830292ED007A274A02EB8302D2EDE6
:100A0400007AF8EE677A67EE877ADFED246A86EE7D
:100A1400A77ABCEEC77A224A17EE101A42F82310BE
:100A24000133052BE3DDFFF795FFFFF77FFDFFF7AC
:100A3400EFFDFFF7B9FEFFF73BFF0821194800F06F
:100A440009FE194C0021204600F082FD174D2A783A
:100A5400134B53F822204FF08043DA6200212046E2
:100A640000F076FD2A780C4B53F82230104A1268B5
:100A74001049114801F004FC00F064F92A780F4B86
:100A840053F8220000F0CAF82268D36843F40073D4
:100A9400D360FEE75C000020642700080024744B48
:100AA40044000020D8000020200100207400002011
:100AB40000000020B4290008780000200400002071
:100AC40082B000EB40000023019304E000BF00BFAC
:100AD400019B01330193019B8342F7D302B070471A
:100AE40010B51420FFF7ECFF094CA36943F400434D
:100AF400A3611420FFF7E4FFA36943F00043A3615B
:100B04001420FFF7DDFFA36943F40043A36110BD84
:100B14000008024010B504463D4A936943F48043FB
:100B2400936110F0800F41D13A4A936943F0004336
:100B3400936114F0400F40D0364A936943F48053D4
:100B4400936114F0200F3ED0334A936943F4007349
:100B5400936114F0100F3CD02F4A936943F48073CF
:100B64009361FFF7BDFF14F0080F38D0294A936949
:100B740043F40043936114F0040F36D0254A93697B
:100B840043F48053936114F0020F34D0224A9369E2
:100B940043F40073936114F0010F32D01E4A936939
:100BA40043F480739361FFF79BFF10BDA2F50062CD
:100BB400936943F400439361BBE7164A936943F096
:100BC40080539361BDE7144A936943F000739361C2
:100BD400BFE7114A936943F080739361C1E70D4AFB
:100BE400936943F000439361C5E70A4A936943F06C
:100BF40080539361C7E7084A936943F00073936194
:100C0400C9E7054A936943F080739361CBE700BF5A
:100C140000080240000002400004024038B50546C6
:100C2400002403E0FFF776FF0134E4B2285D0028D6
:100C3400F8D138BD10B504463F4A936943F0804368
:100C4400936110F0800F45D13C4A936943F000430F
:100C5400936114F0400F44D0384A936943F48053AD
:100C6400936114F0200F42D0354A936943F4007322
:100C7400936114F0100F40D0314A936943F48073A8
:100C84009361FFF72DFF14F0080F3CD02B4A9369B2
:100C940043F40043936114F0040F3AD0274A936954
:100CA40043F48053936114F0020F38D0244A9369BB
:100CB40043F40073936114F0010F36D0204A936912
:100CC40043F480739361FFF70BFF40F6B830FFF7EE
:100CD400F7FE10BDA2F50062936943F400439361EB
:100CE400B7E7164A936943F080539361B9E7144A0E
:100CF400936943F000739361BBE7114A936943F02E
:100D040080739361BDE70D4A936943F00043936197
:100D1400C1E70A4A936943F080539361C3E7084AE1
:100D2400936943F000739361C5E7054A936943F0FF
:100D340080739361C7E700BF0008024000000240CF
:100D44000004024008B5194B1A6B42F001021A6301
:100D54001A6B42F002021A631A6B42F004021A631D
:100D6400134A136843F08243136002F580621368E8
:100D740043F4A023136002F58062136843F0A04398
:100D8400136047F23050FFF79BFE3320FFF752FF0A
:100D94003220FFF74FFF0C20FFF74CFF2820FFF70E
:100DA40049FF0120FFF746FF08BD00BF003802409D
:100DB40000000240FEE7FEE7FEE7FEE7FEE77047BD
:100DC4007047704708B501F04DFC08BD08B50248EE
:100DD40001F09EFA08BD00BF7800002082B0002117
:100DE40000910B4B5A6C42F480425A645A6C02F4E0
:100DF40080420092009A01911A6C42F080521A6467
:100E04001B6C03F080530193019B02B0704700BF39
:100E14000038024010B582B00368B3F1804F04D0AB
:100E24001E4A93422CD002B010BD04460023009306
:100E34001B4A116C41F001011164126C02F00102B1
:100E44000092009A1748184A02604FF0C06242604C
:100E54008360C3604FF4806202614FF48052426148
:100E64004FF480428261C3610362436201F0A2F9DC
:100E740018B90C4B63629C63D5E7FFF793FCF8E762
:100E840000230193064B1A6C42F002021A641B6C95
:100E940003F002030193019BC5E700BF0004004077
:100EA40000380240780000208860024000B587B016
:100EB40000230193029303930493059302680E4B5A
:100EC4009A4202D007B05DF804FB002300930B4B59
:100ED4001A6B42F002021A631B6B03F002030093C5
:100EE400009B0123019302230293059301A9044863
:100EF40000F0DEFFE6E700BF0004004000380240D7
:100F04000004024030B4036A026A22F00102026261
:100F14004268846924F0730C0C6844EA0C0423F0DE
:100F2400020C8B6843EA0C03114DA84203D005F56B
:100F34008065A84205D123F00803CD682B4323F034
:100F440004030B4DA84203D005F58065A84207D1E0
:100F540022F440724D6945EA020C8A6942EA0C02A5
:100F6400426084614A684263036230BC704700BFD8
:100F74000000014030B4036A026A22F48072026203
:100F84004268C46924F0730C0C6844EA0C0523F429
:100F940000738C6843EA0423114CA04203D004F587
:100FA4008064A04206D123F40063CC6843EA04239E
:100FB40023F480630A4CA04203D004F58064A04269
:100FC40007D122F440524C6942EA04128C6942EA85
:100FD40004124260C5614A68C263036230BC704750
:100FE4000000014030B4036A026A22F480520262B3
:100FF4004468C26922F4E6420D6842EA052223F4F9
:1010040000538D6843EA0533094DA84203D005F522
:101014008065A84204D124F480444D6944EA8514CF
:101024004460C2614A680264036230BC704700BF16
:101034000000014010B4036A046A24F0010404624D
:10104400846924F0F00C4CEA021223F00A030B43E7
:10105400826103625DF8044B704710B4036A046A4A
:1010640024F010040462846924F4704C4CEA0232C3
:1010740023F0A00343EA0113826103625DF8044B89
:101084007047836823F070030B4343F007038360C6
:1010940070477047704700000368324A904212D08C
:1010A400B0F1804F0FD0A2F57C4290420BD002F5F4
:1010B4008062904207D002F58062904203D002F52C
:1010C4007842904203D123F070034A681343254ABF
:1010D40090422AD0B0F1804F27D0A2F57C429042B2
:1010E40023D002F5806290421FD002F580629042C4
:1010F4001BD002F57842904217D002F5705290420C
:1011040013D002F5806290420FD002F580629042C3
:101114000BD0A2F59832904207D002F5806290423B
:1011240003D002F58062904203D123F44073CA686D
:10113400134323F080034A6913438A68C2620A682E
:101144008262084A904203D002F58062904201D143
:101154000A690263026842F00402026001224261E9
:10116400036070470000014040B310B5044690F896
:101174003D30F3B1022384F83D30214651F8040B8D
:10118400FFF78AFF012384F8463084F83E3084F860
:101194003F3084F8403084F8413084F8423084F899
:1011A400433084F8443084F8453084F83D300020DE
:1011B40010BD80F83C30FFF72DFEDBE701207047BF
:1011C40040B310B5044690F83D30F3B1022384F8DF
:1011D4003D30214651F8040BFFF75EFF012384F8EC
:1011E400463084F83E3084F83F3084F8403084F848
:1011F400413084F8423084F8433084F8443084F831
:10120400453084F83D30002010BD80F83C30FFF7B5
:1012140040FFDBE70120704740B310B5044690F867
:101224003D30F3B1022384F83D30214651F8040BDC
:10123400FFF732FF012384F8463084F83E3084F807
:101244003F3084F8403084F8413084F8423084F8E8
:10125400433084F8443084F8453084F83D3000202D
:1012640010BD80F83C30FFF715FFDBE70120704725
:1012740030B4036A026A22F010020262446882698E
:1012840022F4E6420D6842EA052223F020038D6829
:1012940043EA0513114DA84203D005F58065A84221
:1012A40006D123F08003CD6843EA051323F04003FD
:1012B4000A4DA84203D005F58065A84207D124F45D
:1012C40040644D6944EA85048D6944EA85044460B8
:1012D40082614A688263036230BC70470000014047
:1012E40090F83C30012B28D010B50446012380F837
:1012F4003C300C2A1CD8DFE802F0071B1B1B0C1B1C
:101304001B1B111B1B1B16000068FFF7FBFD0020B5
:101314000FE00068FFF7ACFF00200AE00068FFF769
:1013240029FE002005E00068FFF75CFE002000E0D5
:101334000120002384F83C3010BD0220704738B5EA
:1013440090F83C30012B66D004460D46012380F80A
:101354003C300C2A5AD8DFE802F0075959591B5976
:1013640059593059595944000068FFF7CBFD226898
:10137400936943F0080393612268936923F004039B
:1013840093612268936929690B43936100203EE0CD
:101394000068FFF76DFF2268936943F4006393616B
:1013A4002268936923F480639361226893692969AD
:1013B40043EA01239361002029E00068FFF7DAFD86
:1013C4002268D36943F00803D3612268D36923F008
:1013D4000403D3612268D36929690B43D3610020D4
:1013E40015E00068FFF7FEFD2268D36943F400634B
:1013F400D3612268D36923F48063D3612268D369FB
:10140400296943EA0123D361002000E0012000237D
:1014140084F83C3038BD0220FCE710B4846824F41E
:101424007F4C42EA03220A4342EA0C0282605DF8DE
:10143400044B704790F83C30012B78D010B504462B
:10144400012380F83C30022380F83D300268936821
:1014540023F47F4323F0770393600B68602B4CD015
:1014640023D8402B54D011D8202B03D00AD80BB149
:10147400102B05D119462068FFF703FE002028E051
:10148400012026E0302BF5D0012022E0502B0AD198
:10149400CA6849680068FFF7CDFD50212068FFF74E
:1014A400F0FD002015E0012013E0B3F5805F3AD091
:1014B400B3F5005F14D0702B37D1CB684A688968C4
:1014C4000068FFF7AAFF2268936843F077039360EC
:1014D4000020012384F83D30002384F83C3010BD03
:1014E400CB684A6889680068FFF797FF22689368A9
:1014F40043F4804393600020EBE7CA6849680068BE
:10150400FFF7ABFD60212068FFF7BBFD0020E0E79B
:10151400CA6849680068FFF78DFD40212068FFF71D
:10152400B0FD0020D5E70020D3E70120D1E7022059
:10153400704701F01F014FF0010C0CFA01FC036A23
:1015440023EA0C030362036A8A401343036270476D
:1015540010B504460846002942D194F83E30DBB267
:10156400013B18BF0123002B6ED1002851D1022367
:1015740084F83E30012201462068FFF7DAFF236831
:10158400334A934203D002F58062934203D15A6CEA
:1015940042F400425A6423682D4A934249D0B3F17D
:1015A400804F46D0A2F57C42934242D002F580623D
:1015B40093423ED002F5806293423AD002F57842DB
:1015C400934236D002F57052934232D0A2F594324F
:1015D40093422ED01A6842F001021A60002032E0D1
:1015E400042908D008290DD094F84130DBB2013B1E
:1015F40018BF0123B7E794F83F30DBB2013B18BFB3
:101604000123B0E794F84030DBB2013B18BF01235B
:10161400A9E7042805D0082807D0022384F841301C
:10162400A8E7022384F83F30A4E7022384F840307B
:10163400A0E79A6802F00702062A07D01A6842F067
:1016440001021A60002010BD0120FCE70020FAE727
:101654000000014010B504460846002942D194F820
:101664003E30DBB2013B18BF0123002B6ED10028B2
:1016740051D1022384F83E30012201462068FFF74D
:1016840058FF2368334A934203D002F580629342A1
:1016940003D15A6C42F400425A6423682D4A93429F
:1016A40049D0B3F1804F46D0A2F57C42934242D058
:1016B40002F5806293423ED002F5806293423AD0B2
:1016C40002F57842934236D002F57052934232D0FA
:1016D400A2F5943293422ED01A6842F001021A60A5
:1016E400002032E0042908D008290DD094F84130B4
:1016F400DBB2013B18BF0123B7E794F83F30DBB2FC
:10170400013B18BF0123B0E794F84030DBB2013B42
:1017140018BF0123A9E7042805D0082807D002230D
:1017240084F84130A8E7022384F83F30A4E7022379
:1017340084F84030A0E79A6802F00702062A07D02E
:101744001A6842F001021A60002010BD0120FCE773
:101754000020FAE70000014090F83C20012A3DD027
:1017640010B40346012280F83C20022280F83D2078
:1017740002685068946820F0700C086840EA0C0015
:1017840050601A68164882421AD0B2F1804F17D0BE
:10179400A0F57C40824213D000F5806082420FD0D5
:1017A40000F5806082420BD000F57840824207D079
:1017B40000F57050824203D0A0F59430824204D1E7
:1017C40024F08004496821439160012283F83D207C
:1017D400002083F83C005DF8044B704702207047FA
:1017E40000000140002800F09B8070B50D460446BF
:1017F4004F4B1B6803F00F038B4208D2CBB24C4A09
:101804001370136803F00F038B4240F08B8023683E
:1018140013F0020F17D013F0040F04D0454A936855
:1018240043F4E0539360236813F0080F04D0414A53
:10183400936843F4604393603E4A936823F0F00353
:10184400A1680B439360236813F0010F32D06368DF
:10185400012B21D09A1E012A25D9364A126812F08A
:10186400020F61D033498A6822F0030213438B606C
:1018740000F004FF06462F4B9B6803F00C036268DC
:10188400B3EB820F16D000F0F9FE801B41F28833CF
:101894009842F0D9032042E0264A126812F4003F2D
:1018A400E0D101203BE0234A126812F0007FD9D135
:1018B400012034E01E4B1B6803F00F03AB4207D931
:1018C400EAB21B4B1A701B6803F00F03AB422DD115
:1018D400236813F0040F06D0164A936823F4E053E8
:1018E400E1680B439360236813F0080F07D0114A93
:1018F400936823F46043216943EAC103936000F0D1
:1019040021F80C4B9B68C3F303130B4AD35CD840F8
:101914000A4B18600A4B186800F064FE002070BD82
:10192400012070470120FAE70120F8E70120F6E7DB
:10193400003C02400038024048D70308240000203D
:101944002000002008B5464B9B6803F00C03082BCD
:1019540005D00C2B43D0042B7FD1424819E0404BD7
:101964005A6802F03F025B6813F4800F12D03C4BBC
:101974005968C1F388113B480023A1FB0001FEF71D
:101984003FFC374B5B68C3F3014301335B00B0FB9F
:10199400F3F008BD324B5868C0F388104FEA401C7E
:1019A400BCEB000C6EEB0E0E4FEA8E1343EA9C6305
:1019B4004FEA8C11B1EB0C0163EB0E03DB0043EA3D
:1019C4005173C90011EB000C43F100039902002389
:1019D4004FEA8C2041EA9C51FEF712FCD1E7204BE0
:1019E4005A6802F03F025B6813F4800F10D01C4B5E
:1019F4005968C1F388111B480023A1FB0001FEF7BD
:101A0400FFFB174B5B68C3F30273B0FBF3F0C0E753
:101A1400134B5868C0F388104FEA401CBCEB000C11
:101A24006EEB0E0E4FEA8E1343EA9C634FEA8C1161
:101A3400B1EB0C0163EB0E03DB0043EA5173C90005
:101A440011EB000C43F10003990200234FEA8C20B0
:101A540041EA9C51FEF7D4FBD3E7034899E700BF62
:101A64000038024040787D010024F400002800F092
:101A7400018270B582B00446036813F0010F41D0AF
:101A8400994B9B6803F00C03042B32D0964B9B6854
:101A940003F00C03082B27D0934B9B6803F00C0333
:101AA4000C2B59D06368B3F5803F5BD0B3F5A02FFE
:101AB4005ED08D4B1A6822F480321A601A6822F4C0
:101AC40080221A606368002B5CD000F0D7FD0546C5
:101AD400854B1B6813F4003F14D100F0CFFD401B6D
:101AE4006428F5D90320CCE17F4B5B6813F4800FA5
:101AF400D2D07D4B1B6813F4003F03D06368002BE6
:101B040000F0BA81236813F0020F60D0764B9B6813
:101B140013F00C0F4AD0744B9B6803F00C03082B92
:101B24003FD0714B9B6803F00C030C2B69D0E36826
:101B3400002B75D06D4B01221A6000F09FFD054605
:101B4400694B1B6813F0020F61D100F097FD401B35
:101B54000228F5D9032094E1634B5B6813F4800FEA
:101B6400A0D0C6E7604A136843F480331360A9E742
:101B74005D4B1A6842F480221A601A6842F480327B
:101B84001A609FE700F07AFD0546574B1B6813F473
:101B9400003FB7D000F072FD401B6428F5D9032044
:101BA4006FE1514B5B6813F4800FBAD14E4B1B6845
:101BB40013F0020F03D0E368012B40F05F814A4A1F
:101BC400136823F0F803216943EAC103136023680F
:101BD40013F0080F49D06369002B33D0434B012223
:101BE400C3F8802E00F04AFD05463F4B5B6F13F0AF
:101BF400020F3AD100F042FD401B0228F5D9032020
:101C04003FE1394B5B6813F4800F90D1CEE7364A3D
:101C1400136823F0F803216943EAC1031360D6E78C
:101C2400324B00221A6000F029FD05462E4B1B683A
:101C340013F0020FCBD000F021FD401B0228F5D990
:101C440003201EE1294B0022C3F8802E00F016FD6C
:101C54000546254B5B6F13F0020F06D000F00EFD16
:101C6400401B0228F5D903200BE1236813F0040F6D
:101C740076D01D4B1B6C13F0805F33D1002301938E
:101C8400194B1A6C42F080521A641B6C03F0805397
:101C94000193019B0125164B1B6813F4807F29D007
:101CA400A368012B3AD0052B3ED00F4B1A6F22F0BC
:101CB40001021A671A6F22F004021A67A368002B44
:101CC4003CD000F0DBFC0646074B1B6F13F0020F01
:101CD40045D100F0D3FC801B41F288339842F3D9FC
:101CE4000320CEE00025D6E700380240000047423A
:101CF400007000406B4A136843F48073136000F073
:101D0400BDFC0646674B1B6813F4807FC8D100F006
:101D1400B5FC801B0228F5D90320B2E0624A136F98
:101D240043F001031367C9E75F4B1A6F42F00402E3
:101D34001A671A6F42F001021A67BFE700F09EFCAF
:101D44000646594B1B6F13F0020F08D000F096FCA7
:101D5400801B41F288339842F3D9032091E0EDB916
:101D6400A369002B00F08C804F4A926802F00C02A9
:101D7400082A54D0022B17D04C4B00221A6600F0CC
:101D84007DFC0446484B1B6813F0007F45D000F0EF
:101D940075FC001B0228F5D9032072E0424A136C3B
:101DA40023F080531364DBE7404B00221A6600F0F3
:101DB40065FC05463C4B1B6813F0007F06D000F021
:101DC4005DFC401B0228F5D903205AE0E369226A2E
:101DD4001343626A43EA8213A26A5208013A43EA4D
:101DE4000243E26A43EA0263226B43EA02732E4A25
:101DF40053602E4B01221A6600F040FC04462A4B25
:101E04001B6813F0007F06D100F038FC001B022889
:101E1400F5D9032035E0002033E0002031E0012B28
:101E240031D0214B5B6803F48001E26991422CD1EB
:101E340003F03F02216A8A4229D1616A47F6C072DF
:101E44001A40B2EB811F24D103F44031A26A520834
:101E5400013AB1EB024F1ED103F07062E16AB2EBBA
:101E6400016F1AD103F0E043226BB3EB027F16D16A
:101E7400002006E001207047012002E0012000E07C
:101E8400002002B070BD0120FBE70120F9E701202A
:101E9400F7E70120F5E70120F3E70120F1E701204E
:101EA400EFE700BF007000400038024000004742E6
:101EB40000230F2B00F2E38070B582B065E08568E3
:101EC4004FEA430E032404FA0EF425EA0405CC6811
:101ED40004FA0EF42C438460446824EA02044A6839
:101EE400C2F300129A40224342605CE0DC080834EA
:101EF40050F8242003F00705AD004FF00F0E0EFA42
:101F040005FE22EA0E0E0A69AA4042EA0E0240F8D1
:101F140024205CE0062200E0002202FA0EF22A43AA
:101F24000234574D45F82420564A94686FEA0C024F
:101F340024EA0C054E6816F4801F01D04CEA04050F
:101F4400504CA560E46802EA04054E6816F4001FCC
:101F540001D04CEA04054B4CE560646802EA0405D0
:101F64004E6816F4003F01D04CEA0405454C656008
:101F7400246822404D6815F4803F01D04CEA0402E5
:101F8400404C226001330F2B77D801229A400C6811
:101F940004EA020C32EA0404F4D14C6804F00304A9
:101FA400013C012C8BD94A6802F00302032A09D0B0
:101FB400C4685D000322AA4024EA02048A68AA4095
:101FC4002243C2604A6802F00302022A8ED00468E7
:101FD4004FEA430E032202FA0EF224EA02044A688C
:101FE40002F0030202FA0EF2224302604A6812F47B
:101FF400403FC7D000220192234A546C44F48044E9
:102004005464526C02F480420192019A9C08A51C0B
:102014001B4A52F8255003F0030E4FEA8E0E0F228E
:1020240002FA0EF225EA0205184A90423FF474AF10
:1020340002F58062904216D002F58062904214D07C
:1020440002F58062904212D002F58062904210D074
:1020540002F5806290420ED002F5806290423FF415
:1020640059AF072259E7012257E7022255E7032215
:1020740053E7042251E705224FE702B070BD7047D1
:1020840000380140003C014000380240000002409A
:102094000AB181617047090481617047704700008B
:1020A40008B5054B5B69034200D108BD024B58617A
:1020B400FFF7F4FFF9E700BF003C014030B40568C6
:1020C4002C6824F480242C60046863608368402BAB
:1020D40005D0036899600368DA6030BC7047036810
:1020E4009A600368D960F8E710B40368D9B210396C
:1020F4000A4AA2FB01421209094CA25CC2655F298B
:1021040007D96FF3090304338365806D5DF8044BCD
:1021140070476FF309038365F7E700BFABAAAAAA68
:1021240040D70308836A826992B9012B0AD0022B33
:1021340002D00BB100207047C36A13F0807F28D10E
:1021440000207047C36AB3F1C07F24D000207047D9
:10215400B2F5005F09D0022B25D9032B25D1C36A20
:1021640013F0807F23D100207047032B03D8DFE8CE
:1021740003F01404140A00207047C36A13F0807F2C
:102184000DD100207047C36AB3F1C07F09D000208D
:1021940070470120704701207047012070470120DB
:1021A40070470120704701207047002070470120CC
:1021B4007047000070B5044600F060FA002C5BD054
:1021C4000546022384F83530002384F8343022682D
:1021D400136823F00103136023681A6812F0010FD7
:1021E4000AD000F04BFA431B052BF5D92023636575
:1021F400032084F8350070BD1A68204911406268D4
:10220400A0680243E0680243206902436069024314
:10221400A0690243E0690243206A02430A43616AF7
:1022240004291ED01A602668756925F00705636ABB
:102234001D43042B07D1A36A1D43E36A1BB1204647
:10224400FFF770FF90B975612046FFF74DFFE26D0F
:102254003F239340836000206065012384F8353078
:10226400C9E7E16A206B01430A43DBE74023636566
:10227400012084F83500BEE70120BCE73F8010F060
:1022840038B50446856D90F8340001282BD0012020
:1022940084F8340094F83500C0B2012804D0002337
:1022A40084F83430022038BD022084F83500002040
:1022B40060652046FFF702FFE26D3F239340AB6069
:1022C4002268136843F016031360236C23B1226859
:1022D400136843F0080313602268136843F0010392
:1022E40013600020DFE70220DDE790F83530DBB231
:1022F400022B03D08023436501207047052380F817
:1023040035300268136823F001031360002070471E
:10231400F0B583B0044600230193724B1D68724BE1
:10232400A3FB0535AD0A876D3E68C26D0823934053
:10233400334210D003681A6812F0040F0BD01A68E5
:1023440022F004021A60C26D08239340BB60436DFF
:1023540043F001034365E26D01239340334209D006
:102364002268526912F0800F04D0BB60636D43F0A1
:1023740002036365E26D04239340334209D022686B
:10238400126812F0020F04D0BB60636D43F00403C3
:102394006365E26D10239340334224D022681268AF
:1023A40012F0080F1FD0BB6023681A6812F4802F44
:1023B4000DD01B6813F4002F04D1236C9BB120466D
:1023C400984710E0A36C73B1204698470BE01A6855
:1023D40012F4807F03D11A6822F008021A60236C79
:1023E4000BB120469847E26D20239340334255D0E9
:1023F4002268126812F0100F50D0BB6094F8353088
:10240400DBB2052B0ED023681A6812F4802F33D068
:102414001B6813F4002F2AD1636C002B3ED0204696
:1024240098473BE02268136823F016031360226880
:10243400536923F080035361236CA3B122681368AA
:1024440023F008031360E26D3F239340BB60012334
:1024540084F83530002384F83430236D002B3FD0CA
:10246400204698473CE0A36C002BE7D1EBE7E36BF5
:10247400A3B12046984711E01A6812F4807F09D16D
:102484001A6822F010021A60012384F83530002300
:1024940084F83430E36B0BB120469847636DFBB18D
:1024A400636D13F0010F17D0052384F835302268CB
:1024B400136823F001031360019B01330193AB42C2
:1024C40004D823681B6813F0010FF5D1012384F8A5
:1024D4003530002384F83430E36C0BB12046984740
:1024E40003B0F0BD24000020B5814E1B002807DB9B
:1024F40000F01F02400901239340024A42F82030B1
:10250400704700BF00E100E0002808DB0901C9B200
:1025140000F1604000F5614080F80013704700F05E
:102524000F000901C9B2014B1954704714ED00E0C2
:1025340000B500F00700C0F1070CBCF1040F28BF80
:102544004FF0040C031D062B0FD9C31E4FF0FF3EA2
:102554000EFA0CF021EA000199400EFA03FE22EA79
:102564000E0241EA02005DF804FB0023EEE70000DE
:10257400074AD36823F4E0631B041B0C000200F435
:10258400E060034343F0BF6343F40033D360704718
:1025940000ED00E010B50446054BD868C0F30220F6
:1025A400FFF7C6FF01462046FFF7AEFF10BD00BF90
:1025B40000ED00E008B5FFF799FF08BD0138B0F160
:1025C400807F0BD24FF0E0235861054AF02182F856
:1025D40023100020986107221A6170470120704778
:1025E40000ED00E010B504460E4B1A784FF47A73F0
:1025F400B3FBF2F30C4A1068B0FBF3F0FFF7DEFF15
:1026040068B90F2C01D901200AE0002221464FF0BD
:10261400FF30FFF7BFFF054B1C60002000E00120E6
:1026240010BD00BF1C00002024000020200000205A
:1026340008B50B4B1A6842F400721A601A6842F427
:1026440080621A601A6842F480721A600320FFF7ED
:102654008FFF0F20FFF7C6FFFEF7C0FB002008BD69
:10266400003C0240034A1168034B1B780B4413607F
:10267400704700BF680100201C000020014B18684F
:10268400704700BF68010020034AD2F8883043F441
:102694007003C2F88830704700ED00E0DFF834D0F2
:1026A400FFF7F2FF0C480D490D4A002302E0D4580D
:1026B400C4500433C4188C42F9D30A4A0A4C002388
:1026C40001E013600432A242FBD300F019F8FEF7D4
:1026D40087F9704700000220000000202800002035
:1026E40068D70308280000206C010020FEE702449C
:1026F4000346934200D1704703F8011BF9E7000039
:1027040070B50D4D0D4C641BA4100026A64209D1D2
:102714000B4D0C4C00F018F8641BA4100026A642C4
:1027240005D170BD55F8043B98470136EEE755F8DE
:10273400043B98470136F2E760D7030860D70308E3
:1027440060D7030864D70308F8B500BFF8BC08BC19
:102754009E467047F8B500BFF8BC08BC9E4670475B
:10276400000100000001000000010000409C000086
:10277400409C0000409C000053696E65000000000E
:10278400536177746F6F746800000000547269615C
:102794006E67756C617200005069616E6F000000B5
:1027A40047756974617200004472756D0000000021
:1027B40000000300060009000C000F0012001500C1
:1027C40019001C001F002200250028002B002E00E9
:1027D4003200350038003B003E0041004400470011
:1027E4004B004E005100540057005A005D00600039
:1027F400640067006A006D00700073007600790061
:102804007D0080008300860089008C008F00920088
:10281400960099009C009F00A200A500A800AB00B0
:10282400AF00B200B500B800BB00BE00C100C400D8
:10283400C800CB00CE00D100D400D700DA00DD0000
:10284400E100E400E700EA00ED00F000F300F60028
:10285400FA00FD0000010301060109010C010F014A
:102864001301160119011C011F0122012501280170
:102874002C012F013201350138013B013E01410198
:10288400450148014B014E015101540157015A01C0
:102894005E016101640167016A016D0170017301E8
:1028A40077017A017D0180018301860189018C0110
:1028B4008F018C0189018601830180017D017A01E8
:1028C4007701730170016D016A016701640161019F
:1028D4005E015A015701540151014E014B01480157
:1028E400450141013E013B013801350132012F010F
:1028F4002C012801250122011F011C0119011601C7
:1029040013010F010C010901060103010001FD007F
:10291400FA00F600F300F000ED00EA00E700E4003E
:10292400E100DD00DA00D700D400D100CE00CB00F6
:10293400C800C400C100BE00BB00B800B500B200AE
:10294400AF00AB00A800A500A2009F009C00990066
:10295400960092008F008C0089008600830080001E
:102964007D0079007600730070006D006A006700D6
:10297400640060005D005A005700540051004E008E
:102984004B004700440041003E003B003800350046
:1029940032002E002B002800250022001F001C00FE
:1029A4001900150012000F000C00090006000300B6
:1029B400C800CC00D100D600DB00E000E500EA004E
:1029C400EE00F300F800FD00010106010B010F0108
:1029D400140118011D01210126012A012E013201D1
:1029E40036013A013E01420146014A014E015101BC
:1029F400550158015B015F016201650168016B01CA
:102A04006D0170017301750177017A017C017E010A
:102A140080018201830185018601880189018A017F
:102A24008B018C018D018E018E018E018F018F012E
:102A34008F018F018F018E018E018E018D018C011A
:102A44008B018A0189018801860185018301820144
:102A540080017E017C017A017701750173017001A7
:102A64006D016B016801650162015F015B01580141
:102A7400550151014E014A01460142013E013A010C
:102A8400360132012E012A01260121011D011801FE
:102A940014010F010B0106010101FD00F800F30010
:102AA400EE00EA00E500E000DB00D600D100CC0037
:102AB400C800C300BE00B900B400AF00AA00A5005E
:102AC400A1009C00970092008E0089008400800081
:102AD4007B00770072006E006900650061005D0094
:102AE4005900550051004D004900450041003E0089
:102AF4003A003700340030002D002A00270024005B
:102B040022001F001C001A001800150013001100F9
:102B14000F000D000C000A00090007000600050064
:102B24000400030002000100010001000000000095
:102B34000000000000000100010001000200030089
:102B4400040005000600070009000A000C000D003F
:102B54000F0011001300150018001A001C001F00BC
:102B64002200240027002A002D0030003400370002
:102B74003A003E004100450049004D005100550017
:102B840059005D006100650069006E007200770005
:102B94007B008000840089008E00920097009C00D6
:102BA400A100A500AA00AF00B400B900BE00C30094
:102BB40000000100030004000600070009000A00E9
:102BC4000C000E000F001100120014001500170075
:102BD40019001A001C001D001F0020002200230001
:102BE4002500270028002A002B002D002E0030008D
:102BF4003200330035003600380039003B003C0019
:102C04003E004000410043004400460047004900A4
:102C14004B004C004E004F00510052005400550030
:102C2400570059005A005C005D005F0060006200BC
:102C340064006500670068006A006B006D006E0048
:102C440070007200730075007600780079007B00D4
:102C54007D007E0080008100830084008600870060
:102C640089008B008C008E008F00910092009400EC
:102C74009600970099009A009C009D009F00A00078
:102C8400A200A400A500A700A800AA00AB00AD0004
:102C9400AF00B000B200B300B500B600B800B90090
:102CA400BB00BD00BE00C000C100C300C400C6001C
:102CB400C800C900CB00CC00CE00CF00D100D200A8
:102CC400D400D600D700D900DA00DC00DD00DF0034
:102CD400E100E200E400E500E700E800EA00EB00C0
:102CE400ED00EF00F000F200F300F500F600F8004C
:102CF400FA00FB00FD00FE000001010103010401D4
:102D04000601080109010B010C010E010F0111015B
:102D1400130114011601170119011A011C011D01E7
:102D24001F012101220124012501270128012A0173
:102D34002C012D012F0130013201330135013601FF
:102D440038013A013B013D013E014001410143018B
:102D540045014601480149014B014C014E014F0117
:102D64005101530154015601570159015A015C01A3
:102D74005E015F016101620164016501670168012F
:102D84006A016C016D016F017001720173017501BB
:102D9400770178017A017B017D017E018001810147
:102DA400830185018601880189018B018C018E01D3
:102DB400390FC800C800C800C800C800C800C8004F
:102DC400C800C800C800C800C700C700C700C800C2
:102DD400C800C800C700C800C800C700C800C700B2
:102DE400C800C700C800C800C700C700C700C700A4
:102DF400C700C700C800C700C800C800C800C80092
:102E0400C800C700C800C800C700C800C700C70082
:102E1400C700C800C800C700C800C800C7008D00AC
:102E24002700C700FB00AC00AC00FC000D019C00B7
:102E34009B000101FD00AA00C600340114019300A7
:102E4400C2006401410174001A009500EE0095006F
:102E54007E00D700FC00B7009600F3000C01AF0021
:102E6400AB0001011F01BA00B10048016801BC00B8
:102E740025005D00C6009E007A00C200FE00BE0070
:102E84008300CB000301C0009800E9002501CD00B8
:102E94008E00FD006101FF005F006300C200BE0000
:102EA4008C00B600FB00D3009000C1000B01DC00D5
:102EB4009200CA002201EE009200D30056012F01B5
:102EC4008E0054009D00B6008D00A400EA00DB00D3
:102ED4009100A600F600E5009400AE001301050180
:102EE4009900A00024014201C20069009700C000BB
:102EF4009D009E00DF00E900A600A100EF00FA009B
:102F0400A8009A00F9001601B6009200FE004801DC
:102F1400EF0081008800B3009D009200CC00ED001A
:102F2400B3009200D300FA00B8008E00DB00180151
:102F3400D1008A00CE0030010B01A2008E00B40043
:102F4400A9009200C000F000C9009600C40001016D
:102F5400D7009300BC000E01EF009B00B4001A01DF
:102F64002101C3009300AB00AA008D00AC00E9006E
:102F7400D7009800AA00F200E7009B00A400FC0020
:102F84000401AE009C00F5002101DE00A200AD00AA
:102F9400B30092009F00E100E700A8009C00E3005A
:102FA400F900B3009800E1000C01CB009900D700B0
:102FB4001C01FA00B600AD00B40093008C00CB00F5
:102FC400EE00BB009300C800F800C8009600C600DD
:102FD4000701E300A000BC0006010401C900B5001C
:102FE400BD00A0008900BA00EF00CF009700B50033
:102FF400F300DE009F00B100F800F500B100AE0060
:10300400F1000701DB00C000C600AB008500A20090
:10301400E500DF00A200A300E100E800AA00A00090
:10302400E300FD00C600A800D600FC00E300C700D2
:10303400CB00B9008E009600D600E800B3009F00D4
:10304400D400F000BD009B00CE00FE00DC00AC000C
:10305400C400F200EC00D200D000C50097008B0041
:10306400C300EA00C3009B00BE00EC00CF00A00038
:10307400BB00F400EA00B700B700E100EA00D500A5
:10308400D300D100A8008900B200E900D600A30053
:10309400B000E000DB00B200B400DC00E800CD00CA
:1030A400BE00CE00DD00E000E000D300AB009100E4
:1030B400AB00D600D500B500B200D000D700BD00EB
:1030C400B400CE00E100D400C500C900D200D9008C
:1030D400E200DF00BC0095009D00CA00D900BF00DB
:1030E400B000C800DA00C800B600C500DB00D80094
:1030F400C900C900CE00D200DF00EA00D200A1005E
:103104009200B800D800C900B200BE00D500CE00BD
:10311400BA00BE00D200D800CF00CB00CB00CA005A
:10312400D600EA00E200B3009300A900D000D10069
:10313400B900B900D000D300C000BA00C900D4005F
:10314400D200CE00CC00C700CE00E500ED00C800E0
:103154009C009E00C400D300C100B600C700D2008A
:10316400C700BB00C100CD00D100D100D000C70012
:10317400C500D900ED00DB00AD009C00B700D10014
:10318400C900B900C200D100CB00BE00BF00CA0014
:10319400CD00CF00D100CC00C400CE00E700E60093
:1031A400BF009F00AA00C800CD00BE00BF00CC0035
:1031B400CE00C300BF00C700CC00CE00D100D000B9
:1031C400C500C500DC00EB00D000A800A500C000CD
:1031D400CD00C200BE00CA00CF00C600C200C700B6
:1031E400C900C900D100D500C900C100D200E9005E
:1031F400DD00B500A300B500C800C500BE00C600D0
:10320400CC00C800C100C400C800C700CD00D50070
:10321400CE00BF00C800E200E500C500A800AF0072
:10322400C200C700C100C400CD00CB00C500C70068
:10323400C900C600C900D300D300C400C100D70030
:10324400E600D300B200AA00BB00C500C200C10062
:10325400C800CA00C700C700C900C700C700CF0024
:10326400D500CB00C100CC00E000DD00C000AF0001
:10327400B600C200C300C100C600CA00C800C7002F
:10328400C900C800C500CB00D400D000C400C600EB
:10329400D800DE00CB00B600B400BE00C200C100FE
:1032A400C600CA00C800C600C800C900C500C600E0
:1032B400D000D100C700C100CF00DE00D500BE00A1
:1032C400B400BB00C200C200C500CB00CA00C600E7
:1032D400C700CB00C800C400CB00D200CC00C100A2
:1032E400C900DA00D900C700B800B800BF00C100A7
:1032F400C500CB00CB00C500C500CA00C900C4008E
:10330400C700D100CF00C400C400D400DB00CD004E
:10331400BC00B900BD00BE00C300CD00CE00C70094
:10332400C500CB00CA00C300C400CF00D200C8004F
:10333400C200CD00D900D100C200BB00BB00BB005D
:10334400BF00C900CF00C900C500C900CB00C4003C
:10335400C200CC00D200CA00C300CA00D500D3000A
:10336400C700C000BC00B900BB00C500CE00CC0043
:10337400C700C800CB00C600C200C900D100CE00FF
:10338400C600C700D200D400CB00C300C000BB00FD
:10339400BA00C100CB00CD00C700C700CA00C700F7
:1033A400C200C500CE00CF00C800C600CD00D200C8
:1033B400CD00C700C200BD00B900BE00C800CB00EC
:1033C400C800C600CA00CA00C400C400CC00D000B3
:1033D400CC00C900CC00CF00CE00CA00C500BF009D
:1033E400BA00BC00C600CB00C900C500C800C900B3
:1033F400C600C400C800CD00CD00CA00CB00CC007C
:10340400CE00CC00C700C100BB00BC00C300C90093
:10341400CA00C700C800CA00C700C400C600CC0068
:10342400CD00CB00C900CB00CD00CD00CA00C40044
:10343400BE00BD00C100C700C900C800C900C90062
:10344400C800C500C600CA00CD00CC00C900C80031
:10345400CA00CC00CA00C500C000BD00BF00C40043
:10346400C900CA00C900C900C900C700C500C80016
:10347400CD00CD00CA00C700C900CC00CC00C800F4
:10348400C200BF00BF00C200C700C900C800C90015
:10349400CA00C900C600C700CB00CD00CA00C700DF
:1034A400C800CA00CC00CA00C600C100BF00C200E8
:1034B400C600C800C700C800CA00C900C600C600CC
:1034C400CA00CD00CB00C800C700C900CB00CA00A9
:1034D400C700C400C100C100C500C800C700C600C1
:1034E400C900CA00C700C500C800CD00CD00C9008E
:1034F400C700C900CA00CA00C900C600C200C10092
:10350400C400C800C700C600C800C900C700C40082
:10351400C600CB00CD00CA00C800C900C800C9005D
:10352400CB00C900C300C100C400C800C700C50067
:10353400C800CA00C700C300C500CA00CC00CA0046
:10354400CA00C900C800C800CB00CB00C500C10038
:10355400C300C700C700C500C700CA00C800C40034
:10356400C300C700CA00CB00CA00C900C900C80014
:10357400CA00CB00C800C400C300C600C700C50011
:10358400C600C900C900C600C400C700C900C900FC
:10359400CA00CB00C800C700C800CB00CA00C500E1
:1035A400C400C600C700C500C600C900C900C700E2
:1035B400C600C600C700C700C900CB00CA00C700C8
:1035C400C600CA00CA00C600C500C700C700C400C0
:1035D400C500C800C900C700C700C900C900C800A9
:1035E400C800CA00CB00C700C600C900CB00C80091
:1035F400C500C500C700C500C400C600C800C70098
:10360400C600C900CA00C800C700C900CB00C80072
:10361400C500C700CB00CA00C700C600C600C6006C
:10362400C500C500C600C600C700C800C900C9005F
:10363400C700C800CA00C900C600C600CA00CB0043
:10364400C800C600C700C800C600C500C600C80040
:10365400C700C700C900C900C700C600C900CB0025
:10366400C800C500C700CB00CA00C600C600C80019
:10367400C800C600C500C700C800C700C800C9000C
:10368400C700C500C700CB00C900C500C600CB00F9
:10369400CC00C800C600C700C800C600C500C600EC
:1036A400C700C700C800C900C700C400C500C900DE
:1036B400C900C600C500CA00CC00C900C700C800C4
:1036C400C900C600C500C700C800C700C700CA00BB
:1036D400C900C500C300C800CA00C700C500C800AF
:1036E400CB00CA00C700C800C800C800C600C70095
:1036F400C900C700C600CA00CB00C600C300C6008C
:10370400CA00C800C500C600CB00CB00C800C70073
:10371400C900C800C600C600C800C800C600C8006A
:10372400CB00C800C300C500C900C900C500C6005D
:10373400CA00CA00C700C700C900C900C600C50046
:10374400C800C800C600C800CA00C900C500C5003A
:10375400C900C900C600C600C900CA00C700C70026
:10376400C900C900C600C500C700C800C600C7001C
:10377400C900C900C600C500C800CA00C800C70007
:10378400C900CA00C800C700C800C800C700C600F6
:10379400C700C700C600C700C900C900C600C500ED
:1037A400C700C900C800C700C900CA00C700C600D6
:1037B400C700C900C800C700C700C800C800C800C7
:1037C400C900C800C700C600C600C700C700C800BB
:1037D400C900C900C800C700C600C700C700BD00B3
:1037E400C200CA00C600C200C900CD00C800C4009F
:1037F400C600CB00C700C600CE00CE00C800C5007E
:10380400CE00D400C700BC00BF00C900C900C2007C
:10381400C700CC00C900C500C700CD00C800C40063
:10382400CA00CE00CA00C400CB00D300CB00BF0046
:10383400BC00C400C700C400C600CB00CA00C4005A
:10384400C500CB00CA00C500C700CD00CC00C40031
:10385400C600CF00D000C400BD00C300C800C6002D
:10386400C600CB00CC00C600C500CB00CC00C50010
:10387400C400CB00CD00C600C400CD00D100C800F8
:10388400BE00BF00C500C500C500C900CB00C6000E
:10389400C300C900CC00C600C300CA00CF00C800E2
:1038A400C200C800D000CC00C200C000C500C600E1
:1038B400C500C800CB00C800C300C700CC00C900C5
:1038C400C300C700CE00CC00C300C600CF00CE00AA
:1038D400C500C000C300C500C300C600CB00C900BA
:1038E400C300C500CB00CA00C300C500CE00CD0094
:1038F400C500C400CC00CF00C800C200C400C6008C
:10390400C400C600CB00CA00C400C400CB00CC0075
:10391400C500C400CC00CF00C700C300CA00D0005B
:10392400CA00C400C400C500C300C300C900CB0062
:10393400C500C200C900CC00C600C300C900CF0046
:10394400C800C200C700CE00CC00C600C500C70036
:10395400C400C200C800CC00C800C300C700CC002B
:10396400C900C400C700CD00CB00C400C500CB0013
:10397400CD00C800C600C600C400C200C600CA000C
:10398400C800C300C500CB00CA00C500C600CC00F7
:10399400CD00C600C400C800CB00C900C700C700E2
:1039A400C500C300C500CA00C900C400C400CA00E1
:1039B400CC00C600C400CA00CD00C900C400C600C3
:1039C400CB00CA00C800C700C600C300C400C900B9
:1039D400CA00C600C400C900CC00C800C500C800A5
:1039E400CC00CA00C500C500C900CB00C800C70090
:1039F400C600C400C300C700CA00C700C400C60094
:103A0400CB00CA00C600C600CB00CB00C600C50070
:103A1400C900CB00C900C800C700C500C300C50069
:103A2400C900C800C400C400CA00CB00C600C4005A
:103A3400C900CC00C800C500C700CB00CB00C9003A
:103A4400C800C600C300C400C800C900C500C40043
:103A5400C900CB00C700C400C600CA00C900C60024
:103A6400C600C900CC00CB00C900C700C400C40014
:103A7400C700C800C700C600C700CA00C900C60006
:103A8400C600C800C900C700C600C700CA00CC00F1
:103A9400CB00C800C500C400C600C800C700C500EC
:103AA400C700C900C900C600C500C700C900C800D6
:103AB400C700C700C900CB00CB00C900C600C400C2
:103AC400C600C800C700C500C600C900C900C700B9
:103AD400C600C700C900C800C700C700C800C900A5
:103AE400CB00CA00C700C400C500C700C700C60099
:103AF400C600C800C900C800C600C700C800C90085
:103B0400C800C800C800C800CA00CB00C800C5006F
:103B1400C400C600C700C600C600C700C800C8006D
:103B2400C700C700C800C800C900C900C800C70052
:103B3400C900CB00C900C500C500C600C700C60047
:103B4400C600C800C800C700C700C700C700C70038
:103B5400C800C900C800C700C800CA00CA00C7001E
:103B6400C500C600C600C600C600C800C900C7001C
:103B7400C600C700C800C700C700C900CA00C80003
:103B8400C700C900CA00C800C600C600C600C600F7
:103B9400C600C800C900C800C700C800C800C700E4
:103BA400C600C800C900C900C800C900CA00C900CD
:103BB400C700C600C600C600C600C700C800C800CB
:103BC400C700C700C800C700C600C700C800C900B6
:103BD400C700C700C900CA00C800C600C600C700A5
:103BE400C700C700C800C800C700C700C900C80094
:103BF400C600C600C800C900C700C600C800CA0085
:103C0400C800C600C600C600C600C700C800C90078
:103C1400C700C700C800C900C700C600C700C90064
:103C2400C800C700C800CA00C900C700C600C70052
:103C3400C700C700C800C900C800C700C700C80043
:103C4400C800C600C600C900C900C700C700C90033
:103C5400CA00C700C600C700C700C600C600C90026
:103C6400C900C700C500C700C900C700C600C80016
:103C7400CA00C900C700C800C900C800C600C60001
:103C8400C700C700C600C800CA00C800C600C700F5
:103C9400C900C800C600C700CA00CA00C700C700E0
:103CA400CA00C900C600C600C700C700C500C700D7
:103CB400CA00C900C600C600C900C800BE00420050
:103CC4009300C200B200D8000601C500B600B600D9
:103CD4008F00BE001A010A019200A400F20008013C
:103CE400FF00190104019C00A90085006000B500D3
:103CF4001101F5009000AC00E000AD00A500E0006B
:103D0400EF00F100E500A300B20020015201E80039
:103D1400A100D200B20067007A00AA00C400E0004B
:103D2400DC0094008300D800EF00B500C400EC0070
:103D3400CB00B600D900F20000011301DD007D00C4
:103D44009000CE00A6008800DE001201D000990089
:103D5400A600BC00DF00F600C700AB00E900FC00D1
:103D6400BE00CB0019010A01BC009C008E00850036
:103D7400B800DD00B700B300E300C6008300A8006C
:103D8400F300EC00C700BD00B200C800FD00F40061
:103D9400CC00E900F90097005D00A500E500D6001D
:103DA400CC00CF00BA00BC00CA00B300BB00F900CD
:103DB400F200A300A400EC00FE00EC00EE00D3002F
:103DC400A800AB00A4008300AE000101EB009B003F
:103DD4009E00C900C500C200D000C600CB00DC00B4
:103DE400BC00A900F5002501DD009F00B500B60068
:103DF4009900AF00D500D600DC00D3009F009C00E2
:103E0400E100EE00B700B700DA00CE00C500E20022
:103E1400EC00EC00F900CB0079008800D300CF005F
:103E2400AB00CA00E500C300AB00B100B600D5008A
:103E3400ED00BF009C00D200F800D500D100F800CE
:103E4400E400AA009C00A100A900D800EF00C20071
:103E5400B000D500CA009D00B500E500DB00C60037
:103E6400C100BA00D4000801F700B900C100D900AC
:103E7400A5008100B700E600D900C900B900A70079
:103E8400BF00DB00C000B100DD00E200AE00B40002
:103E9400EB00F400E200D900B9009C00B300C200BA
:103EA400AD00C400F500DC00A000AB00CD00CD00E7
:103EB400CF00D000BD00C400E400D200BD00ED007E
:103EC4000C01CA009300A900BA00B500C600CF00D7
:103ED400C100CB00CF00A800A600E000E900B800B4
:103EE400B600D400D000D100E800E000CE00D60037
:103EF400BF008D00A200DE00D600B400C600D500CD
:103F0400C000BC00C300BE00D100E700C100A30094
:103F1400D9000201DC00C600DB00CD00A900A90025
:103F2400AF00B200D600E500B700A800D100D2006F
:103F3400B500C000D600D000C600C500C900E0002E
:103F4400F300DC00B600B300BE00B300A700B90064
:103F5400D900E000C900B200B900D300D700C10005
:103F6400BA00CD00DB00CF00C700DA00EE00E200AB
:103F7400BE00A500AB00BB00BD00BA00C600D70060
:103F8400D100BB00B300C300D500D000C000BE0008
:103F9400D100DB00D400D100DD00DF00C300A300AA
:103FA400A100BC00D000CA00C300CA00D400C800ED
:103FB400B600BA00D100DB00C900BA00C700DE00B9
:103FC400E400D700CE00CD00C500B100A300B100CD
:103FD400CD00D700CA00BE00C400CA00C200BB00A6
:103FE400C300D300D300C400C100D500E600DD0047
:103FF400C600BD00C000BA00AD00B200CA00DE00B9
:10400400D500BE00B900C600CF00C400BD00C90081
:10401400D600D100C800CE00DE00E300D000B70017
:10402400B100BC00BF00BB00C100D100D500C60078
:10403400B700BA00CA00D000C500BD00CA00D6004F
:10404400D000CA00D400DE00D200B900AC00B50034
:10405400C600CA00C400C700D300D000BF00B90026
:10406400C500D100CE00C200BF00CE00DD00DA00E2
:10407400CD00CD00D100C300AE00AE00C200D2001E
:10408400CF00C500C300CC00CB00BE00BC00C900FB
:10409400D100C600BE00CA00DB00DD00D000C400B1
:1040A400C100C100B900B200BC00D000D700CB00F1
:1040B400C000C400CD00CB00C000BE00C900D100C8
:1040C400CB00C600D300DF00D700C300B900BD0099
:1040D400C000BC00BC00C800D600D200C100BD00B6
:1040E400C600CA00C300BF00C600D000D200CD0085
:1040F400CC00D400D600C700B600B600C000C5008E
:10410400C400C600CE00D400CD00BE00BB00C70072
:10411400CC00C500C200CD00D600D200CB00CC003C
:10412400D000CB00BC00B300BA00C800CB00C7006D
:10413400CB00D100CC00BF00BA00C100CC00CD0040
:10414400C700C600D000D700D100C900C800C8000D
:10415400BF00B500B600C400D100D100C700C5003F
:10416400CA00C600BD00C000CB00D100CC00C60010
:10417400CB00D500D600CC00C200C200C200BB00F8
:10418400B800C200D000D200CA00C200C300C700F9
:10419400C700C200C400CD00D100CC00AC00630055
:1041A400B300D200AB00A300CA00ED00C100C200FE
:1041B400E700F400D500D500F800DA00AC00E20016
:1041C40043012301A2005A008B00C3009D00950007
:1041D400C000E100D100B900D900EA00D100D90043
:1041E400EC00E900BD00CC002C013601D0006B00CE
:1041F4007300AA0098008600AB00D900D000B1007B
:10420400C500DD00CE00C400DE00EF00C800B3002E
:10421400F3002B01FA009A008400AA00B3009F0067
:10422400AE00D200D500BF00CD00E500D500BB0034
:10423400D400F500DA00B300DC0028011701B50052
:104244007C009500AB009D00A200C000CB00B9002B
:10425400C000DB00D600BB00C100E600E100B300F3
:10426400BA0004012101DD0094009200AC00AB000F
:10427400AC00BE00CA00BF00C500E000E000C20000
:10428400BE00E300EB00BE00AC00EC002501FD0025
:10429400AB009000A200A600A000B200C600C000BF
:1042A400B800CC00DC00C900BB00D600ED00CD0096
:1042B400A200C3000A010F01CF00A100A300A800BF
:1042C400A300B000C600C700BE00CB00DD00D000D4
:1042D400BB00CC00F000E300B300B500F200110114
:1042E400E800B600A900A8009F00A600BD00C40015
:1042F400BA00C100D900D500BA00B900E100EE004F
:10430400C600AB00D1000001F400C500B000AF004E
:10431400A700A700B900C300BA00BC00D700E000A2
:10432400C500B400D200EE00D700B600C900F60004
:10433400FA00D500B900B100A500A200B600C6007D
:10434400B900AF00C800E300D100B300C000E6002C
:10435400E100BC00BA00E600FC00E200C200B300C9
:10436400A900A300B400C800C000AF00BE00DE0076
:10437400D900BA00BA00D900E300C700BB00DA00D4
:10438400F800EE00D100BD00AC009D00A800C500FF
:10439400C900B400B400D300DC00C200B500CF00F3
:1043A400E500D200B800C500E700F100E000CA0053
:1043B400B5009F00A000BC00CB00BD00B400CA0043
:1043C400DE00CC00B600C400E300E000C100BB0086
:1043D400D700EE00E900D600C100A9009D00AF009F
:1043E400C500C100B400C000D700D100BA00BB00B2
:1043F400D900E400CD00BC00CA00E000E400DC0009
:10440400CF00B600A200AB00C300C400B500BA00E0
:10441400D400DA00C100B500CA00E200D900C5002A
:10442400C600D700DF00DC00D500C200AB00AA0044
:10443400BF00C600B500B000C900DB00C900B5006C
:10444400C000DA00DC00CB00C700D300DA00D900DA
:10445400D800CB00B200A800BA00CB00BE00AF0069
:10446400BE00D800D300BB00B900CF00DA00D000F2
:10447400CA00CF00D600DB00DE00D400B700A400E1
:10448400B200CC00C900B500B500CC00D500C30013
:10449400B900C600D400D100CA00CD00D100D700B5
:1044A400DF00DF00C400A500A700C200CD00BE00ED
:1044B400B600C600D400C900BA00C000D100D300C1
:1044C400CC00CB00CE00D100DC00E600D600B30067
:1044D400A300B500C800C200B700BF00D100D000DF
:1044E400BF00BA00C700D100D100CD00CB00CA0084
:1044F400D500E500E300C300A900AF00C200C4007A
:10450400B900BD00CE00D400C700BD00C200CA007F
:10451400CE00D000CF00C900CB00DB00E600D10004
:10452400B300AB00BC00C600BB00B500C300D300A1
:10453400CE00C100C000C700CB00CF00D200CC0029
:10454400C600D200E200DB00BC00AE00BB00C80025
:10455400C000B500BE00CE00D100C800C200C40037
:10456400C700CC00D300D100C800CD00DD00DE00C0
:10457400C600B200B800C700C500B900B900C50044
:10458400CB00C800C600C600C300C600D000D300DC
:10459400CB00C900D800E000CF00B400B100C300D4
:1045A400CB00C200BC00C100C700C900CA00C800DB
:1045B400C400C400CD00D300CC00C800D200E10088
:1045C400D700BB00AF00BC00C900C600BF00C200DA
:1045D400C600C600C600C900C600C200C800D1009B
:1045E400CF00C600CA00DB00DE00C800B300B5007F
:1045F400C300C700C300C400C700C800C800C90086
:10460400C500C100C600D100D100C700C500D30059
:10461400DE00D300BD00B600BE00C400C200C2006C
:10462400C600C800C900CA00C700C000C000CD0051
:10463400D400CB00C100C900DA00D900C500B7001E
:10464400BC00C500C300C200C500C700C700CB0042
:10465400CC00C300BE00C800D300CF00C400C70014
:10466400D600DB00CD00BE00BC00C300C500C40002
:10467400C300C200C300C900D000C900A200DB000F
:10468400BF00C000EF00A000CA00F900AE00DE00C9
:10469400C1009A00F400B200BD00E8009B00D20003
:1046A400E600B100E800B400B000EE00A200CB00C8
:1046B400ED00AD00E800CA00A600E200AA00BF00B9
:1046C400ED00A800D100C900A900F900C100AD00A7
:1046D400EB00B200CA00CE00A000EF00D700B40087
:1046E400E100A100BC00E500A700D900D000A500AE
:1046F400E600BE00BB00E400AE00DD00DC009C0070
:10470400DE00C900BB00F300B700C300D1009B006A
:10471400DC00D400AF00E000B100C500EE00A4004E
:10472400CA00DC00B800E600B800B100EA00B60038
:10473400D200DB009C00D100C400B000E600B4004D
:10474400C100E400AE00D400CA00AE00ED00C20017
:10475400BB00E900B300CE00D900AF00DE00BA0010
:10476400AA00E400B400C300D900AC00E100D10009
:10477400A700DD00BE00C600E300AF00DA00DA00E7
:10478400AD00DE00BA00AC00DD00B500CA00D20006
:10479400A400DB00D000B700E100B400C400E300D3
:1047A400AD00D500D900B900E500C100BB00D600BA
:1047B400A300CB00DF00AE00D300BE00B700E800CA
:1047C400B900C300DA00B300DB00CC00B400E80099
:1047D400C400C600E200A700BE00CA00B400E100A5
:1047E400BE00B400DF00B400C800D600AE00DC0098
:1047F400CD00B400E000BF00C800E000B600D30064
:10480400C400A600DB00C400BD00DB00B400CE0081
:10481400D400AF00D700C600BD00E100B900CA0053
:10482400DC00B600DA00CE00AF00D100B900C5004C
:10483400DA00AE00CE00D500B600D800BD00BB0043
:10484400DE00B900CB00D600B900DB00C900BC0013
:10485400DB00B200BF00DA00B600CD00C800B7002C
:10486400DC00C100C000D800B300CD00D300B80004
:10487400DB00C700BF00E100BC00C100CC00B700F2
:10488400DB00C700B100D700BF00C400D700B500EB
:10489400CF00CD00B600D600C200C300DE00BD00CC
:1048A400CF00CF00AE00D300CA00BC00D500B900D1
:1048B400C600D300B600D600CD00B800D600BE00B6
:1048C400C300D700B900D300D600B800CD00BC00A7
:1048D400C300DD00B700C500D200B700D300C70095
:1048E400BE00DA00BE00C500D300B600D100D0007F
:1048F400C400D200BF00BD00CE00C600C900C9007C
:10490400C200C600C600C500CC00CA00C400C8006E
:10491400C900C800C800C800CE00CF00C300BF0053
:10492400C400C800CD00C700C200C900C600C6004C
:10493400C800C800CA00C700C500C900C700C90034
:10494400CF00CB00C600C200C000C900C900C60029
:10495400C900C6005A007500C900BF00B500CE00EA
:10496400E300B000A800F000D600CD00F700DD00A1
:10497400BE0012015E01C70054006D00BD009C0022
:10498400A400D500E000CA00C500F300D400CB00A9
:10499400DF00E400C5000B014B01E9006800620080
:1049A400A30091009700CE00D600B000C700E80035
:1049B400CE00C200DF00DC00B100EA003C01FF00D1
:1049C40086007D00A600A500AB00D600DA00B30087
:1049D400C800EC00CF00C300ED00E300B600DE0029
:1049E400320111019B00790099009700A600CF00C5
:1049F400CC00AE00C100DD00C600B700E600E80050
:104A0400AD00C60021011301B2008600A000A5007C
:104A1400AA00CE00D400B500CC00E700C700B60061
:104A2400E200E900B400C2001A011A01BE009000BD
:104A34009C009800A400CC00CE00AD00BE00DF00B6
:104A4400C600B300E200EB00AF00AD00FF001601AA
:104A5400D200A000A3009D00A700CF00D300B700A0
:104A6400C600DF00C200B100E300F800BF00AF00E1
:104A7400F7001001D800AB00A1009800A200CB0001
:104A8400D300B200BD00DE00C400AD00D800F400C5
:104A9400C300A800E4000F01E400B500A5009500E0
:104AA400A100CB00D400B800BF00DF00C700A900FC
:104AB400D600FC00CC00AC00DC000601EB00C30017
:104AC400AF0095009500C500D100B400BB00DA002A
:104AD400C800AB00C900F600D600AF00D300FA004E
:104AE400EC00D200B60099009C00C300D200B500CF
:104AF400BA00E300D000A800C300EF00DB00B4005C
:104B0400CA00F800F200D700C1009D009800C00060
:104B1400CF00B400B000D700D700AE00BC00EC005A
:104B2400D900B400C400E500EB00DE00CB00A60011
:104B34009400C000D900B700B300DA00D600AC007E
:104B4400B300E800E600BC00C400E200E300E000BB
:104B5400D100AB009700B400D300BB008A00DB0097
:104B64000001A500A700FD00DD008D00B700FD00D9
:104B7400DF00D8000201C5006800A100FB00D200DC
:104B8400A100E200F5009A009100EF00E600A70002
:104B9400C700F800D400C300F400D1007600A200DE
:104BA400FC00CB008B00D4000601B6009400E300A7
:104BB400EB00A400B700EC00CB00BF00F800DD0060
:104BC4007B008F00F100D4008F00CF000301B800F8
:104BD4009C00E700EE00AB00BB00F400CE00B50083
:104BE400F500E40081009000F000D7008D00BE00C5
:104BF400FB00BC009800E100F400BA00C000E7002C
:104C0400C700B600F700F4008C008200DB00D60079
:104C14009900C200F900C2009500D100EA00B50075
:104C2400C500FB00D300AC00E900F9009D0085003D
:104C3400DD00DE009200B200F800CB009B00D00043
:104C4400EA00B500B800EC00CF00B100F80008019C
:104C54009D007C00D300E1009E00B600F700CD006B
:104C64009900C900E200B400C000F200CE00A40024
:104C7400E3000901B6008800CB00DC009F00AF0010
:104C8400EE00D500A300C400E100BB00BB00EB00B4
:104C9400D300A800DC000601B8008500C800E900C4
:104CA400A800A800EC00DB00A500C200E000BA00E8
:104CB400B900F200E100A500D0000801C40084009E
:104CC400BB00DF00AE00AD00E700D900A300C000C8
:104CD400DF00B700B600EC00DC00AA00D200090136
:104CE400CE008A00B700DA00AB00AB00E700E300B7
:104CF400B500C000D900B600B000EC00E700A90080
:104D0400C2000201DD009900B200DA00B700A6007B
:104D1400D400D500AE00C500E400BF00AE00DF0043
:104D2400E600AB00BB000101E2009900B000DA002C
:104D3400BA00AA00D900DF00AC00B700DC00BF0055
:104D4400B400EA00EC00AC00B300F500E700A300F7
:104D5400AD00D300B800AF00D800D700B400C00045
:104D6400DE00BE00A800DD00EF00B800B700EE00D2
:104D7400E500AA00AB00CF00BB00AA00D500E0000C
:104D8400B700BD00DD00C600AC00D700F200BC00D7
:104D9400AE00ED00EF00B000AB00CC00BD00AA00F7
:104DA400CE00DB00B300BC00E400C500A500D500C4
:104DB400F500C300AC00E200F000B800B000CC0085
:104DC400B500A700CF00DE00BA00B900D900C700C3
:104DD400AE00CE00E700CB00BD00D600E300CE005D
:104DE400BA00BD00BD00B900C200C600C100C800C1
:104DF400CE00C300B800C700DC00D200C100CE0062
:104E0400DE00D400C100B900BC00C100C800CC0061
:104E1400C400C100C700C300BD00C800D600D30051
:104E2400C700CB00D800D300C300BD00BC00C00045
:104E3400C600C900C700CA00CD00C300B300BE004D
:104E4400D500D300C500C800D700D800C700BD00F6
:104E5400BB00BE00C800CA00C500C500CD00CC0020
:104E6400C000C100D000D100C500C600D000D300EE
:104E7400CA00C300C100BF00C300C700C300C30011
:104E8400CC00C900BD00C100D400D700C700C500D4
:104E9400D000D200C900BF00B900BE00CA00CE00D5
:104EA400C600C100C800C800BE00BE00CE00D600C7
:104EB400CE00CA00CE00D100CE00C600BE00BA00AB
:104EC400C000C900C700C600CC00CB00BF00BB00B7
:104ED400C900D300CC00C700CF00D600CF00C50066
:104EE400BC00BC00C400CB00C600BF00C600CC00A0
:104EF400C500BE00C900D200CE00C700CA00D2005F
:104F0400D300CD00C200B900BE00C900C900C5006D
:104F1400C800CA00C100BB00C600D200CE00C60053
:104F2400CA00D100D200CB00C200BF00C200C7003B
:104F3400C400BF00C500CC00C700C000C600D0003C
:104F4400CF00C700C700CB00CE00CE00C800C00011
:104F5400C100CA00CB00C400C200C700C400BE0028
:104F6400C400D000D000C900C900CD00CD00CB00E2
:104F7400C600BE00C000C900CC00C700C700CD00F9
:104F8400C800BD00BF00CB00CD00CA00C800CA00E5
:104F9400CD00CF00CB00C000BC00C400CA00C600D6
:104FA400C600CC00CB00C400C200C800CB00C600C1
:104FB400C500C900CC00CE00C900C200C200C700B1
:104FC400CA00C600C400C900CA00C500C600CC009F
:104FD400CE00C900C400C600C900CD00CB00C1008A
:104FE400BD00C400CA00CA00C900C900C800C4008A
:104FF400C400C700CA00CC00CA00C700C800CC0067
:10500400CA00C200BF00C400C700C500C700CB006F
:10501400CB00C700C800C900CA00C900C800C60048
:10502400C900CE00CD00C400BF00C300C700C80043
:10503400C800C800C500C300C700BD002900D200D5
:10504400CA006200BD002501BF007B00E400E90046
:10505400E4001201F800D7003D01080139005E00A8
:105064001B01D8005400C5002001960095002701BB
:10507400F7009900F8003601F600DD00AD0050009D
:105084006E00EE00BF007A00E9000A017E00A30072
:105094002001D6008B0015014E01C2007F00AF0035
:1050A40096009D00EE00D1009900E100EB009E0007
:1050B400D1002401CB00A00031012F016E00620059
:1050C400D800B6008700D200D900A000C200EC00CE
:1050D400BC00C100F600D200D8003301E500400056
:1050E4007F00FA00B5008500EE00F9008C00B200E4
:1050F4000D01D100AB00F9000801E000DB00A300C2
:105104006700B000F500A4008700EF00DE00820015
:10511400CD001901BB009E0012011B01B1009A00D1
:10512400B4009D00B700E100B500AB00ED00D20073
:105134009C00DE000201B000C000340101016F00D8
:105144008C00D400A800A300E200CB00A500CB0093
:10515400D900BC00D600EE00C200DB001A01BE007C
:105164005A00AF00F300A7009D00EC00D5009600A4
:10517400D000FF00C100BC00F400ED00DF00E0003F
:105184009D007500C200E7009F00A400F300CA0060
:105194009300E3000201AA00B5001501FF00AE0070
:1051A400A900AE009F00C800E000AC00B000E4001D
:1051B400C000A900F000F600AA00CE002401DE0021
:1051C4007B00A800D000A900B600DD00C000B30039
:1051D400D800CF00B900DB00DE00B900E8000D0103
:1051E400AA007000C600E1009F00B500EF00C100F6
:1051F400A000DF00EC00B900CC00EE00DA00DC0017
:10520400DB0093008400D500DE009C00B900F000B0
:10521400B800A100F200F100A500C5000901E600F4
:10522400B300B900AC00A300D100D600A700BB00B6
:10523400E100BB00B800F100DD00A800E1001501A9
:10524400C6008A00B600C400B100CC00D700AF008D
:10525400B700D800C700C000DF00D100BD00F300D4
:10526400FD009D008900D200D200A700C900E10022
:10527400B100B300E900D800B200D000E600D700C6
:10528400E100CF008E009C00E000CC00A100CE0025
:10529400E500AD00B600F400D400A600D90000017A
:1052A400D400B800B900A500AC00D800CC00B00010
:1052B400CA00D300BB00CF00E800C600B700EC0072
:1052C400FC00C400A000B100BC00BA00C200C700CA
:1052D400C200BF00C600CF00D700CC00BD00D6007E
:1052E400F700DD00A500A300C300C800C200CA0087
:1052F400C800B800C100D400D400C700C600D5005F
:10530400E900E300BA009C00B200CF00C400BD0075
:10531400CE00C700B200CA00DE00C500B500D5004B
:10532400ED00DC00BE00AE00AE00C400CF00C5003E
:10533400C200D300CE00C000CC00D400C000C20024
:10534400EA00EC00C000A700B300BC00C100CB0021
:10535400C900C000C500D000D100CD00C200BF000C
:10536400D500E800D000AC00B000C300C400C40005
:10537400CE00CA00BD00C400D100D100CA00C900DB
:10538400D300E000D900B500A600BC00CC00C400E6
:10539400C700CE00C200BF00D300D300BD00C000D0
:1053A400DD00E600D300BB00AA00AA00C200D200C0
:1053B400C900C500C900C300C500D500D200BC00A7
:1053C400C700EB00E600BE00AB00B000B900C500AA
:1053D400CD00C700C100C800CE00CC00C800C70083
:1053E400CB00DF00E400C900B200B500BF00C1007B
:1053F400C300C800C300C100CB00D100C800C20074
:10540400C700D900E700D500B200AC00C600CF0049
:10541400C300C300C800BD00BD00D000D100C3005C
:10542400C600D700DA00CE00C000B200B400C90044
:10543400D400CF00CC00C800BE00C000CC00C8001F
:10544400BE00CF00E600D800B900B100B900C10029
:10545400C900CD00CC00CA00CB00C700C700CB00F8
:10546400C400C300D900DF00C300AB00B300C10017
:10547400CA00D200D100C400C500D000CD00C500D0
:10548400C500C700CF00DB00CF00B200AE00C300F0
:10549400C800C300CD00D100C300C400D200CF00B7
:1054A400C200C700D300D300CA00BC00AF00B900DB
:1054B400D000D000C500C900CD00C500C600D00092
:1054C400CB00C300D200DD00C900B600B600B900AD
:1054D400C000CC00CF00CA00C700C600C600CC0084
:1054E400CF00C500CA00DC00D700BB00B200BA0080
:1054F400BF00C400CE00CD00C700CA00CC00C60067
:10550400C600CC00CC00D100DA00CA00B200B6005C
:10551400C600C300C300D100CA00B700C400D7004E
:10552400C800C000CE00D800D300C500C300B4003A
:10553400B800D200CF00C300CD00C900C000C8002D
:10554400D100CE00C200CD00D900C700BB00BE0010
:10555400BB00C500CF00CC00C900C300C200C90015
:10556400CA00CB00C600CD00E000CE00B100B700F9
:10557400BE00C000C900D000CE00C500C600CC00EB
:10558400C400C900D000C500CE00DB00C500B400D3
:10559400BB00C800C500C400D300CC00BA00CB00D7
:1055A400D400C400C400CF00D200CC00C300C000AB
:1055B400B900BD00CC00C800C700D100C700C000BE
:1055C400CE00D300CC00C400CC00D200C400BC0088
:1055D400BE00BD00CA00CE00C500C800C700C4009C
:1055E400CA00D000CE00C700CB00D500C600BA0068
:1055F400C200BF00BD00C900CE00C900C300C7007F
:10560400CC00C700CD00D200C700CF00D600C00038
:10561400B300BD00CA00C800C600D000CA00BC0068
:10562400C600CC00C600CB00D100D100CB00C30023
:10563400C300BF00BD00C800C900C800C900C30042
:10564400C700CD00CB00CA00C800CC00D100C70001
:10565400C000C200C500C900C600C400CC00C6001A
:10566400BF00C800CF00CB00C600CD00D400C500E9
:10567400C000C800C000BF00CC00CD00C400C20000
:10568400C700CA00C600CD00CC00C400CD00D000C5
:10569400BF00BC00C900CC00C400C600D100C700D4
:1056A400BA00C600CF00C800C900CD00CF00CC00AE
:1056B400C600C200BE00C300CB00C900C900CA00B6
:1056C400C400C600CB00CA00C900C900CA00C90092
:1056D400C400C300C500C600C800C400C700CE0093
:1056E400C500C000CC00D100C700C200CC00D0006F
:1056F400C300C200C900C300C200CA00C800C4007D
:10570400C600CB00C900C800D000CB00C300CD0048
:10571400CC00BE00C000C900C600C400CC00D1004B
:10572400C100BC00CA00CC00C900CB00CA00CB0039
:10573400CB00C600C200C300C700C600C200CB0035
:10574400CC00C200C600CC00C800C800CA00CB0010
:10575400C800C700C900C200C200CA00C700C50013
:10576400CB00C600C300C900CD00C700C200CD00F5
:10577400D100C400C400CB00C400C100C700CA00EB
:10578400C600C400C900C800C800CE00C900C300D8
:10579400CA00CA00C600C700C900C500C300C900CA
:1057A400CA00C300C600CA00C600C600CA00CA00B8
:1057B400C800C900C800C400C700CA00C400C600AD
:1057C400CD00C700BF00C600CE00CA00C600C90095
:1057D400C900C700C900C800C300C600CA00C7008A
:1057E400C700CB00C800C200C600CB00C600C4007E
:1057F400CB00C600C000C700C900C400C500C90072
:10580400C900C900CB00C900C900CE00C900C2004C
:10581400CB00D600C900BA00BD00C700C700C6004F
:10582400CB00CC00C700C500C900CB00CC00C80029
:10583400C400C700CE00CF00C900C100BD00BF0036
:10584400C400CA00C900C500C600C900CB00CA0014
:10585400C900C900C900C400C600CF00CF00C300FE
:10586400BE00C600CB00C500C500C900C700C60005
:10587400C900CB00C900CA00C900C400C600D000DA
:10588400CF00C500C200C200C000C600CC00C700E3
:10589400C100C700CD00C700C700CE00C800BF00CC
:1058A400C600D200D200C900C200C000C200C800B5
:1058B400C800C500C700CA00C700C600C900CB00A5
:1058C400C900C700C900CC00CD00CA00C300C10094
:1058D400C400C400C700C900C600C500C900C80090
:1058E400C500C900CF00C900C200CA00D200CA0066
:1058F400C200C200C200C300C900CB00C600C5007C
:10590400C900C700C700CE00CE00C400C200CB004F
:10591400CF00CB00C700C300C000C200C700C60050
:10592400C400C900CD00C900C700CA00CC00C8002B
:10593400C400C800CB00CB00C800C500C200C20030
:10594400C400C700C800CA00CC00C900C600CA0011
:10595400CD00C900C400C600CC00CC00C800C20001
:10596400BF00C200C800CA00C900C700C800C900FF
:10597400C700C900CC00C900C400C500C900CC00E0
:10598400C900C500C500C500C600C700C700C700E0
:10599400CA00C900C600C500CB00CD00C600C300C4
:1059A400C800CB00C900C900C700C300C300C900B8
:1059B400C900C500C900C900C400C500CB00CB00A4
:1059C400C400C500CB00CD00CB00CA00C400C00099
:1059D400C600CB00C800C600C900CA00C600C50086
:1059E400C900C900C600C600C800CC00CB00C8006E
:1059F400C600C400C400C700C800BC00C100D00079
:105A0400C300BE00CE00D100C200C400CB00C7005A
:105A1400C900D300CD00C600C600C700C100C8003D
:105A2400CD00C400BD00C800C900C500C800CE0038
:105A3400C900CA00CF00D200CA00C100BC00C30024
:105A4400CA00C400BF00CD00D200C300BF00CE0016
:105A5400CD00BF00C700D400CE00C600C700C100FF
:105A6400BC00C800CC00C200C600CF00C500C00006
:105A7400D000D300C500C900D600C700B900C700D4
:105A8400CD00BE00BC00CC00CB00C100C400CB00E4
:105A9400C700C600CB00CD00CF00CF00C300BD00BF
:105AA400C900CF00C500C100C700C600C200C600BF
:105AB400CA00C800C900CD00CD00CB00C600C1009B
:105AC400C400CB00C700C300CC00CE00BF00BF00A1
:105AD400CE00CA00BE00C900D400C900C000C8007E
:105AE400CA00C500C800C900C400CC00D100C4006D
:105AF400BE00CA00CD00C300C900D400C700BA006C
:105B0400C400CA00C200C500CE00CA00C300C7005A
:105B1400CD00C800C600C800C900CB00C900C2003F
:105B2400C300CA00C800C400C800CB00C600C3003C
:105B3400C800CB00CB00CC00C800C700CB00C70016
:105B4400C000C500CC00C500C000C900CC00C50021
:105B5400C900CE00C500C100CF00D100C400C00000
:105B6400C700C600C400CB00CA00C400C600C700FA
:105B7400C200C500CE00CB00C600CE00D200C600D5
:105B8400BD00C400C800C400C600CA00CA00C700E3
:105B9400C600C500C600C900CA00CA00C900C600C4
:105BA400C500C900CA00C400C400C800C700C600BC
:105BB400C800C800C700C900CA00C900CA00CB0099
:105BC400C300BE00C900CE00C500C300CC00C8009D
:105BD400C100C900CE00C600C400CC00C900C30087
:105BE400C900CB00C200C400CC00C900C300C90076
:105BF400C900C300C600CD00C800C600CE00CD0059
:105C0400C200C100C900C900C500C600C900C9005E
:105C1400C800C600C500C700C700C800CB00CB0041
:105C2400C600C300C700C900C800CA00C900C40038
:105C3400C600CA00C800C500C700C900C500C70027
:105C4400CA00C500C400CB00C900C100C600CF0013
:105C5400C900C300CA00CD00C500C500CC00C800FF
:105C6400C200C500C700C500C700CB00C800C500FE
:105C7400C800C900C600C800CA00C900CA00CB00D9
:105C8400C800C300C400C700C600C500C800C900DE
:105C9400C700C500C700CA00CA00C800C800CA00BF
:105CA400CA00C700C500C600C700C800C800C800B5
:105CB400C800C700C600C600C600C800CA00CB00A2
:105CC400C900C700C600C600C600C700C700C70099
:105CD400C800C800C800CA00C900C600C500C80082
:105CE400C900C600C500C800C900C700C700C80075
:105CF400C800C700C800C900C800C900CA00C9005C
:105D0400C700C600C600C400C500C700C600C8005E
:105D1400CA00C800C600C700C900C800C800CA003D
:105D2400CB00C600C400C600C800C800C700C70036
:105D3400C800C800C700C700C900C900C800C70020
:105D4400C800C800C800C700C500C600C800C80015
:105D5400C800C900C900C800C700C900C700C50001
:105D6400C800C900C600C500C700C700C600C700F8
:105D7400C900CA00C800C800C900C900C800C700DB
:105D8400C700C800C700C500C600C700C700C700D9
:105D9400C600C700C800C900C900C900C900C900BD
:105DA400C800C900C700C500C500C700C700C600B9
:105DB400C800CA00C800C600C800C900C900C9009C
:105DC400C900C900C900C600C400C600C900C60095
:105DD400C500C800C800C600C700C900C900C80083
:105DE400C900C900C700C700C800C600C600C60075
:105DF400C600C700C900C900C700C700C900C80061
:105E0400C600CA00CC00C800C600C700C700C50051
:105E1400C500C800C800C600C700C700C800CA0043
:105E2400C800C700C800C800C700C600C700C70034
:105E3400C700C700C700C600C600C800C900C90023
:105E4400C800C800CA00C900C700C700C800C8000D
:105E5400C600C700CA00C800C600C600C800C70004
:105E6400C700CA00CA00C800C800C700C500C600F1
:105E7400C800C800C700C900C800C600C700C800E1
:105E8400C700C600C800C900C700C800C900C700D1
:105E9400C500C700C900C800C800C800C800C800C1
:105EA400C800C700C600C800C900C700C700C700B3
:105EB400C700C600C800C900C800C700C800C800A1
:105EC400C800C800C700C700C800C800C700C70092
:105ED400C700C700C800C800C600B900C700CC008E
:105EE400C200C600CE00CA00C300C900CA00C70071
:105EF400CB00CC00C800CF00CD00BF00BF00CD0058
:105F0400C900BF00C500CF00C600C200CD00CC0050
:105F1400C300CB00D000CD00C900C400BE00C00047
:105F2400C900C700C300CC00D000C200C200CD002D
:105F3400C800C100CC00D300CA00C100C400C50021
:105F4400C400CA00C900C400C900CB00C600C9000F
:105F5400CE00C800C300CE00D100C100BC00C70001
:105F6400C600C200C800CB00C700C700C900C800F3
:105F7400C700CA00C900CA00D100CB00BB00BF00E3
:105F8400CA00C700C200C800CC00C600C600CC00CE
:105F9400C800C400CB00CE00CB00C900C300BF00C2
:105FA400C500CB00C700C200C800CA00C300C600B9
:105FB400CD00C700C400CC00D000C800C300C50099
:105FC400C500C500C900C700C700CC00C900C30094
:105FD400C700CB00C700C700CF00CD00C100C1007F
:105FE400C800C500C400C900C900C600C800C90073
:105FF400C700C800CA00C800C800CE00C800BD0061
:10600400C400CC00C700C400C900CA00C400C70053
:10601400CE00C900C600CA00CB00CA00CA00C40032
:10602400C000C400C900C500C400CB00CA00C3003E
:10603400C800CD00C600C600CE00CE00C600C20017
:10604400C500C500C700CA00C600C500CA00C70015
:10605400C300C900CB00C600C800D000CC00C000FB
:10606400C200C900C600C400C900C800C800CA00F4
:10607400C900C600C700C900C600C800CD00C700DB
:10608400C000C700CA00C400C400CB00CA00C400DA
:10609400C600CA00C800C800CC00CA00C800C700B7
:1060A400C300C200C800C900C400C500CC00C800B9
:1060B400C300C900CC00C600C600CD00CB00C6009A
:1060C400C600C600C400C600C900C500C600CB0097
:1060D400C700C400CA00CB00C600C800CF00CA0075
:1060E400C100C500C900C500C600CB00C800C5007A
:1060F400C800C700C500C900CB00C700C900CC0058
:10610400C500C000C800CB00C500C500CB00C80056
:10611400C500C900CA00C500C700CB00C900C9003A
:10612400CA00C400C300C800C800C300C700CD0033
:10613400C700C300CA00CB00C500C800CD00C90019
:10614400C500C600C600C500C800C800C500C80018
:10615400C900C400C500CB00CB00C600C900CD00F7
:10616400C800C400C700C800C500C600C700C700F7
:10617400C700C800C700C800C900C700C700CB00DB
:10618400CB00C500C400C900C900C600C800CA00CD
:10619400C600C500C700C800C700C800C900C900C0
:1061A400C900C700C300C500C900C800C600C800B4
:1061B400CA00C500C600CA00C800C500C800CB009C
:1061C400C900C600C700C700C800C800C800C8008E
:1061D400CA00CA00C600C500C800C800C700C9007C
:1061E400CB00C700C400C600C800C700C800C9006F
:1061F400C800C700C800C900C800C600C600C8005F
:10620400C800C700C600C700C900C800C700C8004E
:10621400C900C700C600C800CA00C900C700C6003C
:10622400C700C800C600C500C700C800C700C80032
:10623400CA00C900C600C700C900C700C700CA0019
:10624400CA00C600C400C500C600C700C900C90012
:10625400C700C800C800C600C800CA00C700C500FF
:10626400CA00CC00C700C400C600C700C500C700F0
:10627400C900C800C700C800C800C800C700C800DB
:10628400C800C900C900C700C600C700C600C600D0
:10629400C800C800C700C700C800C800C800C800BC
:1062A400C800C900C800C600C600C900C900C600AD
:1062B400C600C700C600C600C900C900C700C700A1
:1062C400C900C800C700C800C700C500C800CA008C
:1062D400C900C800C800C600C500C800C900C7007E
:1062E400C700CA00C900C600C600C700C700C7006F
:1062F400C900CA00C800C700C700C700C800C8005A
:10630400C700C700C800C700C600C600C700C70052
:10631400C800C900C800C700C900C900C800C60039
:10632400C600C800C900C900C600C500C700C70030
:10633400C700C900C900C600C600C900CA00C80019
:10634400C800C800C700C600C700C600C600C80011
:10635400C800C800C800C800C700C800C900C900F8
:10636400C800C700C800C700C600C600C800C700F0
:10637400C600C700C900C800C700C700C900C900DB
:10638400C800C800C800C800C700C600C500C600D1
:10639400C800C900C900C800C700C600C700C900BA
:1063A400C900C700C700C800C800C700C700C700AD
:1063B400C600C600C900C900C300AB00F400CB008E
:1063C4009600DE00F900A300A500EA00C500AA00BB
:1063D400F000E1009300C100F400B300AA00F20051
:1063E400D5009700CD00EB00A800B600F700C4006C
:1063F4009B00DE00E100A100C400F100B500A7008D
:10640400EB00D4009E00D600EF00A800B200EF001D
:10641400C3009F00E100E500A100BF00EF00B5004C
:10642400A800ED00D6009C00D000EC00AB00B20048
:10643400F100C7009D00DD00E500A100C000F400EC
:10644400B900A400E700D8009F00CC00EE00AF0024
:10645400AD00EC00CB00A200DD00E600A400BB0010
:10646400EF00BF00A700E400DA00A100C800EC00C0
:10647400B000AF00EC00CD00A300D600E300A800FC
:10648400BD00EF00C100A600E100D900A100CA00D0
:10649400ED00B100AD00E900CF00A300D500E70096
:1064A400AA00B900ED00C100A600E200DD00A400CE
:1064B400C400EA00B600AC00E800D300A300D0009A
:1064C400E600AD00B800EC00C600A600DA00DD006E
:1064D400A900C100E800BA00AE00E400D200A500A3
:1064E400CF00E600B300B700E700C700A700D7005D
:1064F400DF00AC00C100E500BB00AF00E100D30049
:10650400A900CD00E400B300B600E600C900A9006C
:10651400D700DD00AA00BF00E700C000AD00DD0029
:10652400D500A900CA00E500B600B500E400CA0021
:10653400A900D500DF00AF00BC00E600C300AB003B
:10654400D900D800AD00C700E400BA00B300DF00F2
:10655400CF00AC00CF00DE00B200BC00E400C500F8
:10656400AF00D800D700AF00C600E200BC00B30003
:10657400DD00CF00AE00CE00DD00B500BC00E000C1
:10658400C500B000D700D900B100C300E000BE00D0
:10659400B200DB00D100AF00CA00DD00B800BA00D1
:1065A400DD00C900B100D300DB00B400C000DE0090
:1065B400C100B400D800D200B100C800DD00BC00A6
:1065C400B800DA00CB00B200D000DA00B900C00095
:1065D400DA00C400B500D300D200B500C700DB0068
:1065E400BE00BA00D800CC00B600CE00D700BA0076
:1065F400BF00DA00C700B600D200D200B600C60061
:10660400DA00BF00BA00D700CE00B600CC00D80034
:10661400BA00BD00DB00C900B500CF00D400B8004B
:10662400C300D900C300B700D300CF00BB00C8002B
:10663400D100C400C300CD00C900C400C900CA0011
:10664400C600C500C800C800C700C700C900C9000B
:10665400C600C600CA00C900C600C800C900C600FA
:10666400C700C900C600C600C900C900C600C700EB
:10667400C800C700C600C900C900C700C700C800D9
:10668400C800C800C700C600C600C700C900C800CB
:10669400C700C600C700C700C700C800C700C800BD
:1066A400C900C900C700C800C900C700C700C900A5
:1066B400C900C700C600C600C800C800C700C6009D
:1066C400C700C900C800C600C700C900C800C80088
:1066D400C900C800C700C900C900C500C500C8007A
:1066E400C700C600C800C800C500C700CB00C90069
:1066F400C600C800C700C500CA00CD00C700C3005B
:10670400C800C800C500C700C900C700C600CA0049
:10671400C900C600C800C900C700C700CA00C80035
:10672400C500C700C900C600C500C800C700C7002F
:10673400C900C900C600C600C900C900C700C80016
:10674400C900C800C900C800C500C500C800C80009
:10675400C700C800C700C600C800CA00C800C600F9
:10676400C800C700C700CB00CA00C600C500C700E8
:10677400C700C600C800C800C600C900CA00C600D9
:10678400C600CA00C900C500C800CB00C600C500C9
:10679400C900C800C400C700C900C600C800CB00B7
:1067A400C700C400C900CB00C600C600CA00C800A8
:1067B400C700C800C700C400C600CA00C800C7009C
:1067C400C800C800C600C800CA00C700C600C70089
:1067D400C700C800CA00C800C500C500C800C8007A
:1067E400C700C800C800C800C800C800C700C70068
:1067F400C900C800C700C800C800C600C700C90057
:10680400C700C600C700C800C700C800C900C70049
:10681400C500C900C900C600C700C900C800C70038
:10682400C800C700C500C800CA00C700C700C80028
:10683400C700C600C900CA00C600C500C800C80019
:10684400C800C900C900C600C600C900C800C60007
:10685400C800C900C700C700C800C600C700C900F7
:10686400C800C700C800C800C600C700C900C800E7
:10687400C600C700C800C700C800C800C600C600DC
:10688400C900C900C600C700CA00C800C700C900C3
:10689400C600C400C800CA00A5003800B700D8006C
:1068A400B000CE00ED00BE00C500F400D300D0005F
:1068B400F500000117013201CC0031006F00F20035
:1068C400D4008700D300F200B300C2000601CB005D
:1068D400AE0001013C010301CC007C0051008C009E
:1068E400E400B4009600DE00ED00A300C300F50050
:1068F400BE00B1002A013B01C3007F008E00980056
:10690400BF00E600C300AB00E200E300AF00CF002D
:10691400F800C800DA003D010D0170006600BC00FB
:10692400B700A100CC00D000B100CC00DC00BD0059
:10693400C100DF00DE00FE001D01BE005300910017
:10694400E800BA00A200E500E200A700C400F100DC
:10695400C500B600F4001001F200CB008B007100FA
:10696400B600DE00AB00AB00E800CE009E00D30012
:10697400F200B000B70018011301B6009600A100A0
:10698400A200BF00D600BC00C000E200C900AD00F8
:10699400DA00E400B900E4002D01E80079008F007A
:1069A400C200AD00AF00D900CE00B500CD00D100CB
:1069B400BB00CB00DB00D900FA000601A9006F0080
:1069C400B300DB00A900B200E900CE00A600D200AB
:1069D400E500BA00BF00F400FC00EA00CB0092001E
:1069E4008600C400D100A800C100EC00BE00A400D1
:1069F400E000E400AB00CD001601F700B000A400F5
:106A0400A600A600C600D400BD00C600D600B8008B
:106A1400B700E400D900B800EF001A01CD008600E9
:106A2400A900C100AA00BD00DD00C500B600CB006E
:106A3400C900BF00D200D600D600FB00F4009F00BE
:106A44008500C200CB00AA00CA00E900BD00AB006B
:106A5400D600D600B800CF00F300EE00E200C2007A
:106A640091009900CD00C800AF00D000DF00AF0056
:106A7400B000E400D500AE00DC000A01E100B30080
:106A8400AF00A600AB00CD00CF00BD00CD00D1000B
:106A9400B400C100E200CA00BC00F8000701BA005B
:106AA4009600B700BB00AF00CA00D500BD00BD0012
:106AB400CC00C400C600D600CF00D700FA00E10025
:106AC4009C009C00CC00C300B100D100DA00B400EB
:106AD400B700D800CF00BD00D400E600E400DF001A
:106AE400C0009900AE00D000BF00B400D800D200AE
:106AF400A900BB00E200CB00B800E300F700D3001C
:106B0400B900B300AC00B900CF00C600C000D0008B
:106B1400C700B300CA00E000C400C600F500F100DD
:106B2400B600A700BD00BA00B700CB00CC00BE0081
:106B3400C200C700C200CB00D200CB00DB00F500CE
:106B4400D3009F00AC00CB00C000BA00D400D0003A
:106B5400B600BF00D200C700C300D600E100E300C6
:106B6400DB00B6009F00BA00CF00BD00BE00D60017
:106B7400C700AE00C600DA00C300C000E500EE00A6
:106B8400D000BA00B000B000C300CE00C300C600FD
:106B9400D000C000B700D000D600C100D000F7007C
:106BA400E400B200AB00BA00BA00C000CD00C900D6
:106BB400C100C400C100C100CD00CE00CA00E30082
:106BC400F000C5009F00B600CB00BE00C000D4009A
:106BD400CB00B900C300CD00C400C500D400E00060
:106BE400E400D400AE00A600C400CD00BA00C40086
:106BF400D600C400B500CB00D300BF00C600E4003B
:106C0400E500CC00B800B100B700C900CB00C1005A
:106C1400C800CD00BE00BC00D200D000C000D4002B
:106C2400EF00D700B200B300BF00BF00C500CB0027
:106C3400C700C100C300C200C600CF00CC00CB0017
:106C4400E100E400BE00A700BE00CA00BF00C70008
:106C5400D300C400B600C400CE00C800C900D500EB
:106C6400DD00DD00CD00B100B000C700CA00BF00E8
:106C7400C900CF00BB00B600CD00D100C100CB00DD
:106C8400E100DD00CA00BB00B500BC00CB00CA00B7
:106C9400C400C900C700B900C200D300CA00C000C4
:106CA400D700E700D000B800B900BF00C100CA0097
:106CB400CC00C300C000C100C200CA00D100C8009B
:106CC400C900E000DF00BD00B100C300C700C3007D
:106CD400CC00CE00BE00BA00C700CC00C900CA0078
:106CE400CD00D600DE00CC00B300B700CA00C80057
:106CF400C200CC00C800B800BF00D000CD00C30063
:106D0400CB00D700D800CD00BC00B600C200CD0037
:106D1400C800C500CA00C200BB00C800D300C70039
:106D2400C200D400DC00CD00BE00BB00BE00C50024
:106D3400CB00C800C600C500C000C200CF00D00010
:106D4400C300C900DC00D600BD00B800C400C60002
:106D5400C600CC00CA00C100C000C600CB00CD00F4
:106D6400CA00C900D300D800C600B500C000CD00D9
:106D7400C800C500CB00C50076007100B300CC008C
:106D8400D800A400BE00CF00AE001D01CC009800C6
:106D94001701F900220123016D004700A600C50078
:106DA400EA007E00BF00F5009500E1002101990092
:106DB400DD000D012801210194006300810084009D
:106DC400F200A9007A00FB00C500A700FD00CB007B
:106DD400C600DE00180148019F006000B600920062
:106DE400D100E9008A00CA00DE00BF00E700CC0041
:106DF400E400E400D9005201EC003D009A00B80020
:106E0400AC00C700A000C700C700B100FB00C4006D
:106E1400B400F900D0001601210170007000B80020
:106E2400CC00CC009400D400E9008E00E8000001FE
:106E3400A500DD00F2000501100194007D009F0013
:106E4400B000E70099009900FD00A900AD0005011C
:106E5400C900BA00D6000801200197008200C100D1
:106E64009B00D200D2008F00DC00D500B100E4000A
:106E7400D200D600D000E3003D01C7005900BD0098
:106E8400BA00A900CB00A900C800C300B800EF00F5
:106E9400C200C200EE00CA00100103016E0091009E
:106EA400CE00C300BD00A100D500D2009800F200BE
:106EB400ED00A300E300EE00F60000019C008D004D
:106EC400B000BE00D5009700B100F4009F00BA00E6
:106ED4000501BF00BB00E500030102019A00980010
:106EE400C200A500D500C7009500DE00C900A900B6
:106EF400E700DA00CA00CE00EE002101B2007500FE
:106F0400D300B900A900CF00AF00C200C900BC0083
:106F1400E300C700C900E100CC000C01ED007000E3
:106F2400A900D900B400B900B500D300C600A6007A
:106F3400F000DC00A600E900E500E700F6009A0096
:106F44009200C200C300C700A000C000E9009D0079
:106F5400CA000401B200BB00ED00F300EB00A40082
:106F6400A300C100AD00D400C0009B00E200C70034
:106F7400AE00F100D800BA00CF00F2000801A8006A
:106F84008A00D800B400AD00D800AC00BB00CD002E
:106F9400BE00E000D000C900D700CC000601DC0030
:106FA4007700BD00DD00AB00BF00C200C600BD001D
:106FB400B200F000D700AE00E700D900DC00F20018
:106FC4009F009C00CF00C200BC00AA00C900DB00E7
:106FD4009B00D3000001AB00C200EF00E100DE0023
:106FE400B000AD00C500B400D200B900AA00DD00B5
:106FF400C100B200EC00DC00B400CD00FA00E800EF
:10700400A800AB00CD00B900B600C900B900B800B3
:10701400CC00CB00CD00D800CE00C000DF00F700CC
:10702400C3009700C100D500B100B500D100C10074
:10703400B400CD00DE00CB00C600D500D900E200CC
:10704400DC00AB00A300CD00C900AB00BB00D50041
:10705400BE00B200DE00E500BA00C200E900E100B3
:10706400CC00BF00B100B600C700C400B300C0002C
:10707400D300BF00C200E700D500B200D400F8007E
:10708400D700B000B900C200B400BB00C600B8000D
:10709400BE00CF00C900CC00D700C800C000E30088
:1070A400ED00BD00A500C800CB00B000BD00CD00C0
:1070B400BE00BF00D500D600C700C900D000D30071
:1070C400E000D600AE00AF00CF00C400AC00C000AA
:1070D400D200BF00C000DF00D600B900C900E10043
:1070E400D700CB00C200B300BA00CB00C000B3008D
:1070F400C800D300BF00C700E000CB00B700D70032
:10710400EB00CC00B700C100C100B900C200C00050
:10711400BA00C700D100C700CC00D500C500C1002B
:10712400E200E400B900B200CC00C500B200BF0028
:10713400CB00C000C400D300CE00C700CC00CB00FD
:10714400D200E200D000B000BA00D200BE00AD0010
:10715400C400CF00BC00C500DA00CD00BE00CC00E6
:10716400DA00D700CE00C200B700C100CD00BA00DB
:10717400B500CD00CE00BE00CC00D900C500BA00D9
:10718400D700E500CC00BE00C200BE00BF00C300B3
:10719400BD00BF00CC00CB00C500CE00D100BF00B5
:1071A400C300E400DD00BA00BA00C800C100BA00A0
:1071B400C300C800C300C800D100CA00C800C90089
:1071C400C300D300E200CC00B500BE00C900BC007F
:1071D400B600CB00CD00BF00CB00D600C700C10075
:1071E400C800D200D800D100C100B700C100C90056
:1071F400B900BE00D400CC00C200D100D300C1004D
:10720400BE00D400DC00CA00C100C000BC00C20043
:10721400C200BD00C800D000C900C800D100CD0024
:10722400BE00C800E100D500BA00BE00C400BE0024
:10723400BE00C400CA00C900CA00CD00CA00CA000A
:10724400C600C300D700DE00C300B700C100C600FB
:10725400BE00BE00CE00CC005B006A00DF00DE0092
:10726400CD00E100B100AF00DE00F600D900E1007E
:107274000D01D20074009900C900B700A300DC001E
:107284001D01C8009200D3001A012301F4009D00DF
:1072940050006D00F800FC0085008C00F400EE0046
:1072A400AE00D5000E01E800BE00C600B1008700A4
:1072B400A900DA00D000D700F600D1009D00E1005B
:1072C4004701080172006700B800CA00BE00C5008B
:1072D400B300A600E3001201D500B100F600FB00E4
:1072E40093007D00C100C600A400CF000101CE00C0
:1072F4009C00C600F9000B010601C8006C00700078
:10730400D700F700A3008B00D700F100C700C70027
:10731400EB00E600CE00D200BB0085009900DE0041
:10732400D700B500D200E300B200BF00240124015D
:10733400A3006C00A700C900C400CB00BE00A300DA
:10734400C900FF00D400A700EC001401BF008500B1
:10735400AB00BC00A700C900FD00D400A000BF0022
:10736400E400E400F400F000A1007300B900F500AB
:10737400BD008A00BF00F300D900C400D700DD00BF
:10738400D400D900C5008F009500D700DF00BA00F3
:10739400C500DE00BC00B30001012201CA00870061
:1073A400A400BB00B500CA00D000AC00B500F700D3
:1073B400EC00A300BF000C01EA009B009E00BB0090
:1073C400AD00BA00EB00DA00A800C000E700DC0062
:1073D400E000F300BF007F00A700F000D20094009B
:1073E400B400DF00CE00C700DD00DC00D200E40002
:1073F400DB0093007D00C700EE00C900BA00D00096
:10740400C400AF00DC000E01E800AC00AD00B50024
:10741400AF00C200D000B400B100EC00F500AD0034
:10742400AB00F800F700B100A200B800B200B7004A
:10743400E500DE00A400B300EB00E000D100ED00A5
:10744400DD0096009100D500DB00A700B200DA0051
:10745400D200C500D000CE00CD00EE00F400A9009B
:107464007900B100E100C800BB00D200D000B80030
:10747400CF00F900E400BA00BD00C000B100BA00BA
:10748400CB00B800A900D600F600C600A900E000B1
:10749400FB00D000A800A900B000BE00E500DF009A
:1074A400A400A800DF00E000CA00E200EB00B40082
:1074B4009600C600D700AD00B000D800D600C400C6
:1074C400CD00CC00C100DF00FD00C6008900A4008F
:1074D400D500D600C300BB00BF00CA00DB00E40037
:1074E400DA00CD00C300B500B600C400C400B90082
:1074F400BA00CC00D800C900C000D100EA00EB00FB
:10750400C5009C009E00C100DE00D800BB00B40092
:10751400C500D400DB00D900D700CF00BF00B700FE
:10752400BA00B900BA00C000CA00D400CE00C2003C
:10753400C400DD00EE00D200A600A500C100D70003
:10754400D200BC00B400C100D600DF00D600D200D7
:10755400D100C200B400B700BF00C300C600CE0013
:10756400D100C500BD00C600DC00EA00D600AE00B4
:107574009E00B500D200D500C200B900C600D800F4
:10758400DB00CE00CA00D200D000C000B400B500B9
:10759400BD00C500C900CC00CB00C800C900D8009C
:1075A400E800DA00B200A200B700D100D200C000A7
:1075B400B700C000D200DA00D200CE00D400D3005D
:1075C400C300B300AF00BB00C800CE00CC00C600AF
:1075D400C400C600D000E100E000C200A900B10070
:1075E400CB00D200C100B600C100D400D900D00045
:1075F400C900D100D500CA00BA00B300BB00C7005F
:10760400CD00C900C200C200C800D300DF00DD0005
:10761400C700AF00AF00C400D100C900BC00BE0069
:10762400CE00D700CF00C700CF00DA00D100B900E8
:10763400AE00B700C400CE00CE00C700C300C8002F
:10764400D300DA00D700CB00B800B200BF00CD00F1
:10765400C700BA00BB00CC00D700D400CB00CC00DC
:10766400D600D500C100AF00B400C700D100C900E6
:10767400C000BF00C500D100D900D800CD00BE00B5
:10768400B800BF00C600C800C200BE00C800D400D5
:10769400D300C700C500D400D900C600B400B500AB
:1076A400C300CE00CC00C300C100C800D500D70081
:1076B400D100CB00C200B900BC00C700CC00C4009C
:1076C400BD00C600D000D000CB00CA00D100D40059
:1076D400C900B600B100C000D200CE00C200C10093
:1076E400C800D100D300D200CF00C500BD00BD004A
:1076F400C000C300C400C200C600CD00D300CE0049
:10770400C900D000D800CD00B800B100BE00CF0041
:10771400CD00C000BC00C700D400D700D100CD000C
:10772400C800C100BD00C000C500C400C200C6003E
:10773400CB00CB00CA00C4006400D100EE009A0064
:10774400BA00F400C300A900E900CB00D100340161
:10775400FF0074008500EC00C4009E00E000CB0034
:10776400A100C700EC00D800F8003D01CE00510094
:107774009C00DA00BC00AF00C200AE00A100DC0037
:10778400DE00BC0007011C019F007400CB00E10077
:10779400B400CD00E800B600AF00E300D400D80088
:1077A4002001EF0072008200D600CA00AD00CF00B5
:1077B400C600A500D800F300BA00DA001601BF0025
:1077C4006B00AA00E100BD00BD00E000BA00AC00FF
:1077D400E400DF00D3001901070184006F00C70033
:1077E400D100A800C300CF00A200BD00EE00C80075
:1077F400D1001601EB008A009900D200BE00B3004C
:10780400D600BE00A400D700E400C700F8001501AC
:10781400B4007700BA00E500BB00B500C800AD00B5
:10782400B500DD00CA00CB000701F3009800920008
:10783400CE00CC00BA00DD00D200A300C000DD0001
:10784400C300DD000B01D3008500A300D800C200F3
:10785400BA00CF00BB00B800E300D300B600EB00D1
:107864000101AF008400BD00D600BA00CD00D900EC
:10787400B300BB00E000D500DC000401E10090008F
:107884009200C800C300B700D200C200AF00D50008
:10789400DC00BD00DE000A01D4008D00A500CA0092
:1078A400BE00C600D300B500B500DA00D000CC009D
:1078B400F700F600AB009700CC00D100B500C7007C
:1078C400C800AD00C200D900C600CF00FA00E10034
:1078D4009B009E00CA00CB00CD00D900BD00AC00C7
:1078E400CD00D600C300DF00FC00C8009300B20046
:1078F400D000BE00C300CF00C100C800D600C10044
:10790400C200EF00EC00A8009A00C600C900C10044
:10791400D200C600B000CC00E100CB00D200F100E0
:10792400D1009B00AD00CA00BE00C500D100BC0060
:10793400BA00D700CF00BD00E600FF00C0009200EF
:10794400B500CB00BF00C900CA00B800C400DA000B
:10795400CB00CB00EE00E200AC00AF00CF00C200D1
:10796400B700C800C100B500CE00D800C600D300DF
:10797400F100CF009F00B100CE00CD00D100CA00BD
:10798400B000B700D600CF00C100E300EC00B600A1
:10799400A100C400CC00BF00CC00CE00BB00C500D9
:1079A400D300C400CA00EA00D800AA00AE00C60092
:1079B400C900CB00C900BC00BE00D400D800CC0074
:1079C400D500DE00C800AD00AE00C200CF00CB0081
:1079D400BE00BB00C800CF00C900D300E700DD0033
:1079E400BA00A800B400CA00D100C700BF00C0009C
:1079F400C900CC00CB00D500DF00D500BE00B0002C
:107A0400B800C800CC00C200BA00C200CE00CA0050
:107A1400CA00DA00E100CA00AF00B100CA00D80011
:107A2400CB00BA00BC00C900CC00C800D200DF0003
:107A3400D700C000B100B500C800D400CC00BF001E
:107A4400C000C700C500C700D500DD00CF00BA00E4
:107A5400AF00B900D100D500C200BA00CC00D500F7
:107A6400C700C600D800DA00C400B300B600C500E1
:107A7400D000CA00BE00BF00C900CD00CA00D400B7
:107A8400DF00D200BB00AF00B800CB00D300C800B9
:107A9400BE00C200CB00CB00C800D300DE00D4007F
:107AA400BC00AF00BA00CD00D000C200BD00C600CB
:107AB400CC00C600CA00DA00D900C400B500BA0080
:107AC400C900D100C900BD00BE00CC00CF00C70072
:107AD400CE00DC00D400BE00B200BA00CA00D1005F
:107AE400CA00BF00BF00C800CA00CA00D300DB0040
:107AF400CD00B700B200C200D100CC00C200C1006A
:107B0400CB00CF00C800C900D600D800C800B6001A
:107B1400B500C600CE00C800C000C100CB00CE0036
:107B2400CB00CF00D500CE00BD00B300BC00CD001B
:107B3400CF00C400BD00C600D200CE00C800D300F0
:107B4400DC00CE00B600B100C400CF00C800BF0006
:107B5400C000C800CD00CA00CB00D300D300C700CA
:107B6400B900BC00CA00CB00C300BE00C200CB00F9
:107B7400CD00CA00CD00D400D200C200B500C100BF
:107B8400D400D200C000B900C400CD00C900C900AF
:107B9400D200D200C800BA00B900C700D000CA00A1
:107BA400C300C400C900C900C700CC00D300D00082
:107BB400C400B800BB00CA00D100C900BE00C000A8
:107BC400CD00CF00CA00CC00D100CC00BC00B7006F
:107BD400C300CE00CD00C300C000C800CD00C90062
:107BE400CC00D400D300C600BA00BA00C400CC0054
:107BF400CB00C200C000C900CE00CC00CD00D10033
:107C0400D000C500BA00BC00C500CC00C900BF004C
:107C1400C100CC00CC00AC0009009F000D01C100E4
:107C24009B000A012201BF00B900F2000B01BE0053
:107C3400C000400129019800920047017A01B10077
:107C44001A006900EA00BF008B00D6000201C500DB
:107C54009600DF001901BC008C00E5002001D00073
:107C6400910015017E01F7003B004200B200B10013
:107C74008900C1000801D3008500B400F700D600D4
:107C8400A100C8001701E5008500CC0050012E01B9
:107C940085004F00B200D0009400AC00FA00E70069
:107CA4009800A900FD00ED009B00B700120100013F
:107CB400A000AD0037015401BB004C007900B100B5
:107CC400A200A200E100EE00A5009B00E400F00089
:107CD400AC009F00F6001601B1008000EF004501E2
:107CE400F50076007A00BC00AF00A200DF00F900C6
:107CF400BB009800D5000101C1009100D5000B0123
:107D0400D6009400CD00360118019E007C00A50029
:107D1400A8009500BF00FB00D5009000B400F0005F
:107D2400D1009B00BD000701EA009300AB000D01E8
:107D34001E01C9008D00A700B4009700B200ED0039
:107D4400E200AB00AC00E500E200A400B200FD00DC
:107D5400FD00B0009B00F3003001EC0099009B0093
:107D6400A90096009D00DA00F000B400A200DB0038
:107D7400E400B000A500E9000A01C6009000C500B7
:107D84000B01FD00BA00A100AF00A0009B00D200CF
:107D9400F300CA00A500C800F000C6009800C9009E
:107DA4000001DF00A300B50002010C01CE00AF000A
:107DB400B000A1009300B500E800D800A600B80008
:107DC400E100CE00A700BA00F200F200B500A9005D
:107DD400E0000001E600BD00B600B1009900AA0071
:107DE400DA00D900B200B100DE00DF00A900A8006B
:107DF400E600F700C900AC00D1000101F300CA009D
:107E0400B800AC009D00A100C500DF00C000AB00BD
:107E1400D000E400C000A500CB00F800DC00AA00FC
:107E2400BA00E600EF00D600C100B800A2009C0032
:107E3400C600E300C800AB00C200E900D200A30002
:107E4400B700E700E200BA00B600E000F700E20085
:107E5400CE00C200A7009600AE00DB00DC00AF003D
:107E6400AC00D900DE00B500AE00DB00EA00C000C3
:107E7400B100D500E900DF00D500CF00B6009600C0
:107E8400A400D400DB00BC00B200CD00DF00C300BE
:107E9400AE00C800E500D600BA00C200E100EB0065
:107EA400DE00CD00B5009D00A300C300D400C500D2
:107EB400B800C700D900CF00BA00BE00D800DC006B
:107EC400C600BD00CA00DB00E400DF00C400A1005E
:107ED4009C00BC00D800CD00B700C000D900D6007B
:107EE400B900B000CB00DE00CE00BE00C900DA004D
:107EF400E100E300D600B4009B00AC00CD00D1004B
:107F0400BE00BA00CB00D300C300BA00C900D6003B
:107F1400CE00C400C900CF00D400E000E400C800D3
:107F2400A0009F00C100D400C500BA00C700D4005F
:107F3400C900B700BD00D100D400C800C900D200F8
:107F4400D700DD00E200D100AC00A000B800CA00F8
:107F5400C500BD00C400CF00CD00BF00BD00CA00F5
:107F6400D400CE00C700CA00CA00D100E300E2007A
:107F7400BE00A100AE00CB00CC00BE00C200D20007
:107F8400D300C200B600BF00CE00D000CB00CB00AF
:107F9400CB00CF00DD00E400CD00AB00A900BE00A3
:107FA400C700C200C200CA00CE00C800C200C1009F
:107FB400C600CC00CD00CE00CC00C800D400E50043
:107FC400DB00B600A500B600C800C400C200C900AA
:107FD400CE00CB00C300C000C500CB00CF00CF0053
:107FE400CF00CE00D000DB00DB00C100AD00B2004A
:107FF400BF00C000C100CA00CD00C700C400C50056
:10800400C600C700C600C900D000CF00CA00D60011
:10801400E100D000B000AB00BF00C800C300C40042
:10802400CC00CF00C900C200C200C500C800CC000B
:10803400CE00CD00CD00D300DF00D600BB00AD00E4
:10804400B700C300C200C100C900CB00C500C50011
:10805400C900CB00C700C700CE00D200CA00C800C8
:10806400D800E100C900AD00B200C300C400C200E2
:10807400CB00D000C800C000C300C700C700C800C0
:10808400CC00D000CA00C800D500DE00D000B70084
:10809400B400C000C100BD00C800D200CA00BE00C8
:1080A400C200CD00CA00C100C600D100CD00C4008A
:1080B400CC00DE00D900C000B400BD00C300C00085
:1080C400C500CF00CD00C200C200C800C700C30075
:1080D400C900D200CE00C400C900DB00DC00C60029
:1080E400B800BE00C200BD00C100CC00CD00C50078
:1080F400C200C900C800B800B800D300D400C6004C
:10810400C900D000D500D000C600BD00C200CD001B
:10811400C300BF00C900C700C100C500CD00CA002C
:10812400C200CD00D400D000CF00D500D100C200E1
:10813400BA00C200C300B800B500C600D300CC002A
:10814400C400CD00D400C600B900C400D000CB00E8
:10815400C500CD00D800D500C800BE00C000CA00CC
:10816400C800BC00BD00C500C600C600CB00C500E9
:10817400BA00C700DB00D100C100CE00DD00D00092
:10818400C100C200C400BD00BC00C300C800C800D8
:10819400C700CA00D200D200BF00B500C500D2009B
:1081A400CA00C300CC00D300CE00C700C300C20085
:1081B400C400C500C500C300C000C200CB00CE008F
:1081C400C300BF00CE00D400C900CA00D900D60045
:1081D400C300C000C800C400BC00BC00C100C8008B
:1081E400CB00C700C700D100D000C000BD00CC0048
:1081F400CC00C200C800D600D100C600C700C5002C
:10820400C200C600CB00C400BD00C000CA00CC0040
:10821400C500BE00C600D300D100C200C400D40013
:10822400D600C800C000C300C300C000C200C9001B
:10823400CC00C700C300CB00D300CB00BE00C300FA
:10824400CC00C700C200CA00CE00C900CB00CD00DC
:10825400C200BB00C700D000C600BE00C100C700FA
:10826400C900C700C100C700D200CE00C300CA00C5
:10827400D700D100C300C300C800C100BA00C100C8
:10828400CA00CB00C700C600CA00CC00C800C500A5
:10829400C700C800C600C800CC00CA00C900CD0091
:1082A400CB00C200BF00C800CC00C600C000C200A2
:1082B400C800CB00C400BF00CC00D500C800C0007B
:1082C400CC00D500CB00C300C700C500BD00C10071
:1082D400C700C700C700CA00C800C700CA00C90059
:1082E400C300C500CA00C800C600C800CA00CC004C
:1082F400D100CD00C000BE00CC00D000C300BB0044
:10830400C400CB00C600C100C500CD00CB00C7002F
:10831400C900CD00CD00C900C900CA00C400BF0017
:10832400C200C600C800C900C800C500C700CC0010
:10833400CB00C600C500C600C600C900C900C600FF
:10834400C900D000CB00BF00C300CF00CA00BF00EB
:10835400C200C900C700C300C400C800CB00CC00E1
:10836400C900C600CB00CF00CA00C600C700C600C3
:10837400C100C200C700C800C600C900CA00C800C6
:10838400C700C800C700C600C700C900C800C500B0
:10839400C800CF00D000C700BF00C500CE00C90090
:1083A400C000C100C800CA00C500C400C800CB009A
:1083B400CB00C900C900CB00C900C800CB00C9006C
:1083C400C100BD00C400CA00CA00C700C800C8007C
:1083D400C900CC00CA00C500C300C800CC00C90055
:1083E400C400C700CE00CF00C600C100C700CB0048
:1083F400C600C200C600C800C500C300C700CC0048
:10840400CA00C600C600CA00CC00C800C800C90023
:10841400C700C300C400C700C600C700CA00CA0022
:10842400C600C600C900C700C500C600C800C70012
:10843400C500C500CB00D000CC00C300C300CC00F5
:10844400CD00C400C100C700C900C600C400C700F5
:10845400C800C900CB00C900C700C700C900CB00D1
:10846400CB00C700C300C400C600C800C800C800D1
:10847400C700C600CA00CB00C600C300C600CA00BD
:10848400C900C300C200C800CE00CC00C600C600AC
:10849400C900C900C700C700C700C600C600C8009D
:1084A400C800C700C800C800C800C800C800C7008A
:1084B400C700C700C800C800C900C600C500C8007E
:1084C400CC00CA00C600C700C900C600C500C7006A
:1084D400C800C600C500C800CB00C900C800C80059
:1084E400CB00CA00C500C300C500C700C800C8004F
:1084F400C700C500C600CA00CD00C900C600C80038
:10850400CB00C900C500C500C900C900C600C5002C
:10851400C800C800C500C700CB00C900C300C40020
:10852400C900CA00C700C500C700C800C700C90009
:10853400CA00C900C600C500C800C800C500C600FE
:10854400CA00CA00C600C500C900CB00C700C700E6
:10855400CB00C900C500C400C800CA00C600C500DD
:10856400C700C900C800C800CA00C800C600C700C8
:10857400C900C700C400C500C900C900C700C700BE
:10858400C900C900C900C800C800C700C500C500AB
:10859400C800CA00C600C500C800CA00C600C5009D
:1085A400C900CB00C900C600C800C800C600C70087
:1085B400CA00C900C600C700C900CA00C700C70076
:1085C400C800C800C500C500C800C900C600C60070
:1085D400C900C900C700B200BC00D000C700C00079
:1085E400CB00CC00C500C400C800CD00CB00C9003E
:1085F400C800CD00CA00BD00C500D700CA00BA003B
:10860400BB00CD00CB00C400D100D000BF00C0002F
:10861400CB00D400C900BD00C000C900CE00C70013
:10862400C600D600D500BD00B500C500CA00C20012
:10863400C700D300CC00BE00C300CE00CC00C900EC
:10864400C700C500C700C600C600CD00D100C700E2
:10865400BB00C500CF00C400C000CD00CB00BE00ED
:10866400C100CF00CE00C300C300CB00CC00C800C3
:10867400C600CF00DC00D000B700B600C400C600BE
:10868400C200C700CB00C200C100CD00CE00C600AE
:10869400C700CC00CB00C600C300C600CE00D0008B
:1086A400C500BD00C500C900C400CA00D200C60090
:1086B400BC00C800D400CA00BF00C300C900C80081
:1086C400C700C700CD00D400CD00BE00BD00C4006B
:1086D400C600C600CD00CC00C100C200CC00CB0057
:1086E400C600C800CA00C600C300C700CB00CD0046
:1086F400CB00C500C300C700C500C200CB00CF003B
:10870400C400BE00C900CE00C600C300CA00CB002E
:10871400C700C700CB00D100D200C600BC00BE0019
:10872400C500C500C600CB00C700C100C800CF000B
:10873400C800C500CD00CE00C500C000C600CC00F6
:10874400CD00CA00C300C200C500C500C700CF00E9
:10875400CD00C200C200CD00CE00C400C300CA00D8
:10876400C900C600C700CB00CF00CD00C700C100C0
:10877400C000C200C600CC00CF00C400BE00C700C9
:10878400CC00C800C800CD00CB00C200C300CB00A1
:10879400CC00CB00CA00C600C300C200C200C8009F
:1087A400CF00CA00C100C200CB00C900C500C90087
:1087B400CC00C600C400CA00CF00CF00CB00C50067
:1087C400C000BF00C200C700CC00CB00C300C4007F
:1087D400CB00CB00C600C900D000CA00C100C20053
:1087E400C800CB00CC00C900C400C100C200C60050
:1087F400CC00CD00C800C300C700CB00C600C30036
:10880400C900C900C500C600C900CB00CC00CD001A
:10881400CA00C300BF00C300CA00CE00C900C10023
:10882400C400CA00CA00C600C800CB00C700C2000A
:10883400C700CB00CB00CA00C900C600C400C300F7
:10884400C600CA00CA00C700C500C600C700C700EA
:10885400C900CB00C800C700C800CA00C900CA00CC
:10886400CA00C600C100C100C700CA00C800C500D4
:10887400C500CA00CA00C700C600CA00CB00C700B2
:10888400C400C600C900CA00CA00C900C500C200AD
:10889400C600CA00CA00C800C700C700C700C60097
:1088A400C600C700C700C600C800CB00C900C60088
:1088B400C800CC00C900C300C300C800CB00C80076
:1088C400C400C500C800C800C700C700CA00CA0069
:1088D400C600C500C900CA00C900C900C800C60056
:1088E400C500C500C600C700C900C900C700C6004E
:1088F400C600C700C800C900C900C900CA00C90031
:10890400C800CA00CA00C600C200C400C900C90029
:10891400C500C400C700CA00C800C500C700CA001B
:10892400CA00C700C600C700C900CB00CA00C70000
:10893400C400C500C800C900C900C800C700C700FA
:10894400C800C800C700C600C700C800C900C900E5
:10895400C800C700CB00CB00C500C200C500CA00D8
:10896400CA00C700C500C600C700C800C700C800C9
:10897400C900C700C600C800CB00CA00C900C900AE
:10898400C700C400C400C800C900C900C800C700AB
:10899400C600C600C700C900C900C600C600C8009A
:1089A400C900C800C900CB00C800C300C300C80088
:1089B400CA00C800C600C700C800C800C700C80075
:1089C400C900C900C500C500C800C900CA00CB0061
:1089D400C900C400C200C600C900CA00C900C90059
:1089E400C700C600C600C800C800C800C700C7004A
:1089F400C700C800C900CB00CA00C700C300C50037
:108A0400C800C800C800C700C700C600C600C80028
:108A1400CA00C900C700C600C700C700C700CA0013
:108A2400CC00C900C400C300C700C900C900C90004
:108A3400C800C700C600C700C800C800C800C800F6
:108A4400C700C600C600C800CB00CB00C700C500E5
:108A5400C600C800C900C800C800C700C600C600D8
:108A6400C800C800C800C800C700C600C600C700C8
:108A7400C900CA00C900C700C500C600C800C900B3
:108A8400C800C800C700C600C600C800C800C800A7
:108A9400C700C700C700C800C900C900CA00C90090
:108AA400C700C500C600C800C800C700C700C6008C
:108AB400C600C700C80055008300AD009D00D80063
:108AC400FF00C900C600E2008A00AE0026011201C0
:108AD4009B0088000A010E0109012701B6007E00EF
:108AE4008F009F007700A5003501EF007D00AE00E8
:108AF400DB00DD00E000EE00C700B500FF00E5008C
:108B0400D00029012C019A0045009000A3008B009D
:108B1400C500DD00B500BB00D000A900B7001A01F4
:108B2400F9008700A000F700FF00F7000701D1005B
:108B34009100A7009F007200BC002101E1008500A4
:108B4400B600EF00D400D200E100BD00C000F00088
:108B5400DD00D10021011F01940059009A00AE00EC
:108B6400A300CF00DD00B100BE00D700AB00B3000E
:108B74000101EB009500AB00F200F100EE00FC00F7
:108B8400C7009100A700A2008500CD001501D00008
:108B94008C00C600EC00C700C900DF00C200C3009F
:108BA400E700D400D1001601080190006D00AB006D
:108BB400B200A700D200D900B300C300D400A800BB
:108BC400B7000001E6009400AD00F400F200E800F4
:108BD400EF00C1009900AD00A1008B00D000090195
:108BE400C6009300CE00EB00C200C600DB00C1004B
:108BF400C400E400D700D8000E01F7008D0079000E
:108C0400B300B900AF00D200D400B700CE00D60044
:108C1400AA00BC00FB00DA009300B800FB00EF00E0
:108C2400DE00E400BD009D00AE00A5009900D70061
:108C34000101BF009900D200E400BD00C500D800C6
:108C4400BF00C600E600D900D6000101EC008F0089
:108C54007F00B700BF00B700D100CE00B900CD003F
:108C6400CF00AB00C300FB00D4009500C100FE00A0
:108C7400EC00DC00DE00BA00A000B100AA00A100F4
:108C8400D900F800B8009D00D400E000BD00CA007F
:108C9400D600BC00C700E800D800D300FD00E50002
:108CA4008D008900C000C000B500D000CF00BB001B
:108CB400CF00CE00AB00C400F400CC009A00CD007D
:108CC400FB00E100D400DA00B800A100B300AE005C
:108CD400A800DB00F200BA00A900D700D700B90051
:108CE400C900D200BE00CD00E700D400D300F600D6
:108CF400D8008C009600C800C200B900D000CB0098
:108D0400BC00CF00CD00AE00C800EE00C500A3003B
:108D1400D700F800DA00D100D600B500A400B800EE
:108D2400B300AE00DB00E500B600B000D400D7000D
:108D3400C400C300C600CA00D700DC00D400DB00B6
:108D4400E400C7009E00A000BF00CC00C100BD002D
:108D5400C700D100CB00BC00BF00D100D600C100C9
:108D6400BA00D300EC00E600CE00BF00BC00B600A1
:108D7400AF00B200C400D800D400C000BA00C800DC
:108D8400D100C900BE00C300D000D700D400D50074
:108D9400E000DD00BF00A100A700C300D000C400B4
:108DA400BD00C900D100C600B900C100D400D40080
:108DB400C100BC00D200E800E500CD00BD00BA004F
:108DC400B800B200B500C500D600D100BD00B9009E
:108DD400C900D500CA00BD00C100D100D800D1002F
:108DE400D300DF00DB00BF00A400AB00C500CE0051
:108DF400C200BC00C900D000C500BB00C300D20043
:108E0400CF00C000BE00D300E900E200C900BA00F0
:108E1400BD00BE00B600B900C900D700D000BD0037
:108E2400B900CA00D600C900B900C000D100D500FD
:108E3400D000D500DD00D300B800A800B300CA00FC
:108E4400D000C300BE00C700CE00C600BE00C600EE
:108E5400D000CB00C000C100D500E800DF00C50091
:108E6400B600BA00BD00BB00C000CC00D400CB00EB
:108E7400BD00BD00CD00D500C600B900C300D300BD
:108E8400D600D200D500D800CC00B700AA00B500A7
:108E9400CC00D100C500C000C800CC00C500C00093
:108EA400C500CB00C900C200C400D700E500DB0048
:108EB400C200B700BC00BD00BC00C200CE00D4009C
:108EC400CB00BD00BC00CB00D100C500BB00C4007A
:108ED400D100D500D500D500D400CA00B700AD003C
:108EE400BA00CD00CF00C500C400C900C900C40049
:108EF400C200C700CC00CA00C100C400D600E20012
:108F0400D600C000B700BC00BF00BF00C400CE0044
:108F1400D200CA00BF00BF00CB00D000C500BE0015
:108F2400C600D000D100D000D200D100C700BA00E2
:108F3400B300BC00CB00CF00C700C300C800CA0008
:108F4400C600C300C600CA00C900C500C700D200DD
:108F5400DB00D100BF00BC00C100C100C000C500DF
:108F6400CE00D000C800BF00C100CD00CF00C400B7
:108F7400BE00C600CF00D100D000D000CE00C60095
:108F8400BD00B800BF00CC00CF00C600C300C900BC
:108F9400CC00C600BB0045007A00DD00E600AA0054
:108FA400C300E500E300D800C700E400E300E100EB
:108FB400F900C800AB00CE0034014901C1005500DE
:108FC4005E00BE00DE00B000AF00C800D600CD00D9
:108FD400CB00EA00DF00DA00E300D800BE00BB00EB
:108FE40013014601F60077004B009000B900AE0073
:108FF400AB00C100CD00BB00BD00DA00E100D6002B
:10900400D500DC00C200A700DB0028011A01B10072
:109014006D008A00BA00C200BE00C800CC00BF00C8
:10902400C600E000E400D000D300E800D800AC00A3
:10903400BF0014013001DD007B0071009E00B80008
:10904400B800BD00C300B900B800D100DE00CC00F8
:10905400C700E400E400AF009F00E8002701FD0022
:10906400A20080009C00B600C000C800CC00BE0076
:10907400BA00D300E200D100C200DF00F100C80052
:109084009F00C90017011601C50087008D00A700C5
:10909400B300BE00C800BF00B100C300DA00D000B6
:1090A400BD00D300EF00D400A000AD00F600140111
:1090B400E300A4009600A300AF00C000D000CA00E3
:1090C400B600BE00DC00DD00C200C400E900E90017
:1090D400B800A700DE001101F900BA009A009D0053
:1090E400A500B500CB00CB00B400B400D400E00070
:1090F400C400BA00DD00EE00C600A200C100FB00FF
:109104000001D100AA00A100A300AE00C800D50050
:10911400BE00AE00C700E200D100B900CF00ED00F0
:10912400D800AE00B700EC000201E500BF00A900C2
:109134009C009E00BD00D700C600AA00B700DC005A
:10914400D900BB00C300E700E300B800AB00D400C3
:10915400F700EE00D000B700A4009B00B100D600D9
:10916400D300B100AF00D400DE00C000BA00DF00BD
:10917400EA00C600AD00C800ED00F200DE00C70042
:10918400AF009900A100C600D600BD00AD00C60026
:10919400DD00C900B700D200EB00D500B000B90073
:1091A400DC00E800E100D500BE009F009900BC008F
:1091B400D800C900B100BF00DB00D000B700C60072
:1091C400E700DF00BE00B800D000E200E400DE00EB
:1091D400CB00AA009700AC00D000D000B500B500C9
:1091E400D200D500BB00BD00DE00E400C600B7001D
:1091F400C900D900DC00DE00D800BA009C00A3003E
:10920400C800D500C000B400CB00D900C400B90028
:10921400D100E200CF00BD00C700D500D800DD00BA
:10922400DF00C700A2009D00BD00D400C400B2004E
:10923400C300D800CC00B800C700DF00D400BF00D2
:10924400C400D000D100D400E100D600B0009B00DF
:10925400B100D100CE00B700BA00D300D400BD00E5
:10926400BE00D600D900C800C500CD00CD00CF0097
:10927400E300E400BF009C00A500C900D100BA00CF
:10928400B500CD00D800C400BB00CF00D900CB008E
:10929400C400CB00C900C800D900E900D200A7006F
:1092A400A000BE00D000C300B700C600D400CA00AE
:1092B400BD00C800D400CD00C700CE00CD00C3005F
:1092C400CE00E900E300B7009F00B200CD00C90062
:1092D400B800BE00D000CF00C100C100CF00CE0056
:1092E400C900CF00CE00C100C300DF00EA00C900FE
:1092F400A600AD00C800CC00BD00BD00CE00D20069
:10930400C400C100CB00CD00C600CB00D300C80010
:10931400BE00D300EA00D700AE00A600BF00CD0017
:10932400C100BA00C600D000C900C200C800CB000A
:10933400C600C900D400CF00BF00C800E300E100AC
:10934400BD00A800B900CC00C600BB00C300CF001C
:10935400CC00C500C800CB00C500C400D100D600B5
:10936400C400C000DA00E700CB00AA00B000C600C9
:10937400C800BD00BF00CB00CB00C500C800CC00B6
:10938400C500C000CC00D500C800BD00D100E60077
:10939400D700B600AF00C100C800C000BF00C900BC
:1093A400CC00C600C700CE00C900C000C700D5006D
:1093B400CE00BE00C800E100DE00BF00B000BC006B
:1093C400C500C100BE00C600CB00C600C700CE0069
:1093D400CB00C000C300D400D300C000C000D7003D
:1093E400E100CB00B500B800C300C300BF00C50056
:1093F400CA00C800C800CE00CD00C100BF00D10023
:10940400D800C700BD00CF00E000D300BC00B90005
:10941400C100C200BF00C200C900C700C500CB0024
:10942400CF00C400BC00CA00D900CC00BB00C500FA
:10943400DB00D900C300B900BF00C400C100C200F2
:10944400C900CA00C600C900D000C900BD00C300DD
:10945400D600D400BF00BF00D400DC00CA00BB00AB
:10946400BE00C200C200C300C800C900C500C600D7
:10947400CE00CD00AD00BF00DC00AF00E300BC00B7
:109484009F001001AC00D000DB009600E000CA0091
:10949400A100FD00AD00B600F700AC00D800C80084
:1094A4009B00F700B700B100FB00AE00D300DF0063
:1094B4009C00E600BD00A000EC00B200CA00E4007D
:1094C400A300F000D2009200E500BD00BA00E00065
:1094D400A200E500E500A100E500B900AF00EA0044
:1094E400A000C900E200A400E800D200B100E3003B
:1094F400A700CA00EA009800D800DE00B200EC0021
:10950400B900BA00E3009D00CE00DB00A600E40031
:10951400C100BE00F900A700B700DA00AC00DE000D
:10952400C100AF00F300B800C400E500A000CE0005
:10953400CC00A800E500BA00BB00EC00B200D100EA
:10954400D100A400E800C200AE00ED00BE00CD00D2
:10955400DB00AC00DE00C200A400E100B700C300E1
:10956400E200AC00DC00D800A600D900BE00BD00BB
:10957400DF00AB00D700E200AC00DD00C300AD00AB
:10958400DC00B300C700D800A900DD00D200B4009D
:10959400E000B300C100E600AA00CE00D900BA0082
:1095A400E400BD00BD00E100A600C400DA00AF0085
:1095B400DB00C500B900EB00BA00BF00D400AE0068
:1095C400D900CA00B000E800C100C100E100AD004C
:1095D400C600CA00AF00DF00BD00B700E600B80057
:1095E400CD00D600AB00DC00C900B100E000C00033
:1095F400CC00DB00AE00D900CB00A600D700BE0033
:10960400BF00DE00B300D200D800B300DA00C1000E
:10961400B900E000B400CA00DE00B100D800CD00FB
:10962400B300D600B500C400D900AA00D200D60009
:10963400B800DE00BD00BD00E000B400C800D400E6
:10964400B900DD00C400BA00E000B200C000D600DA
:10965400B100D300C900B800E300C000C300D800C3
:10966400B000D100D100B300DC00C400BE00E000B3
:10967400B900C600CD00B100DA00C300B100DE00BD
:10968400C000CA00D800AF00D200CE00B600DB0094
:10969400C000C400DC00B500D100D200AE00D2008E
:1096A400C200BA00D900B900CC00D900B600D60077
:1096B400C600B400DC00BE00C600D900B300D2006E
:1096C400D300B800D500BA00BE00DC00B200C90067
:1096D400D600BA00D900C300B800D900BA00C80047
:1096E400D600B500D600CC00BD00D700C100C10033
:1096F400CC00BC00CA00CA00C200D100CA00C40029
:10970400C900C000C600CA00C700CC00C500C40020
:10971400CF00CC00C800C500C100C800C800C30009
:10972400C500C900CF00CC00C100C400C800C700F8
:10973400CA00C800C700CA00C700CB00CA00C500E1
:10974400C600C300C300C800C400C9007E00640092
:10975400C100B3009500E300EB00B200AA00E000F2
:10976400CD00C8000D01F300BE00FA005701D90076
:1097740059005B00BD00C300A200CE00E300C2009C
:10978400AF00EA00D000C600E900F300CE00F70005
:1097940051010601730053009D009C009E00CB0004
:1097A400DD00B300AD00D900CA00BC00E400ED0048
:1097B400BB00DE003401160197006C00A200B0006B
:1097C400AE00D300DD00BA00BE00DD00D000BB0057
:1097D400E000F400C300D00029012201AF006E00B4
:1097E4008D00A400A700C800D700B400B500D300C2
:1097F400C700B700DF00F200BB00B5000F01240171
:10980400BF007F009600AA00AF00CA00DA00C000C3
:10981400BD00DA00CB00B300DE00F800C600B600DD
:1098240003012401D10085008F009F00A500C5001D
:10983400D600BE00B800D000C700B000D300F500C9
:10984400C600AF00F4001E01DD0094009200A000E9
:10985400A600C700DC00C400BD00D500CC00B200E7
:10986400CD00F500D200AF00EA001F01F000A70010
:1098740094009900A000BD00D700C400B800D10036
:10988400CC00B000C600ED00D800B000D6000F0137
:10989400F200B400A2009E00A000BE00D600C500E5
:1098A400B700D100D300B000BF00EF00DE00B40069
:1098B400D2000C01FE00BE00A1009A009900BD0078
:1098C400D800C600B700C800CD00B400BD00EB004E
:1098D400DF00B500CB00FC00FB00CF00AA009C0019
:1098E4009900B900DD00CD00B800CB00CD00B30075
:1098F400B600E100E900BE00C100F500FE00DA0098
:10990400B5009B009600B100D400D100BA00C80095
:10991400D100B100B000DC00E500C200BD00E800E9
:10992400F800DC00C000A6009400AE00D400D20011
:10993400BF00CB00D600BD00B200D900E600C400D1
:10994400BB00DD00F400E500C700AA009300A300FB
:10995400CF00D2009C00BA00F300AE009700F900DB
:1099640003019E009900EC00F100D000F100DC003E
:109974007A008100E300EB00B300CC00F500A900FD
:109984008500DA00FA00BB00B600F500ED00BD006A
:10999400DE00DE008A008700E200E6009E00BA00D6
:1099A4000101CE008C00C600F400B800A800E50058
:1099B400E800C600DF00E30093008000DA00E7005F
:1099C400A800BC00F200C8009D00D700F800B80051
:1099D400AA00E400DF00C200E600EB0096007E006F
:1099E400D000EB00AF00B700EC00CB009700C40040
:1099F400F700D700BB00D100CD00BD00E100ED00B1
:109A0400A3008200C100E000B400B900EB00D5005F
:109A1400A000BF00E700CA00BC00E600E600BE00EC
:109A2400D500EE00AB007E00BD00E800B900AE003A
:109A3400E100D900A300B900E800D100BE00D800BD
:109A4400D600C300E700FE00B2007900B000DC00DD
:109A5400B800B900E500D500A300B600E000CB00D3
:109A6400BE00E200DC00B800D500F900C9008E0099
:109A7400AD00D700BC00B000D600D600B100B800DD
:109A8400D600CD00C200D800D800BE00D600F80031
:109A9400C6009000B100E000C800B100D300D600B9
:109AA400AC00B300DA00CE00BD00D800DE00BE007A
:109AB400CA00F600D6009200A400D400C800BD007D
:109AC400D900D500AF00B100CF00C600BF00DD0053
:109AD400DA00B600CA00F800D9009C00A900D20040
:109AE400C400B700D700DE00C000BD00CD00C20036
:109AF400B900D100D900BE00C700ED00DB00A7000B
:109B0400A700C800CA00C000D000D400BB00BE003B
:109B1400D700CC00BE00D100D400B400B800EB00E4
:109B2400E800A900A100CA00C800BB00D300DE0001
:109B3400C100B900D100CC00BC00DA00E400B500DB
:109B4400B100E000E200B200A700C600C200BA0003
:109B5400D600D600BA00C300D800C600B500D400B1
:109B6400E500BE00B500E200E200B100A500BE00C1
:109B7400C400BD00CE00DA00C300BE00D200CB009A
:109B8400BC00D100E000C400B700E000F000C00059
:109B9400A600B700B800B800D200DB00BC00B800D3
:109BA400D600CE00B200CD00E800C400AE00D9005B
:109BB400EE00C600B200C200B900AE00CC00DA006C
:109BC400C000BD00D200C900BA00CF00DC00C5004F
:109BD400BA00D300E100CE00BC00B800BA00C20055
:109BE400CE00CC00BE00C000CB00C700BD00CA0040
:109BF400D900CD00BE00C900DE00D700C000B5000A
:109C0400B400BE00D100D800CA00C000C300C30025
:109C1400BD00C900D800CD00BE00CC00D900D300DF
:109C2400C700BD00B300B700CC00D400C600C60016
:109C3400D200C600B700C400D700CE00BD00C500E6
:109C4400D600D700CC00BE00B200B800CC00D200D1
:109C5400C800C400CE00CE00C300C800D300CB00AF
:109C6400BE00C300D000D200CC00C500B700B300D2
:109C7400C500D300C800C200CD00CD00BF00C500A0
:109C8400DA00D600BE00BC00CC00CF00CD00C60078
:109C9400B800B400C400D200C800C000CC00CF009B
:109CA400C100C600D500D500C900C500CC00CC0059
:109CB400CA00C900BC00B100C100D100CB00C10082
:109CC400C500CC00C300C200D300D500C800C30047
:109CD400CB00D300D100C700BA00B200BD00CE0053
:109CE400C900C300CC00CE00C200BF00CF00D70023
:109CF400CA00C500CA00CA00D000D300C500B50020
:109D0400B900C900CA00C100C700CE00C500C30025
:109D1400CB00CE00CB00C600C700C900CE00D200E5
:109D2400C500B700C200CD00C800C100C700CD0007
:109D3400C300BF00CD00D200CB00C800C600C600DF
:109D4400CC00D100CB00BA00B800CA00CE00C700D6
:109D5400C700C900C500C100C700D000CD00CA00BB
:109D6400CA00C400C900D300CB00BB00BB00C800BC
:109D7400CA00C300CB00D200C500BD00C600CD00A0
:109D8400CC00C800C900C800C700D000CD00BE0088
:109D9400BA00C500CA00C700C700CB00C900C40090
:109DA400C900CC00C900CA00C900C400C800D20060
:109DB400D000BF00B800C500CA00C600C900CC006E
:109DC400C600C100C800D100CF00C900C600C4004D
:109DD400C700CF00CE00C400BE00C100C500C6004D
:109DE400C800CA00C400C200C600CB00CE00CE002A
:109DF400CB00C600C400CC00CF00C400BE00C40029
:109E0400C700C600C600C800C700C200C500CB001A
:109E1400CC00CD00CB00C700C800CE00CF00C500E9
:109E2400BE00C200C600C500C900CB00C400C0000B
:109E3400C400CA000300A8001601590092003201B0
:109E4400CF005B00E600FB00AE00F7003501C60062
:109E5400FD00190168001A0006010A0150008B0078
:109E64003F01B000680022013A018800D800520185
:109E74000301BF00CC0065003B00D800F10069007D
:109E8400BB002C0197006F00280113017B00E9003F
:109E94007101D7005B00B700B1007600E000FD005F
:109EA4008800B3000901B400A8003001070187004D
:109EB400020162018D002D00D200DA006D00B600AF
:109EC400F8009D009C000401DD00A200F300F700EF
:109ED400BE0018011B0155004900F600E0006E00A9
:109EE400CC00150190008B001D01F5009700ED00DA
:109EF4001F01D600CC00C5006E0087000401CA0013
:109F04006400D00006018900A6002D01DE00800057
:109F1400FB003A01B2008200C700A5009700EB00E5
:109F2400D3008D00D600F600A400C2001701CD00B6
:109F3400990021012D0174006700DF00BA00880038
:109F4400DA00E6009700B100F200C900C500020182
:109F5400D500B6000C01E7005B008C00FC00BA00E1
:109F64008200E300EE008900BD001C01D200A700BE
:109F7400F700FD00D000E000BB006B00A300F70079
:109F8400AE008300E800DF008700D6002501BE0094
:109F940098000A011501AB009F00BC009900B200B3
:109FA400ED00B9009600D900D500A500E1000C0130
:109FB400BA00B8002001F70078009C00DF00A90077
:109FC400A100DC00C700A300D400E600B900CD0066
:109FD400EE00C100D1001301C5006500B100F1001D
:109FE400AA009B00E700D2009600D500FE00BF0047
:109FF400BE00F400E300D000DE00AE008000BE002E
:10A00400E600A700A200E700C7009C00E8000001EA
:10A01400B300B6000201F000B000B700BB00A3001B
:10A02400C400D900A600AF00E400CA00B200EB00EF
:10A03400EE00AC00CB001501D7008400AF00D000C7
:10A04400AF00BF00D900B300A700D800DB00C200F6
:10A05400DB00E100C000E000FF00AD007D00C400B3
:10A06400DE00A800B200E100C000A800DF00EE009E
:10A07400BE00C700E700DD00DB00D700A0009100B0
:10A08400CD00D500A100B400E000BD00B000EC009C
:10A09400E700B100CD00FF00E000B600B800AF005B
:10A0A400AA00CC00CE00AE00BC00D200C200C700A3
:10A0B400E900D600B600DB00FD00D300A400AF0029
:10A0C400C100BA00BB00C300BB00BC00CA00CF0083
:10A0D400D400D700CC00CD00E800E500B2009F001A
:10A0E400C300CE00B800C000CE00BC00B600D10052
:10A0F400DF00CD00C500D600E200DD00C100A200F3
:10A10400AE00D000CA00B300BF00CD00B900C0004B
:10A11400E100D800BC00CA00E800DE00C100B000C5
:10A12400B000BF00CB00C800C000CC00D100BF000D
:10A13400C700DD00CF00BF00DF00EE00C600A500B1
:10A14400B500C300BD00C000C600C100C400CE00FD
:10A15400D300D300CD00C100CC00E400DA00B0008D
:10A16400AA00C400C600BA00C200C700BD00C500F2
:10A17400D800D900D000CE00CE00D600DB00C2004B
:10A18400A700B600CE00C200B800C800C800B700DF
:10A19400C800E000D200C300D800E600D300BC0031
:10A1A400AF00AE00C000CC00C000B900C800CA00B7
:10A1B400C100D000DB00C500C200E400ED00C8000F
:10A1C400AF00B300BA00C000C900C400BF00C7009C
:10A1D400CD00CC00D100CE00C500D000E600D600F2
:10A1E400B400B300C200BD00BC00C600C600C1007C
:10A1F400CA00D400D100CB00CB00CD00D900DA00D6
:10A20400BE00AC00C000CE00BD00B800C500C30055
:10A21400BD00D200DC00C900C300D500D900D000C5
:10A22400C500B300AF00C500D200C600C100C7001E
:10A23400BF00BF00D500DA00C400C600E000DC00A7
:10A24400BF00B300B900BC00C600CD00C800C40004
:10A25400C800C700C900D100CE00C400D100DF008F
:10A26400CA00B000B500BF00BF00C700CC00C400E6
:10A27400C500D200D300C900C700C700CC00DE006F
:10A28400DA00B600AA00C200C800BB00C400CF00B8
:10A29400C200C000D800DA00C500C400D000D1005C
:10A2A400CF00C800B700B500C800CA00BD00C20096
:10A2B400CB00C300C800D900D100C100CD00DE002E
:10A2C400CF00BA00BB00BE00C000C700C600C0007B
:10A2D400C500C900C600CE00D500C800C300DA001E
:10A2E400E000C200B100BB00C100C300CC00CA0042
:10A2F400BE00C400D000CD00CB00CF00CB00CB000B
:10A30400D900D300BA00B500C200C100BD00C90025
:10A31400CC00BF00BF00D800CF00C400CA00D400E6
:10A32400D800CC00C300B900B600CA00CA00BA0005
:10A33400C500CB00C800CF00D100CD00C500C900C6
:10A34400DC00D200BF00BE00B800BF00CA00C400D9
:10A35400C300C100BF00CC00D300D100C600C500BB
:10A36400DD00D900BB00BC00C100BD00C300C900B2
:10A37400C900C300C500CE00C600C700D500C9008F
:10A38400C800DA00CF00B800B800C700C800BD009C
:10A39400C800CD00BC00C800DA00C900BF00C80076
:10A3A400D600D600C700C100BA00B800C900CA0070
:10A3B400C400CC00C800C200CB00D000CD00C30054
:10A3C400C700D500CE00C300BE00BA00C500CB0054
:10A3D400C000C300C900C900CC00CE00CD00C3003A
:10A3E400C600D900CD00B800C200C500BE00C5003B
:10A3F400CC00C800C000C800D300CA00CA00D00006
:10A40400C500CC00DC00CA00B200B600CA00C80017
:10A41400BD00CA00CC00BE00C800D400C900C600FC
:10A42400CD00D100CD00C700C600BD00BD00C800EE
:10A43400C400C100C900C600C400CE00CE00C700DD
:10A44400C700D400D800C800C000C000C000C900C4
:10A45400C800BF00C600CB00C600C500CA00CC00BF
:10A46400C400CA00DB00CF00BF00C300C200BF00AD
:10A47400C600CB00C400BE00C800CF00C400C800A2
:10A48400CC00C600CD00D500C700BE00C500CA0080
:10A49400C100C000CF00CC00BE00C800CD00C60083
:10A4A400C500CA00CF00D000CB00C200BC00C4006D
:10A4B400CD00C400C400CB00C700C700CE00CB0051
:10A4C400C400C500CF00CD00C400C500C400C20054
:10A4D400C800C900C500C800C600C500CA00D10034
:10A4E400CC00C200C900D500C700BD00C300C50030
:10A4F400C300C600C900C900C600C900C900C40021
:10A50400CB00CE00C800CC00CE00C500BF00C20006
:10A51400C600C500C600CD00C600C000CB00CE00FA
:10A52400C800C600CA00CF00CC00C600C300C000EB
:10A53400C300C600C300C900CD00C500C500CB00E0
:10A54400CC00C800C600CD00CF00CA00C800C300BC
:10A55400BE00C400C600C300C600C800C800C800CE
:10A56400C900CA00C500CB00D300C800C200CA009D
:10A57400C900C300C400C800C600C100C700CB00A6
:10A58400C600CA00CB00C500CB00D000C800C10083
:10A59400C600CA00C400C500CC00C600C100C70084
:10A5A400C900C500C800CC00CA00C800C900C70063
:10A5B400C400C600C700C600CB00CB00C400C40062
:10A5C400CA00C900C500C900CD00CA00C700C70041
:10A5D400C300C300C900C900C700C900CA00C50040
:10A5E400C500CB00C800C200CA00CA00C100C60032
:10A5F400C700BF00C100CB00CB00C700CA00CC001D
:10A60400C800CC00CD00C800C700D300CF00BE00F6
:10A61400BA00C800C800C100C700CB00C500C40010
:10A62400CB00CA00C700CD00CD00C800CA00D000CE
:10A63400C900BE00BE00C500C400C400C800C800F4
:10A64400C500C700CA00C800C800CB00CC00C700C2
:10A65400C700CC00CD00C700C100C300C800C700BC
:10A66400C600C800C700C600C800CB00CA00C900A5
:10A67400CA00C600C400CD00D100C700C100C50097
:10A68400C600C400C500C800C500C500CD00CA008E
:10A69400C300C800CC00C700C400CB00CF00C80072
:10A6A400C400C600C300C300C700C900C700C80077
:10A6B400CA00C700C600CD00CC00C400C400CE0050
:10A6C400D000C900C300C200C200C500CA00C9004E
:10A6D400C300C500C800C800C700C800C900C9003D
:10A6E400C800CB00CC00CA00C700C400C400C60028
:10A6F400C500C500C700C900C900C500C500C90020
:10A70400CC00CA00C400C600CE00CE00C800C500FC
:10A71400C400C200C500C900C800C500C700CA0003
:10A72400C800C800CB00C600C300C900D000CE00DA
:10A73400C800C300C200C500C900C700C300C600EA
:10A74400CB00C900C600C700C800C800C700C800C5
:10A75400CB00CC00C800C300C400C700C400C500BF
:10A76400C900CA00C800C700C600C600C900CB00A3
:10A77400C600C300C900CF00CA00C500C400C3009E
:10A78400C600CC00CB00C600C600CA00C700C50086
:10A79400C900C900C200C500CC00CE00C900C50074
:10A7A400C500C600C700C900C700C600C900CA006A
:10A7B400C600C400C600CA00C700C500C900CB005B
:10A7C400CA00C800C700C600C600C700C800C6004B
:10A7D400C800CB00C700C300C600CA00C800C4003C
:10A7E400C900CE00CC00C800C500C100C300C90028
:10A7F400CA00BF00B800D000C500BD00D000D10021
:10A80400BE00C400D500CF00CA00D300CD00C100F3
:10A81400C900CC00BD00C200D000C900B900C3000B
:10A82400CA00C300C900D400CB00C500CE00D300C9
:10A83400C900C400C000BD00C600CB00C300C800EE
:10A84400D000C500BB00C900D000C200C500D700BD
:10A85400D100C100C400C400BD00C700D100C500C0
:10A86400C100CD00CA00C100CF00D500C100C000A6
:10A87400D400CC00BA00C500CE00BE00BB00CD00A1
:10A88400CD00C000C800D000C800C700CD00CB0078
:10A89400CD00D200C600B700C100CE00C400C00085
:10A8A400CA00C700C000C900D100C900C700CC005D
:10A8B400CC00CA00C800C200C100CD00CC00BF005B
:10A8C400C200CA00C000BF00D100D100C100C60050
:10A8D400D500CB00BF00C800C900C200C700CC002F
:10A8E400C500C700D100C700BB00C800CF00C4002A
:10A8F400C800D500C800BA00C400CD00C300C3001E
:10A90400CD00C900C100C900CE00C800C700C700FF
:10A91400C600CB00CC00C300BF00C900CA00C10000
:10A92400C700CE00C700C300CC00CE00C800C700DB
:10A93400C800C800CC00CB00C000BE00CA00C700DD
:10A94400BF00C800CF00C400C400D100CC00C100C7
:10A95400CB00D300C500BD00C700C800C400CA00B6
:10A96400C900C000C400CB00C600C600D000CC00A3
:10A97400C200CB00D400C600BB00C500C900C4009F
:10A98400C500CB00C900C700C900C800C500C90084
:10A99400CA00C800CB00CA00C400C400C800C40078
:10A9A400C100C900CC00C400C400CB00CB00CA0065
:10A9B400CD00CA00C700C900C500BF00C800CE0052
:10A9C400C300BE00CB00CC00C000C500CF00CA004D
:10A9D400C400CC00CF00C700C900CC00C200BF0037
:10A9E400C800C900C400C600C700C300C800CF0027
:10A9F400C800C300CD00CF00C500C300CB00CA000F
:10AA0400C400C600CA00C700C300C300C600CB0010
:10AA1400CB00C600C600CB00C900C400C700C900F3
:10AA2400C600C600C900C800C700CA00CB00C600E3
:10AA3400C600C800C700C700CA00C700C300C600DC
:10AA4400C900C500C600CD00C900C100C600D000C1
:10AA5400CC00C700C900C900C400C500C700C500B8
:10AA6400C600C900C700C600C900C800C600C900A6
:10AA7400CD00CB00C900C900C800C600C700C6008D
:10AA8400C400C300C700C900C700C500C600C90090
:10AA9400CB00C900C800CA00CB00C700C400C50071
:10AAA400C700C700C700C900C700C400C500C8006C
:10AAB400CA00CA00C900C700C700C900C800C60050
:10AAC400C600C600C600C700C800C700C700C9004A
:10AAD400CA00C800C500C800CA00C700C500C70036
:10AAE400C900C800C600C700C700C700C700C80027
:10AAF400C900CA00C900C900C900C800C600C40012
:10AB0400C500C900CA00C700C600C800C600C4000A
:10AB1400C700CA00C900C800CA00C900C600C600F0
:10AB2400C900C700C500C700C900C800C700C700E6
:10AB3400C600C600C800C900C800C900C800C600D5
:10AB4400C500C800C900C600C700C900C800C700C6
:10AB5400C700C800C600C700CA00CA00C700C600B4
:10AB6400C600C600C700C800C700C700C700C800A9
:10AB7400C900CA00C800C600C700C900C800C60092
:10AB8400C600C800C800C700C500C600C800C90088
:10AB9400C700C800C800C800C900CB00C800C40072
:10ABA400C500C900CA00C800C700C700C600C70066
:10ABB400C800C800C700C800C900CA00C900C60050
:10ABC400C500C700CA00C800C500C600C800C80048
:10ABD400C700C700C800C700C700C900C900C70034
:10ABE400C600C600C700C800C800C800C800C70027
:10ABF400C700C800C800C700C700C900C900C70013
:10AC0400C600C700C700C900C800C600C600C80007
:10AC1400CA00C900CA00C900C500C600C900C800EE
:10AC2400C500C600C800C900C800C700C600C600E9
:10AC3400C800C900C900C800C700C900CA00C900CB
:10AC4400C500C300C600C900C900C800C700C700CA
:10AC5400C800C800C800C800C700C800C800C900B0
:10AC6400C700C500C600C900C900C600C600C700A9
:10AC7400C700C800C900C800C500C700C900C90092
:10AC8400C700C600C600C700C900C800C700C70087
:10AC9400C800C800C700C900C800C600C800CA0070
:10ACA400C800C500C600C700C900C900C700C50068
:10ACB400C600C900CA00C800C700C700C600C80053
:10ACC400C800C600C600C800C900C800C700C70045
:10ACD400C600BC00C500CF00C400C300CC00C9003E
:10ACE400C200C900C900C400CA00D300C800C8001B
:10ACF400CC00C200BD00CD00CC00C000C100D1001A
:10AD0400C900BE00CA00CF00C400CA00D100CB00F5
:10AD1400C600C800C100BE00C800CB00C200C80005
:10AD2400D300C400BB00CB00CE00C300C900D200D6
:10AD3400CA00C000C500C600C100C900CD00C400DF
:10AD4400C700CD00C500C400D000CE00C200C800BA
:10AD5400D300C500BA00C700C900C000C600CD00BA
:10AD6400C700C400CA00C900C500CB00CD00C7009D
:10AD7400CE00D000BE00BA00C900CB00C100C6009E
:10AD8400CE00C600C200CD00CC00C400CA00CE0074
:10AD9400C900C800C600C000C300CB00C800C00082
:10ADA400C700CD00C200C300CF00CA00C400CC005D
:10ADB400D100C700C100C600C600C500CA00C80053
:10ADC400C400CC00CC00C100C300CD00CA00C50043
:10ADD400CD00D000C100BE00C900C800C300C90036
:10ADE400CA00C500C600CA00C800C700CB00CA001C
:10ADF400C600CC00CA00BE00C200CC00C800C3001C
:10AE0400C900CC00C400C400CD00CA00C500CA00FB
:10AE1400CC00C900C900C500C000C500CB00C700F4
:10AE2400C100C900CC00C400C700CD00C600C500E5
:10AE3400CE00CF00C500C100C500C600C800CB00CD
:10AE4400C600C200C900CA00C600C900CC00C700C1
:10AE5400C700CF00CC00BF00C000CA00C800C500B6
:10AE6400C800C800C700C900CA00C600C600CB009D
:10AE7400C900C800CC00C600BE00C500CB00C60097
:10AE8400C400CA00CA00C400C700CB00C600C70083
:10AE9400CE00CC00C800C700C300C100C800CC006D
:10AEA400C500C300CA00C800C400CA00CC00C50065
:10AEB400C600CE00CD00C600C500C600C400C70051
:10AEC400CB00C600C400CA00C900C600C900CA003D
:10AED400C600C800CE00CA00C100C300CA00C70033
:10AEE400C700C900C600C500C800C900C800C80022
:10AEF400C900C800C900CB00C400C000C700CC0012
:10AF0400C700C600C800C700C600CA00CB00C50001
:10AF1400C600CB00C900C900C800C400C200C800F4
:10AF2400CA00C600C600CA00C700C400CB00CC00DB
:10AF3400C600C700CD00CA00C400C500C600C500D5
:10AF4400C800CA00C500C500C900C700C600CA00C1
:10AF5400CA00C700C900CD00C900C200C500C800AE
:10AF6400C700C700C800C600C500C800C900C900A2
:10AF7400C800C800C800CB00CB00C500C200C70091
:10AF8400C900C800C800C800C500C500C800C90081
:10AF9400C800C800C900CA00CA00C700C200C40073
:10AFA400C900C900C600C700C800C400C600CA0062
:10AFB400C800C600C900CC00C900C500C500C50052
:10AFC400C800CB00C900C600C800CA00C600C6003D
:10AFD400C800C700C600CA00CD00C700C200C40034
:10AFE400C700C800C800C800C800C700C900CA001C
:10AFF400C800C600C500C700C900C900C500C40018
:10B00400C700C800C600C700C800C700C800CA00FF
:10B01400CA00CA00C900C700C800C800C500C300F0
:10B02400C600CA00C800C500C700C800C700C900E0
:10B03400CB00C900C700C900CB00C800C400C300CE
:10B04400C500C800C900C700C600C700C700C800C3
:10B05400CA00CB00C800C700CA00CB00C700C400A8
:10B06400C500C700C700C700C700C700C700C800A5
:10B07400C800C900C900C800C900CA00C700C5008B
:10B08400C600C800C700C600C600C700C700C80085
:10B09400C800C800C800C800C900CA00C900C5006B
:10B0A400C500C800C900C700C600C600C600C60067
:10B0B400C800CA00C900C700C800C900C800C7004A
:10B0C400C600C600C700C900C900C800C600C50044
:10B0D400C600C900CA00C800C700C900C800C6002D
:10B0E400C500C700C800C800C700C700C700C70024
:10B0F400C800C800C800C800C700C800CA00C8000B
:10B10400C500C500C700C900C800C800C600C60005
:10B11400C800CA00C900C700C700C800C900C900E8
:10B12400C700C500C600C800C700C700C800C700E4
:10B13400C600C800CB00CA00C700C700C800C700CB
:10B14400C700C700C700C800C800C700C600C600C3
:10B15400C800C900C900C900C700C800C900C900A7
:10B16400C600C500C600C700C800C800C700C600A6
:10B17400C600C700C900CA00C800C600C800CA008B
:10B18400C900C500C600C700C800C800C800C70081
:10B19400C600C800C900C800C900C800C700C8006C
:10B1A400C900C700C600C800C800C600C600C80061
:10B1B400C70040008900F3007E0099000701D90010
:10B1C4008800DF00E000A100C9001901EE001501AC
:10B1D40001017E003100D700EC0078009C002201C0
:10B1E400C8009B0005010C018500CB004801220129
:10B1F400D100BC0068004F00BE00DC008500BC002C
:10B204001201BF009700FA00E5008B00F30067010C
:10B21400F10078009D009F008800D600ED009D009D
:10B22400BF000501C600A800F900E800AD00170141
:10B234004F01A2004700B300C5008100B700EA0037
:10B24400AD00B500FC00D0009B00D700ED00DB0092
:10B254001B010B0168005800DF00D6008300CB00FF
:10B264000701AF00A9000501DB009300E200220101
:10B27400F200D800BB006C008300E700C600830026
:10B28400D300FA00A200B5000A01C400890000013D
:10B294003901C8009300B6009B009A00DE00CE007E
:10B2A4009D00DA00F900B200BC00F500C200B20053
:10B2B4002901260187007200CA00B2009200D7005B
:10B2C400DC00A100C700F600BF00AF00E500D90014
:10B2D400D6001501E30064008B00EE00BB008F0074
:10B2E400DE00E5009E00CA000701BE009F00F100D9
:10B2F4000301DD00E100B7007000A200EB00B00024
:10B304009400E800E4009D00D2000101AD00A1001A
:10B3140014011601B300A600B6009200B000E900C3
:10B32400BD00A100E100DF00AA00D500F500B000D7
:10B33400C1002901FB007F009900D100A500A600EF
:10B34400E300C600A200D800EB00B600C300E20090
:10B35400C500DB001501C9006C00AB00E600A700C6
:10B36400A500ED00D0009D00DD00F800AF00B100A5
:10B37400F500ED00D900E200A8007900C100E80062
:10B38400A400A600EC00C900A100EA00F6009E009B
:10B39400B4001201F300AD00BA00B6009600C50077
:10B3A400E600AD00AB00E700CF00B000E600E4002B
:10B3B400A100CF002201DB008500B200CB00A10078
:10B3C400BD00E400B500A600E300DF00B600D10034
:10B3D400DC00BA00E4000C01B3007800C700DE0012
:10B3E400A300B900E900B600A700EF00EA00A70037
:10B3F400C200EE00D900DA00E300A0008800D40007
:10B40400DD009C00B900EA00B900AD00F500E000E1
:10B414009900CA000B01DB00B400C600AD009D001A
:10B42400D700DB00A600BA00E100C500C100E500BA
:10B43400CE00A900E0000801C9009C00BA00C100C8
:10B44400B000C400D000B500BA00DA00D500C600D0
:10B45400CE00C700C500ED00EE00AC009800C600A9
:10B46400CD00B300C300D300B900BC00E300D90091
:10B47400BA00C500DA00DD00E200CD00A000A4009F
:10B48400D000CA00AF00C700D400B600C400EA0070
:10B49400D100AC00CD00EF00DB00C200BA00AB006D
:10B4A400B400D100C900B600CA00D500C200CD0066
:10B4B400E100C200B100E400F700C300A900BB0032
:10B4C400B900B600CC00CB00B700C400D800CC0053
:10B4D400C800CF00BF00C600EF00E400A900A6002A
:10B4E400CA00C400B500CD00D100BA00C600DE0019
:10B4F400CD00BE00CA00D100D800E400C900A200FB
:10B50400B200D200BF00B300D100D100B800CB001C
:10B51400E100C300B200D600E700D300C500B900C3
:10B52400AB00BE00D200C000B800D100CF00BC0008
:10B53400D100DD00BA00B700E800EC00BF00B300A2
:10B54400BE00B900BE00CC00C300BC00CD00D100D9
:10B55400C500CE00CF00BB00CB00EE00D700AA0090
:10B56400B500CC00BD00BB00CF00CA00BB00CC00BE
:10B57400D700C800C300CA00CB00DA00E200BF0055
:10B58400A400C100D400BB00B900D200C800B800B8
:10B59400D100DB00C000BC00D500DA00D100CA0035
:10B5A400B600AE00C600D100BE00C100D100C50087
:10B5B400BE00D600D500B600C100E600DE00BF0024
:10B5C400BA00BD00B900C400CD00C400C400CE0060
:10B5D400C900C500D100C900B900D100E900CD00FF
:10B5E400AE00BB00C600BC00C600D300C800C20049
:10B5F400D000D000C500C600C600C800DA00DD00D7
:10B60400BA00AC00C400CA00BB00C700D700C50024
:10B61400BD00D200D400BE00C000D000D300D000D2
:10B62400C900B600B400C900CB00C000CB00D500EF
:10B63400C400C100D400CE00B900C600DD00D200B1
:10B64400BE00BC00BB00BC00C900CD00C700CB00DD
:10B65400CE00C500C800D100C600BC00D400E10083
:10B66400C500B000BD00C400C000C900D100CB00BB
:10B67400C600CA00CA00C900CA00C600C800D80073
:10B68400D400B700B200C600C800C000CB00D3008D
:10B69400BA0030009500E600AB007F00C400F10062
:10B6A400FB001001DC008900A000D400D100BA0026
:10B6B400FD003B01EE00D1000F01F50089004C00B4
:10B6C4008A00C200B200BE00B600AB00020139011C
:10B6D400DF0074009F000D01E9009A00D6001501F7
:10B6E4000501EA00E800C9008A008B009B00830082
:10B6F400A300E100C9009C00DA002301D7006D001B
:10B704009C00F200E400C500D300E500F800180135
:10B71400F4008B007900C100BF007F009D00F100A0
:10B72400EA00BB00DC00FD00C8009C00B700D500A7
:10B73400E000F200E700C200E0002201EF00720026
:10B744006A00C100CD0094009500C700DC00E2004F
:10B75400E900C600A000B900D700BD00B900F3009D
:10B76400FD00C600CF000C01E5007B007500BC00A5
:10B77400CF00B700B300BA00CD0004010501AB004F
:10B784008300CF00F900BF00AC00E800FF00E10037
:10B79400E300E600B3008E009F00AA00A800C500E5
:10B7A400D600B400B700FB00F9009D007B00C60082
:10B7B400F700D600BC00CE00E300F300F700C90098
:10B7C40092009F00C800B5009500BB00E500CE00C4
:10B7D400C400EE00EA00AA009900C700DE00D90008
:10B7E400DF00D700CD00F1000701BC0071009B0011
:10B7F400DA00BF009500B600DB00D800DB00DC00F7
:10B80400B700A500C500CF00BA00CD00F300E100E9
:10B81400C700E900F700B1007E00A200CC00C4001C
:10B82400B700BD00C600DD00F600D4009A00A600F3
:10B83400E100DF00B500C100EC00EB00D700DE0042
:10B84400D600AF009E00AD00B200B300C800CD002A
:10B85400BE00D400F900D40090009F00E000E20094
:10B86400BD00C300DF00E700E900DF00B2009A007A
:10B87400BA00C700A600A500D200DB00C400D600B1
:10B88400F000CD00A200B200D200D400D100D50057
:10B89400D000DC00F900E00099008B00C100D20068
:10B8A400AC00A500CA00DC00D500D600CE00B8006C
:10B8B400B600C900C800C300D700DF00CC00D50023
:10B8C400F200DA009B009200BE00CF00B800B00086
:10B8D400C300D700E700E200BA00A100C000E10005
:10B8E400CD00B900D500EB00D900D200DE00C900BC
:10B8F400A300A200B900BD00BE00C600C100C7007D
:10B90400E900EA00B2009800C400E300CD00BE00E4
:10B91400D300E100E100DE00CA00A800A800BF00D7
:10B92400BB00AC00C000D500CB00C900E300E000C0
:10B93400B800A900C400D600D100CC00CB00D300CD
:10B94400E900EC00C3009B00A800C600BE00AD00E7
:10B95400BA00D200D500D300D300C600B500BA00A7
:10B96400C800C900CF00DA00D500CD00DE00E80031
:10B97400C3009C00AA00C800C200B200BA00CB00F9
:10B98400DA00E300D500B300B200D000D400C00058
:10B99400C700DF00DC00D300DA00D400B500A80043
:10B9A400B500BB00BB00C000C100C100D600E80068
:10B9B400CE00AA00B200D100D300C100C400D70059
:10B9C400E200E200D500BF00B100B500BD00B9003F
:10B9D400BA00C600CC00C900D200DC00C900B00027
:10B9E400B700D200D600C900C700D100DE00E600CF
:10B9F400D700B400A900BF00C700B400B100C7005D
:10BA0400D000CC00CF00CF00BE00B600C100CD00F6
:10BA1400CE00D200D200CC00D500E300D200AF00AB
:10BA2400AB00C200CA00BC00B500C000D000DA0000
:10BA3400D500C200B800C300CE00C700C600D200C3
:10BA4400D700D100D400DA00C800AF00B000C200B3
:10BA5400C700C100BF00C200CD00DC00D800BB009D
:10BA6400AE00C200D300C900C000CB00D700DA008A
:10BA7400D900D100BE00B600BB00BD00BC00C300AD
:10BA8400C700C300CA00D900D300BB00B400C6007D
:10BA9400D400CF00C800CA00D300DC00DB00C9001A
:10BAA400B700B800C300BF00B600BC00CA00CE0097
:10BAB400CE00D100CD00BE00BA00C600CC00CC0040
:10BAC400CE00CE00CE00D600D900C300AF00B9002E
:10BAD400CA00C500BB00C100CA00CE00D200CF001E
:10BAE400C300BF00C900CA00C500C900D100CF000F
:10BAF400CC00D300D400C100B400BB00C700C50013
:10BB0400C000C100C700CF00D400C900BB00BD0005
:10BB1400CC00CE00C500C600D000D200D000D100B9
:10BB2400CB00BD00B900C100C200C100C600C60000
:10BB3400C300CC00D700CA00B600BE00D300D300B7
:10BB4400C900C900CF00D100D300CE00C000BA00A4
:10BB5400C200C400BE00BF00C700C700C800CF00B9
:10BB6400D100C600BE00C300CC00CF00CD00C90088
:10BB7400BC00CE00EE00A000DD00B200A000F10089
:10BB8400A700CE00E700A000E100DC00B100F8004F
:10BB9400A900A900EB00AC00DB00DA00A500F1006D
:10BBA400CA00BB00EC009500C000E900A400DF005F
:10BBB400C800A000E600B600C000DA009C00E40063
:10BBC400DC00A100F400CB00B200EE00BF00D700FF
:10BBD400CD009100DA00BD00A900EE00A800BB0072
:10BBE400F100B200D600CA00AB00EE00C300C900E9
:10BBF400F100A200CF00E200A500D900BA00AB001A
:10BC0400E400AD00C700DF00A300DB00D400BA00ED
:10BC1400EF00AB00AF00EA00B200D300D600AF00E3
:10BC2400E900C500B800E000A100CA00E400A700D4
:10BC3400DD00CB00A500DB00B900C500D900A500DC
:10BC4400E000D700AC00EF00C400B100EA00C1007E
:10BC5400D300CB009F00DC00BF00AD00E500AC00CA
:10BC6400C300E800AC00D100CC00B200E700C10082
:10BC7400CE00EC00A700CC00D700AA00DC00BB007B
:10BC8400B000E200B300C700D800A900DB00CF0079
:10BC9400BA00E500AC00BC00E800B000D200D60059
:10BCA400B600E200C000C100DF00A600CB00DD004A
:10BCB400AF00E000C700AA00DA00BC00C800CF0053
:10BCC400A600E000D100AF00E500C100BD00E30024
:10BCD400BE00D100C600A800DC00BD00B700E10032
:10BCE400B100C600DB00B300D700C600B500E20017
:10BCF400C300D000DD00A900D200D300B400D900F5
:10BD0400B600BA00E100B400CA00D100B100DB0003
:10BD1400C700C200E000AB00C200DF00B300D600E1
:10BD2400CF00B900D900BC00CA00D600A500D100DC
:10BD3400D800B600DC00BE00B400D800BB00CC00C4
:10BD4400C900B100E200C800B800E400BC00C200B1
:10BD5400DA00BC00D500C200B000D900BA00C300AC
:10BD6400DC00B100CC00D300B800D900BF00BA0099
:10BD7400E100C500D100D100AE00D500C700B80075
:10BD8400DA00B700C000D900B600CF00CC00B7007D
:10BD9400D500C000CB00DB00AA00CB00DA00B8005D
:10BDA400D500CA00BE00D300BC00CF00CC00AB005D
:10BDB400D900D000B700D900BE00BC00D100BC003F
:10BDC400D100C600B900DD00C200C200DF00B90026
:10BDD400C700D500C000D100BA00B700D700BA0030
:10BDE400C800D100BA00D000CA00C000CF00C20011
:10BDF400C500D000CB00CD00C800C500CA00C400F7
:10BE0400C700C800BE00C300CB00C900C500C600FF
:10BE1400C900C700CB00D000C500BE00C900CF00D8
:10BE2400C800C500CC00C900C300CA00CB00C100D3
:10BE3400C100C900CB00C700C600C600C100C500D0
:10BE4400CE00C900C300C800CA00CA00CB00CA00A3
:10BE5400C700C500CB00CE00C500C200C400C700A7
:10BE6400CA00C600C500C800C700C600C700C80095
:10BE7400C800C500CC00D000C900C500C600C4007D
:10BE8400C900CB00C600C200C500CD00CA00C20074
:10BE9400C800C800C400CB00CB00C200C100C80069
:10BEA400CD00C700C600CE00C800C400CB00CB0044
:10BEB400C600C400C600CC00CA00C600C500C2004B
:10BEC400C800CB00C500C600C800C900CB00C9002B
:10BED400C800C900C700CA00CB00C700C300C20025
:10BEE400C600CA00C600C600CA00C600C700CC000F
:10BEF400CA00C500C200CB00CF00C500C500C80001
:10BF0400C500C800C900C600C600C700CA00C800F2
:10BF1400C600CA00C800C300CA00CB00C500C300E5
:10BF2400C500C900C700C600CB00C800C700CD00CB
:10BF3400CA00C700C500C700CB00C800C400C700C2
:10BF4400C700C700C900C600C700C600C700CB00B1
:10BF5400C800C700C900C600C800CB00C800C5009F
:10BF6400C200C700CD00C700C600C800C700C80093
:10BF7400CB00CA00C700C500CB00CB00C300C5007E
:10BF8400C700C500C700C900C900C700C600C90072
:10BF9400C800C600C900C700C600CB00CB00C5005E
:10BFA400C200C600CB00C700C400C700C700C7005A
:10BFB400CA00C900C800C800CA00CA00C700C70038
:10BFC400C700C400C600CA00CA00C800C600C80032
:10BFD400C900C800C700C600C700CA00CB00C8001B
:10BFE400C400C500C900C800C400C600C800CA0017
:10BFF400C800C800CB00C800C500C900C900C800FB
:10C00400C600C400C600C700C900C800C300C500FC
:10C01400CC00C900C700C700C800CA00CA00CB00D2
:10C02400C800C300C800C900C400C500C800C800D7
:10C03400C800C800CB00C900C600C700C800C800BB
:10C04400C800C500C500C900C900C700C600C700B4
:10C054006D005B00EE00A1006400CA00E4008800EB
:10C06400C3002401AD007600F1002801BA00BB0032
:10C074003D010F0193000C016901CD0038006900F6
:10C08400D200A5009A00CB0093009700250130014F
:10C0940093006600F9002501A200BD002F01FF00F6
:10C0A400C6000E012401A3005B00AD00A7006F00D1
:10C0B400B500DA007A0083001E01230173006D00CD
:10C0C4000301FF00B100E1000801D700EF003B01CC
:10C0D400E8005D008F00E0008F006F00DF00EF00DC
:10C0E4008900AC002601F5007F00A800FA00E000FA
:10C0F400D9000101D900AD0009013E01B6004B0091
:10C10400A500E50096007F00C700C8009F00D80086
:10C114000701AF008000D300E900AF00D60018018A
:10C12400D600A60013013A019D004E00BA00DF00BC
:10C134009C00A400CC00A800B3001101F800780012
:10C1440095000C01E700A200E6001601CD00C40032
:10C154001B01F90079007F00C400A8009A00D300F5
:10C16400C5008500C2002201D6006300A6000A01B2
:10C17400E200B600E100EC00C900E7000F01BE00D8
:10C184007800B400D30097009C00E300D000940032
:10C19400D5001C01C2007400C000F900D000CF001B
:10C1A400F700D500BF000E01120189006A00D30018
:10C1B400DB0088009D00E000BF00A400EB00EF005E
:10C1C40096009B00E400D700BB00ED00FE00BD001C
:10C1D400C7001C01F10077008300D500C7009C0054
:10C1E400B800CE00B300D0000001C5008500C10036
:10C1F400FD00CC00B000EC00FA00C000D000070144
:10C20400D1008500A400CD00AE00A700D200C2007A
:10C21400A200E4000701A9007700D100FE00BC00E1
:10C22400B400F200E800C600EF00F2009F008E00A8
:10C23400D000C9009100B600EA00B900A400EF00E4
:10C24400F6009F009600E100E900C200D800EC006F
:10C25400CA00D9000801D4007C009A00E000BD00A7
:10C264008A00BC00E300BB00BD00EB00D0009700D7
:10C27400B500EB00D100BC00EB00E800B800DC0026
:10C284000901C4007700A700E400B9009A00C800BF
:10C29400D000BB00E000EF00A9009000DB00F2003A
:10C2A400B400BF00FF00E400B800E500F800AC00F3
:10C2B4008800C100D000A700B500D300B500B600C7
:10C2C400F100E10097009E00E400E800BD00C80012
:10C2D400E500E000DC00E200C700A400AD00C400FB
:10C2E400B500AA00C800D000BC00C800E600D40015
:10C2F400A800B000D900DF00CF00D000D300D800E0
:10C30400EA00E300B4009800B900D000B200A7002E
:10C31400C700D300C700CD00D400BE00AE00C200E9
:10C32400CF00C900D700E200CF00CD00E900E30050
:10C33400AE009A00C000D000B700B100C000C90030
:10C34400D200DB00C800AD00BB00D900D100C000A2
:10C35400D500E700D900D200DE00D400AE00A5006D
:10C36400BB00C000BB00BF00C000C100D300DE00A2
:10C37400C000A100BC00E200D600BE00CE00E30075
:10C38400DF00D700D400BE00AD00BB00C200B20085
:10C39400B700CC00CA00BF00D100DD00BC00A6007D
:10C3A400C400DD00D400CC00D300D800DE00E600D9
:10C3B400D100A800AA00CA00C600AD00B200CC009B
:10C3C400CF00C600CB00CA00B900B800C800CD0039
:10C3D400CE00D500D700D100D800E400CE00A500DF
:10C3E400A900CB00CB00B400B400CA00D400D10033
:10C3F400CE00BD00B100C700D900C900C000D800FC
:10C40400E500D200CF00DB00C800AB00B200C600DC
:10C41400C200BB00C100C400CA00DB00D500AF00ED
:10C42400A800CE00DF00C700BE00D400DF00D900A2
:10C43400D400C900B600B600C300BF00B700BF00F7
:10C44400CA00C600C600D600D400B700AF00CB00B7
:10C45400DC00CF00C500CE00DB00E100DA00BF0045
:10C46400AA00B900CF00C100AE00BE00D400CD00C8
:10C47400C400CC00C800B800BD00CD00CD00CB0086
:10C48400D400D300CD00DA00DF00BE00A600BC005B
:10C49400D100C200B300C000CF00D300D100C4005B
:10C4A400B300BD00D300CE00C000CC00DF00D80034
:10C4B400CD00D500D400BB00B000BD00C500C00055
:10C4C400BD00C000C500D100D800C500AE00BC004E
:10C4D400D700D300C000C600DB00DC00D300CC00D2
:10C4E400C200B900BD00C200BA00BB00CA00CC0043
:10C4F400C100CC00D900C600B000BF00D700D100F5
:10C50400C400C900D200D800DC00CF00B400B500DC
:10C51400CC00CB00B400B600CE00D000C500CA00E9
:10C52400CB00BF00BD00C600CA00CB00D000D100C4
:10C53400A100E7000501AC00A900D900BE00AD00D0
:10C54400DA00C5009800E0000601AA009B00E300A1
:10C55400D400B200DF00E500B100C700EB00BA0070
:10C56400B400F000C9008900C600ED00AD00AD00C4
:10C57400E300C900B000E200D3009100CB000B013E
:10C58400BA009C00F100E600A700CF00EB00A80071
:10C59400A500E600C1009300E100EF009500B000A3
:10C5A400FC00C9009B00D400E200B000CE00F00003
:10C5B400B300B4000001D9009300C400E500B10049
:10C5C400B100DE00C500AC00DB00D700A500CE0042
:10C5D400EC00AC00AB00EC00DB00B000D200E500E6
:10C5E400B900C200E100AB009F00EA00D900970047
:10C5F400C100EC00BA00B100E400CC00A300D800F4
:10C60400E800A600C3000101C400A000E300E600A6
:10C61400A100B300E400BA00A900E400CC009C002F
:10C62400DA00F400AA00A700E700D400A900D400AF
:10C63400E800B500C300EA00BA00A900E100D00098
:10C644009F00C100E300BB00AF00DC00CF00B100DD
:10C65400D600D300A700CB00EF00BE00B100E3007A
:10C66400DD00B000C700DF00B100B600E300BE008B
:10C67400A500DF00E000A800BC00EA00C200A6009C
:10C68400DB00DC00AD00D100EA00B200B600EE0031
:10C69400CF009C00C600E400B000B000E300C80076
:10C6A400AC00DA00D600A800C600E900BE00AD0068
:10C6B400E000DF00B100CA00E200B900BB00DC000A
:10C6C400BD00AC00D700D700AD00C000E300C3003C
:10C6D400B300D900CE00B000D400DC00B200C30027
:10C6E400EB00CA00AC00D300DA00AB00BB00E000F2
:10C6F400BB00B100DE00CD00AA00D000E500B4000C
:10C70400AF00E300D300AC00D300E200B600C200E7
:10C71400E200BE00AC00D600D600AA00BE00E300D2
:10C72400C000B300DC00D000B300CF00D700B700D6
:10C73400C300E300CA00B200D500D900B400C100B0
:10C74400D700BA00B900D500C500B200D000DA00A5
:10C75400B500BC00DF00C600B400D800D600B700A6
:10C76400CE00DF00BB00B800DD00CD00A800C8008B
:10C77400DE00B500B900DC00C700B300D400D4006B
:10C78400B100C300E400C500B300DA00D700B5006F
:10C79400C900DA00BB00B800D500C900B300CD0061
:10C7A400D600BA00C000D300C800BF00C900CA0048
:10C7B400C600CD00CC00C400C900CF00C800C20030
:10C7C400C400C600C700C800C700C400C800CA002F
:10C7D400C500C600CB00C700C400C900CC00CA0015
:10C7E400C800CA00C900C700CA00C600C000C4000F
:10C7F400CB00CA00C400C200C600C900C700C600FE
:10C80400C600C600C900CB00CB00CA00C900CA00DC
:10C81400CA00C700C700C600C400C400C800CA00DC
:10C82400C500C400C800C900C800C800C500C400D1
:10C83400CB00CF00CB00C500C700CB00C800C400AC
:10C84400C500C500C600C800C800C700C600C700B0
:10C85400C800C700C800C700C400C500CA00CD0096
:10C86400CA00C600C600C900C800C600C400C4008F
:10C87400C700CA00CA00C700C500C800C900C60076
:10C88400C500C700C800C800CA00CC00CA00C60062
:10C89400C800C900C600C600C500C400C700CC005B
:10C8A400CA00C500C500CB00CA00C400C500C7004B
:10C8B400C800CB00CB00C800C600C800C900C40033
:10C8C400C400C800C500C300C900CB00C900C8002B
:10C8D400C700C800C800C800C600C400CA00CD0014
:10C8E400C900C700C700C700C700C500C300C50012
:10C8F400C800C900C800C800CA00C700C600C800F4
:10C90400C600C600C800C700C800CB00CB00C800E2
:10C91400C500CA00C900C300C300C600C700CB00DD
:10C92400CA00C700C700C800C700C500C400C900CA
:10C93400C900C900CC00CB00CA00C900C700C700A9
:10C94400C700C600C400C500C900CA00C700C600AD
:10C95400C800C700C800C600C400C700CA00C90098
:10C96400C900C800C900C800C500C600C500C4008D
:10C97400C700C800C800C900C900C800C700C70074
:10C98400C900C600C400C800CA00CB00C900C60064
:10C99400C800C800C500C600C500C500C800C9005D
:10C9A400CA00C800C800CA00C600C600C900C60044
:10C9B400C400C800CB00CB00C900C800C800C60032
:10C9C400C700C700C300C400C900C900CA00C8002A
:10C9D400C700C800C700C700C600C600C700C7001C
:10C9E400CA00CC00C800C700C800C600C600C60004
:10C9F400C500C600C800CC00C900C600C900C900F3
:10CA0400C500C700C900C600C600C900CA00C400EA
:10CA140024008500DD0091006100CA000D01BC0006
:10CA2400A300D1000001BA00A0000A011B01D0003C
:10CA3400AD0036018F01E2004E006100D400C30056
:10CA44006600AE00F700D2009F00CB002701DD0096
:10CA54008100C9001501EB00A30008018101200138
:10CA64006F005000AC00A5006F009900E700DA00E9
:10CA74008F00A500F700E700A400AC00FD00F8005B
:10CA8400A000C50049014601B5006600A900CC001C
:10CA94008A008E00E700E8009900A000FF00020170
:10CAA4009F009800FC000801B000AD0025015D0165
:10CAB400E90075008400AD009A009100C700E80009
:10CAC400A9008900D500FE00B8008C00D500130130
:10CAD400C9008900E9004B010A019A009000BD00D9
:10CAE400A3008800CA00F700BA008C00CB000A013A
:10CAF400D4008B00BE000701E0009B00C40030019D
:10CB04003001BE008A00AB00A8008A00A800EB0038
:10CB1400DA008E00A600F700E0009200A400FD00F9
:10CB2400F4009800A60015012B01D800A200B10062
:10CB3400B1008900A000E800E400A200A000EA001F
:10CB4400FE00AF009200DF000101BE009C00EA007D
:10CB54003201FF00AF00AD00B2008B008D00CF00AA
:10CB6400F100B4008E00D500FD00C0009500C9009E
:10CB7400FD00CC009700CE0015010101C800B700EC
:10CB8400BC009C008200BC00F200CC009600B800FF
:10CB9400FC00E7009B00AE00F400E200A300B30039
:10CBA40005011701DA00BE00C1009D007F00A80046
:10CBB400E400D9009E00AB00E900E400B000AE0040
:10CBC400E200ED00B400A700E6000901ED00CE008C
:10CBD400C900B30085009100DB00E700AC009B00B6
:10CBE400D600F800C300A100D300F100C600A900DC
:10CBF400D0000101F300D600D500BE008B008900EF
:10CC0400C300E700C0009900C200EB00CE00AB00F7
:10CC1400C200EB00D700AA00BE00EE00F000D8006E
:10CC2400D700D400A4007D00AB00E900D200A1002D
:10CC3400B300E600DE00AF00B900E400DD00B90097
:10CC4400B900DF00F400DF00D700DA00B600890085
:10CC54009800D500E200AD00A000D500E200B900C4
:10CC6400B000DA00EC00C300AF00D500ED00DD0039
:10CC7400D500DF00CC0095008B00C700E400BF00A6
:10CC8400A600C200DD00C900B800CC00DD00D10060
:10CC9400C200C900DA00E300E000DC00C900A6001D
:10CCA4009700B200D300CD00B400B900CC00C90095
:10CCB400BF00C600D400D200C800C900D100DB0008
:10CCC400E200E000D000B4009E00A700C800D2003B
:10CCD400C200B800C600CD00C000BD00CD00D50024
:10CCE400CA00C700D000D700DC00E300E000C200A7
:10CCF4009F00A100C200D400C500B700C200CC0050
:10CD0400C300BC00C800D200CE00C800CD00D100D2
:10CD1400D600E100E600D100AD009C00B200D000D6
:10CD2400CE00BB00BD00CC00C900BC00C400D100D3
:10CD3400CC00C600CE00D200CF00D700E900E1004D
:10CD4400BC00A100AA00C500CE00C200BB00C30005
:10CD5400C700C100C400CF00CC00C200C700D1008E
:10CD6400CE00CE00E100E900CE00A900A600C0007C
:10CD7400CD00C500C000C800C900C000C100CD007E
:10CD8400CE00C400C500CE00CC00CB00D900E80022
:10CD9400D700B300A600B800CC00CA00BE00C10092
:10CDA400C800C500BF00C800D100C800C200CD0043
:10CDB400D100C500CC00E900E600BC00A200B3002D
:10CDC400CA00CB00C600C600C600C300C400C90028
:10CDD400CD00C800C300CB00D200CB00C600D900F0
:10CDE400E900D100AC00A800BD00C900C800C7001C
:10CDF400C900C200BE00C600CF00CA00BF00C40004
:10CE0400D100D000C600D200E500D800B600AA00C8
:10CE1400B800C400C600CA00CE00C900C000BD00EE
:10CE2400C700D100CB00C300CA00D000C900CC00A9
:10CE3400E000E300C200A900B400C400C400C300C1
:10CE4400CB00CD00C300C000C900CC00C700C600A1
:10CE5400CD00D000C400C200DA00EA00D200AD0068
:10CE6400AA00C100CB00C400C600CC00C800C100A9
:10CE7400C600CE00C900C100C900D300CA00BF006B
:10CE8400CA00E200DE00BE00AE00BA00C300C30068
:10CE9400CA00CF00C500BB00C300D100CC00C10054
:10CEA400C500D100D000C000C200D900E000C70016
:10CEB400B200B900C500C000C200D000D000BF005D
:10CEC400BB00C800D000CB00C700CC00CD00C4001C
:10CED400C400D300DD00D000B900B700C100C30016
:10CEE400C100C900CF00C500BE00C800CF00C20009
:10CEF400B800D400D000BB00BB00D000DA00D900D9
:10CF0400CB00B300B600CA00CB00C500CF00D400EC
:10CF1400C300BF00D500D600C200C000CB00C900CA
:10CF2400BE00C300D200D500CA00C200C000BC00CD
:10CF3400B900C400D700CE00BB00C400D600D100A5
:10CF4400C200CA00D200C600BD00C400CC00D30099
:10CF5400D100BD00B300C400CC00BA00BD00D700AE
:10CF6400D000BA00C600D800CA00C300D800D6005A
:10CF7400B900BA00D000D200CA00CA00C400B80088
:10CF8400BC00C900C900C800C800C300C600D20064
:10CF9400CE00C000C600D800D300BF00BC00CD0046
:10CFA400D600CB00BB00B900BF00C000C400D00055
:10CFB400CD00BB00BD00D100D100C200C900D50026
:10CFC400CB00C500D000CE00C400CB00D000C1000F
:10CFD400B600BD00C300C800D300CB00B800C10038
:10CFE400D900D000BD00CC00D900C600BF00D200DB
:10CFF400D500C400C100C600BD00B800C200C9000D
:10D00400C600C700C800C400C400C900CD00D000D9
:10D01400CF00C600C200CC00D400D000C900C200BA
:10D02400BE00BE00BF00C400CB00CB00C100C000E6
:10D03400CF00CF00BE00C400D700D100C100C8009B
:10D04400D300CE00CD00D000BF00B100BF00CE00A1
:10D05400C600C100C600C400C300CC00CC00C3009D
:10D06400C900D300CA00C300CF00D200C800C90061
:10D07400D100C200B100BC00CF00CC00C200C1008E
:10D08400C400C700CA00CB00CB00CA00CA00CC0051
:10D09400CE00CC00C800CB00CC00C200BD00C00054
:10D0A400C500C700C700C600C200C400C600C60051
:10D0B400CC00D300CA00BD00C700D600CE00C40017
:10D0C400CB00CC00BE00BD00CA00C900C200C6002F
:10D0D400C800C200C200C800C700C800D000CE000B
:10D0E400C300C600D000CE00CC00CC00C300BB00FF
:10D0F400C600D400CB00BB00C000C900C600C200FB
:10D10400C600CB00CC00CA00C800C900C800C800D3
:10D11400CC00D000C800BC00BE00CB00CF00CB00C8
:10D12400C500BF00C200C900CA00C600C700CB00CA
:10D13400C900CA00CD00C700C300CD00D000C000A4
:10D14400BA00C800D000C700C600CD00C500BD00AD
:10D15400C600CE00CA00C500C500C600CA00CF0084
:10D16400CB00C600C900C900C000C000CA00CC0082
:10D17400C700C900CC00C500BF00C700CE00C9006D
:10D18400C200C500C900C900C900CD00CD00C60059
:10D19400BE00C100CA00CB00C300C400CC00CC0058
:10D1A400C600C500C800C900C700C500C700C80044
:10D1B400C800CA00CF00CF00C200B900C300CC0031
:10D1C400C700C300C900CB00C500C800D000CA0016
:10D1D400C100C500CC00C900C500C700CC00CE000A
:10D1E400CB00C300BF00C500CA00C600C600C9000A
:10D1F400C600C500CD00D100C700C000C500CA00EC
:10D20400C800C600C900CB00C900C500C500C600DF
:10D21400C400C400C800CA00C500C200C900D000D0
:10D22400CD00C700C700C800C700C600C700CA00B9
:10D23400CB00C600C200C700CC00C700C200C500B6
:10D24400C900C500C500CB00CD00C900CA00CD008F
:10D25400C800C300C700CC00C900C500C400C50095
:10D26400C900CB00C900C400C300C400C500CA0083
:10D27400CD00C900C600CA00CD00C800C300C50067
:10D28400C900CA00C500C200C500CB00CC00C8005C
:10D29400C500C300C400C900CC00C900C600C90051
:10D2A400CC00C900C800C900C700C500C600C6003C
:10D2B400C400C600C900C900C700C600C300C3003B
:10D2C400CA00CE00C800C500C900CC00C900C8000F
:10D2D400C900C800C700C700C500C400C800C90011
:10D2E400C400C300C800CA00C800C800C900C80000
:10D2F400C800C900C900C900CA00CB00C900C600E3
:10D30400C400C600C800C800C500C400C500C700EA
:10D31400C900CC00C900C400C500CA00CA00C600C8
:10D32400C500CA00CD00CB00C600C200C500CB00BA
:10D33400C900C200C100C600C900CA00CB00C700B2
:10D34400C200C500CA00C900C600C800CB00CB009B
:10D35400CA00C900C600C700CA00C700C200C30093
:10D36400C500C900CD00CB00C400C200C800CB007A
:10D37400C600C600CB00CC00CA00C800C700C80065
:10D38400CA00C900C400C100C500C700C900CA0062
:10D39400C800C600C600C700C700C700C900C9004E
:10D3A400C800C900C900C800CB00CC00C700C20037
:10D3B400C400C700C900C900C700C500C600C90031
:10D3C400C700C500C800CA00C800C600C700BF0027
:10D3D400C100D100CB00C000C400CA00C900C50010
:10D3E400C800C700C500C900C800CA00CB00C600F9
:10D3F400CA00D400D000C000BB00C900CD00C000EA
:10D40400C200CA00C800C600C800CB00C700C300E1
:10D41400C600CA00CD00C800C700D300D600C400AF
:10D42400B800C500CB00C100BF00C800CA00C400DA
:10D43400C600CB00C600C500C700C700C900C900AC
:10D44400C800CE00D500CC00BD00C100CD00C60090
:10D45400BC00C600CE00C600C300CA00CC00C50094
:10D46400C300C900CB00C700C600CB00D500D20062
:10D47400C100BC00C700C900C300C200C800C80086
:10D48400C500CA00CA00C400C300C600C900C90060
:10D49400C400C500D100D500C800BE00C500CB0043
:10D4A400C300C300CC00C900C300C800CE00C9003B
:10D4B400C200C500C900C700C700C600C900D20029
:10D4C400D000C200C000C700C700C200C600CC0024
:10D4D400C600C300CA00CA00C300C400C900C80013
:10D4E400C400C500CB00D000CD00C600C200C800F7
:10D4F400C800C200C500CD00CB00C600C700CA00EA
:10D50400C700C400C700C900C600C600C600CD00DD
:10D51400D200CA00C000C300C900C500C300CA00CD
:10D52400CB00C500C800CE00C600C100C700CA00B9
:10D53400C600C300C600CB00CF00CD00C400C100AC
:10D54400C800C600C100C700CF00C900C400CA009B
:10D55400CE00C600C200C800C900C600C600C8008C
:10D56400CC00CE00CA00C400C500C400C200C6007E
:10D57400CD00CA00C300C800CD00C700C400C80065
:10D58400C900C500C500C900CB00CB00CA00C50056
:10D59400C600C900C200C000CB00CF00C600C20054
:10D5A400CA00CC00C600C700CB00C600C400C80037
:10D5B400CA00CA00CA00C800C700C600C500C2002D
:10D5C400C600CC00C800C200C800CB00C500C5001E
:10D5D400CD00CC00C400C300CA00CC00CA00C70000
:10D5E400C500C700C700C300C500CC00CB00C30002
:10D5F400C400CA00C800C400CA00CD00C600C500EB
:10D60400C900CA00C800C900C900C500C400C500DB
:10D61400C500CA00CD00C500C200C900CA00C300CD
:10D62400C600CE00CB00C300C700CD00C800C500B3
:10D63400C800C800C600C400C400C700CD00CC00A8
:10D64400C500C400C800C700C700CA00C900C6009E
:10D65400C800CB00C900C600C800C900C600C2008B
:10D66400C200C700CC00CB00C700C600C800C6007B
:10D67400C500CA00CC00C700C500CA00CB00C80062
:10D68400C800C900C700C400C300C300C700CC0061
:10D69400CB00C700C700C700C600C700CA00C80047
:10D6A400C400C800CB00C800C600CB00CA00C40038
:10D6B400C000C400C800C900C900C800C700C70032
:10D6C400C600C700CB00CA00C600C600C900C90016
:10D6D400C700C900CB00C700C300C300C500C80011
:10D6E400C900C900C700C700C700C800CA00CA00F3
:10D6F400C600C700CA00C900C500C900CE00CA00E0
:10D70400C300C200C600C700C800C900C700C600E5
:10D71400C700C700C800CA00C900C700C700C900C5
:10D72400C700C600CA00CC00C600C300C600C700BC
:10D73400C600C900CA00C600C300C600CA00C900AA
:10D74400C800C800C900CA00C700C500C900CC0091
:10D75400C700C200C400C800C800C800C800C70091
:10D76400C500C500C600C800C900C900C800C8007B
:10D77400C800C700C900CC00C800C300C500C80069
:10D78400C800C800CA00C900C500C500C800C90057
:10D79400C700C800C900C900C800C600C700CA0045
:10D7A400CB00C600C200C500C900C800C800C8003C
:10D7B400C600C500C700C900C800C800CA00C90027
:10D7C400C600C600C800CA00CA00C700C400C5001D
:10D7D400C700C700C800C900C700C500C600C9000B
:10D7E400C900C800C900CA00C800C500C600C900F5
:10D7F400CB00CA00C600C400C600C800C700C600EB
:10D80400C600C600C600C800C900C800CA00CB00D4
:10D81400C700C400C600CA00CA00C900C800C600C8
:10D82400C600C700C800C700C700C600C600C700BE
:10D83400C900C900C900CB00CB00C600C400C700A2
:10D84400CA00CA00C900C600C400C600C900C80096
:10D85400C600C600C600C700C800C800C800CA0089
:10D86400CB00C700C400C600CA00CA00C900C70074
:10D87400C500C500C800C900C700C700C600C6006F
:10D88400C700C900C800C800CA00CA00C600C50055
:10D89400C800CA00CA00C900C500C300C700CA0046
:10D8A400C800C600C700C900C700C600C700710091
:10D8B4005A00BE00C400B100D200CC00C500D000A4
:10D8C400B0008C0005013801C6008600B5000C01CB
:10D8D40008011E011C01C400AF009B0060006C0025
:10D8E400E200FF00B0009B00D300D900AE00DA00D4
:10D8F400EB00E300F000B6009A00F00059012C019F
:10D90400C000C200C200770067008A00A300CC00F8
:10D91400E800B6008200C2000101D000B400DC00BF
:10D92400D200B500CE00F000FE001B0109019E00EC
:10D934007200B300B6008100AD00FB00EA00B20043
:10D94400AC00B900D200FC00E300A300C100FD005C
:10D95400DF00C40001011D01DF00A80091007C006C
:10D964009700CF00BE00A300D200E100A4009C00F9
:10D97400DE00F200D100C100B300B600EF000801E0
:10D98400DB00DA000101C50068007E00C600D1009A
:10D99400C600CD00C000BC00D900CA00AF00DC0046
:10D9A400FE00BF009800D100FE00F600F800EA0077
:10D9B400B400A400AD0085008500D900F700B700CD
:10D9C4009C00C500CF00C400D100CC00C000D3002F
:10D9D400CE00AA00D40022010601B700AD00B700B2
:10D9E4009A009A00BF00C800D100E200BD009A006E
:10D9F400CA00F600D000AF00C900D000C500DE00A8
:10DA0400F200EB00F900EA0095007300B100CE00CB
:10DA1400AB00B500DE00D000B600BD00BB00C20004
:10DA2400E500D700A100B400F200ED00D100EE0043
:10DA3400F400BC009E00A1009B00B700E700D400E6
:10DA4400AD00C800DF00B800A900D400DF00C700A3
:10DA5400C400C100C500F6000C01D500B700D20017
:10DA6400C00085009500D000D700CA00C900B500E9
:10DA7400B300D700D300AF00C400E700C500AB007B
:10DA8400DB00FA00E600DF00D100A300A100BF0024
:10DA9400B000A600DB00F200B900A300CA00D30066
:10DAA400C900D100C700B900D700E500C500D10006
:10DAB4000801F100A5009D00B700AD00B200C90047
:10DAC400C300BF00D300C300A500C700EF00CE0011
:10DAD400AF00CB00D600CB00DF00EB00D500D400B4
:10DAE400D200A1008A00C000DA00B600B700D60058
:10DAF400CD00BD00C800C500C300DF00D800AD00E4
:10DB0400BE00FA00EF00C900D900DC00B200A20098
:10DB1400AF00A900B700DF00CF00A900C300DF00F9
:10DB2400C100B600D000D500C900C700CA00D500A6
:10DB3400EC00EC00CA00B200B800B700A500A900D0
:10DB4400C700DA00D000BD00BC00CB00D500CC007B
:10DB5400C100C700D500D500CB00D200E600EA0022
:10DB6400D000B100A700B000B700B600BA00CC00E6
:10DB7400D700C800B700BD00CF00D500CA00C2005E
:10DB8400CA00D700D800D000D600E200D600B20008
:10DB94009F00AB00C000C500C300C700CF00CF008A
:10DBA400C000B900C800DB00D700C300C100D20028
:10DBB400E000DE00D600D100CB00BC00A600A2002D
:10DBC400B900CF00CC00BE00C100CA00C800BF002D
:10DBD400C100D100D900CC00BF00C900E100E700BA
:10DBE400D400C400C100BC00AD00A800BA00D1003C
:10DBF400D600C600B900C100CE00CD00C500C900E2
:10DC0400D200D300CA00CB00DA00E400DC00C30079
:10DC1400B300B700BA00B500B600C700D200C9000F
:10DC2400B900BA00C900D300CD00C300C900D500B3
:10DC3400D300C900CE00DC00DA00C400B000B0009C
:10DC4400BC00C300C100C200CC00CF00C400BB00B4
:10DC5400C300D200D500CA00C300CC00D700D7004F
:10DC6400CE00D000D400C900B300AA00B900C90096
:10DC7400C900C300C500CB00C900C000BF00CD006F
:10DC8400D700CE00C100C500D300DA00D300CA001B
:10DC9400C600C500BC00B000B200C600D300CB0073
:10DCA400C000C200CA00CC00C600C400CC00D3002F
:10DCB400CD00C400CB00DA00D900CB00C100C00005
:10DCC400BF00B900B600C000CF00D200C400BC0041
:10DCD400C600CE00C900C300C800D000D000C900EF
:10DCE400C700D000D900D100BE00B500BD00C400FB
:10DCF400C100C000C800CF00CD00C200BE00C800F3
:10DD0400D100CC00C400C900D200D100C900CA00AF
:10DD1400D200D000C200B500B900C500C700C200DF
:10DD2400C400CD00CC00C200BE00C400CE00D100AF
:10DD3400CA00C500CC00D400D000C700C800CB0086
:10DD4400C400B800B500C000CD00CE00C400C200BD
:10DD5400C900CB00C300C200CE00D500D000C7006C
:10DD6400C800CF00D200CB00C500C500C600BE006D
:10DD7400B800BF00CB00CD00C700C100C200C7007F
:10DD8400C900C700CA00D200D400CA00C7004C00B2
:10DD94006000C500DF00B100B700CC00BA00AC00E1
:10DDA400A700E600DB00BE00E900F000EE00DC00A6
:10DDB4001E015701D7005E004400A400E500BD0029
:10DDC400C400CD00C600B000AD00EA00E300BE0010
:10DDD400CE00EF00FA00D500010141010D019000D1
:10DDE40046007C00AE00AF00B900CC00C700A10023
:10DDF400A000D200E300C400B700DF00F300D000AD
:10DE0400D8001A012701CA0070007C00B100C300C9
:10DE1400C400D400D000AD00A800D300EB00CB00B8
:10DE2400B700DA00F300D600CC0007012F01EE00A2
:10DE340086006D009800B600BE00C900CD00AD009C
:10DE44009800B900E100D400B400C600EA00D9008B
:10DE5400BB00E0001E010A01AE007A009100B4008C
:10DE6400C600D700DB00BB009D00B400DD00DC0071
:10DE7400BC00C500E800E300BF00CE000F011A019A
:10DE8400CF0088008800A200AF00C600E000D000E8
:10DE9400A2009E00C700D800C000BC00E000E7005C
:10DEA400C100B900EF001301EB00A80090009B0033
:10DEB400A700C000E000DE00B700A600C300D60043
:10DEC400C400BC00DD00F000CF00B500DE0014018A
:10DED4000101BE0099009B009D00AB00CF00E00053
:10DEE400C100A500B600CF00C500B600CC00E90013
:10DEF400D900BA00C800F9000501D800AA009D00A5
:10DF04009E00A900C800E200CD00AA00B200D5001E
:10DF1400D200B800C100E300E100BE00BF00F00081
:10DF24000B01EC00BC00A3009D009E00B700D900CB
:10DF3400D400B100A900C600D300C100BE00D800BF
:10DF4400E100C500B700D600FA00F500D300B60022
:10DF5400A2009700AC00D500DE00BA00A700C20002
:10DF6400D800C500B900D400E900D000B300C40053
:10DF7400EE00FC00E300C400AB009B00A300C5005E
:10DF8400DB00C800AF00B900CE00C700BA00CC0067
:10DF9400E500D900B800B900DA00EE00E600D300CD
:10DFA400BB009F009900BA00DE00D200B100B300AC
:10DFB400D100D100B800BD00DF00E500C600B70005
:10DFC400CF00EA00EB00DB00C600AA009800AC001A
:10DFD400D200D800BA00B000C900D400BD00B5001A
:10DFE400D300E200CD00BD00CB00DF00E100DE0085
:10DFF400D500B7009800A000CA00DE00C400B0003D
:10E00400C300D900CA00B400C400DC00D500C100BC
:10E01400C400D900E400E300DB00C2009F009A00C2
:10E02400BD00DA00CC00B200BB00D300CD00B900C3
:10E03400C000D800D600C300C100D100DB00E0005E
:10E04400E500D300AA009300AC00D500D700BA00C5
:10E05400B400CD00D400BE00B600CE00DC00CE007B
:10E06400C000C700D500DF00EB00E300BD0099004D
:10E07400A100C700D500C200B700C700D100BF008F
:10E08400B600CA00DA00D000C100C600CE00D3003A
:10E09400E200EC00D600A8009700B400D300CC0046
:10E0A400B800C000D100CB00BB00C000D000D2003B
:10E0B400CB00C900C800C800D800EC00E000B700DD
:10E0C4009F00B000CA00C800BA00BF00D000CD0055
:10E0D400BD00BC00CB00D100CC00CC00CE00C900F8
:10E0E400CD00E100E700C900A700A800C200CD00F0
:10E0F400C100BD00C900D000C600BE00C400CB00F2
:10E10400CC00CF00CE00C700C900DD00EA00D20079
:10E11400AB00A200BB00CD00C500BC00C600D0000F
:10E12400C800BE00C400CD00CB00C900CE00CB00A7
:10E13400C500D200E800E100BA00A100AF00C600AB
:10E14400C900C200C600CD00CA00C300C400CB0091
:10E15400CB00CC00D100CF00C400C900E100E7002F
:10E16400CA00A800A800BD00C500C100C400CD00BD
:10E17400CB00C200C100C900CA00C900CE00D10052
:10E18400C800C400D500E500D700B700AA00B60057
:10E19400C300C400C600CC00CD00C700C500C70042
:10E1A400C600C600CE00D500CC00C000CC00E20002
:10E1B400DE00C100AE00B500C100C100BF00C70051
:10E1C400CE00CA00C400C500C700C500CA00D30001
:10E1D400D000C400C500D800E000CD00B700B500F1
:10E1E400BF00C100C100C600CB00C800C600C90002
:10E1F400C900C300C300D000D400C600C000D200D0
:10E20400E000D300BB00B500BE00C300C300C400DF
:10E21400C800C800C500C700CA00C700C300CA00C0
:10E22400D100CB00C200CB00DB00D800C300B60095
:10E23400BA00C000C200C600CC00C900C400C700B8
:10E24400CC00C900C300C900D400D000C200C5007E
:10E25400D700DD00CD00BB00B800BB00BE00C3008A
:10E26400C900CB00C800C600C900C600B700C20080
:10E27400F4009F00F000B700AF00FE00C000C30030
:10E28400E9008C00D500CD009E00F900B900B30070
:10E29400F900AC00D300D6009E00F000BE00A6003A
:10E2A400FA00B800CC00E8009D00DA00C400980031
:10E2B400EA00B800BE00E900A500E200DE009A0012
:10E2C400EA00CD00B400E000A200D200ED00A500F9
:10E2D400DE00C000A000E600AB00BA00E600A40027
:10E2E400DB00DC00AB00E300BB00C900F800A300C6
:10E2F400C400E000AF00E600C700AF00E200A700E2
:10E30400BE00E000A700D600CB00B100F100B800C9
:10E31400B300EC00BE00D800D100A500E400C400A6
:10E32400B400E400A900BE00D700A700D900C900CA
:10E33400AD00E800C000BE00D900AF00E300DD007E
:10E34400AA00E200C900BA00DF00AE00C800D20093
:10E35400A400D800C800B300E100B700C800E10081
:10E36400A500CE00D900BE00E300BB00C200E90056
:10E37400B300CB00D000A200D100C200B600DF0081
:10E38400B300C500E000B400D200C400B600EA0047
:10E39400C000BB00E200BD00D600D500B100D30030
:10E3A400B500B000DF00B900C700D500B400DF003D
:10E3B400CD00AE00D900C300C900D700B100D90018
:10E3C400D900BA00E000BF00AE00CE00B200C90020
:10E3D400CF00B000D900CE00BC00D600B500C80004
:10E3E400DE00B400D000D100BF00DF00C700C700CA
:10E3F400D500AA00C600CF00B000D000C400C200FF
:10E40400E000B800C200D500BA00D500C600B900CB
:10E41400E000C400CB00E100B700C600C800B600AD
:10E42400D400B900B800DA00BD00CA00D000B500BD
:10E43400D800CA00B700D500C000CB00DC00BF0084
:10E44400D400C700B200D800C200B900CD00B500A6
:10E45400CE00D200B700D400C800C200D900B80072
:10E46400C700D700BB00D900D200B900D100BF005B
:10E47400C800D400B000C700CC00B700D400C2006C
:10E48400BF00DB00BF00C800CF00B700D500CC0040
:10E49400C200DA00B800C200D900BC00CB00C7003B
:10E4A400B900D500BF00BE00D500BC00CF00D0002D
:10E4B400B600D400C800C000DB00C000C300CC001C
:10E4C400BA00D700C700B800D800C200C400D30007
:10E4D400B600CB00CD00BC00D500C200C300D600FE
:10E4E400C100CD00CB00B800CA00CA00C400CA00F5
:10E4F400C400CB00CD00C400C700C600C400C900DE
:10E50400C500C700CC00C800CA00CD00C700C400C5
:10E51400C000C600CB00C700C600CA00CA00CB00BA
:10E52400C800C500C600C400C500C600C600C900B6
:10E53400CC00CD00CA00C300C000C600C900C7009B
:10E54400C600C900B30042009400BF009500A400B7
:10E55400D700D500CE00EC00E200C800EB00F400C8
:10E56400E300DE002C011501920041009500D30068
:10E57400A200AD00CC00D100B900E700E400C20065
:10E58400D900FB00F200E8002B011E01A7004600A1
:10E594007B00AB00A100A600C400BE00B600DE00F4
:10E5A400E200C300CA00F200E000CB000B01270127
:10E5B400C7006A008700B500B500B600CC00C000F3
:10E5C400BD00E200E700C300D000FA00E400C80088
:10E5D40000012701D50071007900A500AD00B3004A
:10E5E400C000B500B600D900DD00BC00C900F400CD
:10E5F400E000BB00EC002201E30083008200AA00DB
:10E60400B500B600C200BB00BD00DF00E500C100DC
:10E61400C800F300E500BC00E6002001EF00910013
:10E6240082009F00AB00B500C100B300AF00D20070
:10E63400DC00BF00C600F300E500B600D400120100
:10E64400F600A4008E00A200AD00BA00C600B90016
:10E65400B600D700DF00BC00BD00ED00EC00C20036
:10E66400D3000F01FE00B20091009C00A900B80085
:10E67400C400B500AC00D000E300C100BA00E7005C
:10E68400E900B900C30000010201C2009D00A0001E
:10E69400A300B600CA00B900AC00CD00E100C2007E
:10E6A400BA00EB00F500C200C000F600FE00CA008C
:10E6B400A4009F00A200B400C900B900A500C800CE
:10E6C400E300C400B600E100F100C800BE00F000A1
:10E6D4000001D200AD009F009D00B500CC00BE003B
:10E6E400AA00C500E200C800B500DF00F200CA00BD
:10E6F400BB00E600FF00DE00BA00A7009900AC00F2
:10E70400CB00BF00A500BE00DF00C800B200D900E6
:10E71400F500CE00B800DA00F300E200C400AA005D
:10E724009A00AD00CF00C200A600C200E400CA00F7
:10E73400B200D400F200D700BF00D800ED00E20020
:10E74400CC00AF009800A900CB00C0008C0095005D
:10E754000201C6008700EB002201BD008F00E80023
:10E76400F400C300E200ED0090007B00E400EB0045
:10E774009100B2000801C8007B00C9000A01C90069
:10E78400AC00F300F100B800D700EC0094007D0069
:10E79400E400F3008B0098000301E8009500C40036
:10E7A400FF00C2009E00DF00EC00BF00D900EE00B5
:10E7B40098007600D600EE0096009F00FB00E10072
:10E7C4009800CD000801C800A600E400EA00B900E2
:10E7D400DA00F7009E007300D200F3009900910064
:10E7E400E900E300A300C500FD00D400B400DD008F
:10E7F400DE00B900DF00FD00A9007500BF00E400E1
:10E804009F009C00EA00E0009F00BE00F600D000DC
:10E81400B600E700EA00BA00D300FB00B9007D00AF
:10E82400C100EE00A5009000DA00E000A900BA00E3
:10E83400ED00D200B800DF00DE00B800E1000A01FC
:10E84400BC007700B500E900B0009F00E200DE00E4
:10E85400A000B600E800CD00B600E000E200B4007D
:10E86400D0000401CE008900B300DD00AE009C009E
:10E87400D700E100B100BB00E100CD00BD00DD0028
:10E88400D800B000D0000601D1008900B300E60032
:10E89400B9009E00D200DD00B000B900E600D0004F
:10E8A400B800DF00E500B300C100FC00DA0090000E
:10E8B400A900DD00BD00A500D300DA00AD00B5005D
:10E8C400DD00CB00B900E100E100AD00C4000501AA
:10E8D400E1009100A600DA00BC00A400D500E70026
:10E8E400B900B700D800C600B300DB00E800B600EA
:10E8F400B800F400EA00A600AA00D400C000A600F4
:10E90400CA00DB00B900BC00E000CE00B200D400B5
:10E91400E300B400B500F400EB00A200A200D600AE
:10E92400C700A900CB00DF00B900B300DA00D000B3
:10E93400B800DA00EB00B600AB00E900EF00B0006D
:10E94400AA00CB00BC00AB00CF00DE00B900BA00C7
:10E95400DD00C900AF00D600EE00BF00AE00E3004A
:10E96400EC00B200A900CD00C200AB00C600DB0081
:10E97400BF00B900D900D200B400CF00EB00C5003D
:10E98400B100E100F200BE00A700C300C200AF0066
:10E99400C900DA00B600B100D800D300B200CC0040
:10E9A400F100CB00A900D700F300C800B100C500F6
:10E9B400BB00A500C200DF00C400B600D300CD0038
:10E9C400B300C800E700D200B900CE00E300D200D3
:10E9D400BE00C000BE00B700C000C700BD00BD003F
:10E9E400D100D000BC00C300DC00D500BC00C500D1
:10E9F400DE00D800C200BB00BC00BE00C900D100CC
:10EA0400C500BA00C400C900C000C800DC00D500BD
:10EA1400BF00C200D600D500C500C100BC00B700CD
:10EA2400C200CF00CA00C400CD00CC00B900BB00B6
:10EA3400D800DC00C400BE00D000D500C800C0006F
:10EA4400BD00BA00C200CC00C600C100CE00D40094
:10EA5400C800C300D300D600C300C000D000D1005A
:10EA6400C600C200BF00BA00C000CB00C600BE0092
:10EA7400C600CF00C400C200D900DF00C900BE0038
:10EA8400CB00D200C900C100BC00B600BC00CA0063
:10EA9400C900C300CA00CE00C200BD00CF00DB0025
:10EAA400D100C700CD00CE00CB00CA00C400BB001B
:10EAB400BB00C500C500BE00C600D100C800C00030
:10EAC400CC00D500CC00C100C900D400D100C900DD
:10EAD400C100BA00BF00C800C700C100C400CB0019
:10EAE400C400BE00CE00DB00CF00C300C500CC00D4
:10EAF400CF00CF00CC00BD00B800C400C800C300E4
:10EB0400C700CD00C700BD00C500D200CF00C800BB
:10EB1400CA00CE00CE00CD00C700C000BE00C400B5
:10EB2400C500BF00C300CD00C900C300C900D200A6
:10EB3400CE00C500C500C900CC00CF00CD00C10087
:10EB4400BB00C400C800C300C200C800C700C200A4
:10EB5400C700D100D100CA00C900C800CB00CE0054
:10EB6400CC00C200BB00C100C700C500C700CB0079
:10EB7400C700C000C300CE00D100CA00C800C9004D
:10EB8400CA00CE00CF00C700BD00BD00C200C40053
:10EB9400C400CA00CD00C700C400C700CB00CC002D
:10EBA400CA00C900CA00CD00CF00C700BF00C10021
:10EBB400C500C400C300C500C800C600C700CD001E
:10EBC400CF00CB00C800C600C800CD00CF00CA00EB
:10EBD400BF00BD00C400C700C600C800C900C6000D
:10EBE400C300C500CA00CC00CD00CA00C600C800DE
:10EBF400CE00CB00C200BF00C200C500C400C800E4
:10EC0400CC00C900C700C800C800C900CA00CA00B7
:10EC1400C800C900CE00CC00C300C000C400C700B7
:10EC2400C600C600C800CA00C700C7003C00700088
:10EC34001801C1008D00EF00E1008300E800070126
:10EC4400990090001501FF00F600EC0089002D00EA
:10EC5400CF000B01910071001601E7009200FB0048
:10EC6400310184009C0037013701C000AB008400EF
:10EC74005D00AC00EF009400A3001801E1008C00DB
:10EC8400E800F5008600C40063010E0165008500FC
:10EC9400BC009500C600F800AF00AD000101E6001D
:10ECA400AD00EA00F300A300EB005101BC00330007
:10ECB400A700E9008F009E00EE00C200A000F6004D
:10ECC400F700A100B800EB00DA00070114017F008F
:10ECD4004600CE00F1008900AF001501CE00960079
:10ECE400FA00FA008C00B90020010301CA00B50043
:10ECF40081008200DF00DF008800B8000301B80053
:10ED0400A5000701DF007D00D6003F01DF007D0084
:10ED1400AB00B7009C00CF00DD00A800D000FF00CE
:10ED2400C300B300ED00CA009D00090139019C0035
:10ED34005B00C600CB008900C000F000B900B6003B
:10ED4400F300D600AB00D600E100CB000001F100D7
:10ED54006F007400EB00D2008800C900FC00AF0013
:10ED6400AF000501DE009600D5000B01E900DA00D2
:10ED7400BE007C009300E000C0009000DC00F900BD
:10ED8400A600BB000401BF008B00F6002801C900E7
:10ED94009A00B600A600A700DE00CB00A700D700AB
:10EDA400E300AE00CB00F600B800AC001601110180
:10EDB4008A008400D600B8009B00DA00DB00AC00B7
:10EDC400CD00EE00C000B400D900C900CD000D0193
:10EDD400E00072009900E700B6009A00E400E80041
:10EDE400A600C600FC00C100A600E700F400D6009F
:10EDF400DA00B1007E00B100E700B500A300E9002D
:10EE0400DD009F00D200FD00B000A400000103015A
:10EE1400BB00B200B7009A00B300E100BB00AE0033
:10EE2400E400D800AD00DB00EB00AA00BE0019012D
:10EE3400F2008C00A300CF00A900B000E200C500DE
:10EE4400AA00D700DD00B900CA00DC00BE00D7006C
:10EE54000D01CA007A00B400E100AC00AD00E60088
:10EE6400CD00AA00D900EC00B400B800E600DB0035
:10EE7400D700E400AD008900C500DE00A800B200A0
:10EE8400EC00C800A200DF00ED00AA00BC00FE00F8
:10EE9400E600BA00BF00B200A000CA00D900B20068
:10EEA400BE00E100C400B600E100DD00B200CD0008
:10EEB400FE00DD00A600AE00C000B600BD00CB0021
:10EEC400C200C000D000CE00C700CF00CA00C500F9
:10EED400E400F100BC009900B900CF00BA00BF0003
:10EEE400D600CA00B900CD00D700C600C400D400C3
:10EEF400DF00E400CF00A2009E00C800CF00B600EF
:10EF0400C200D700BE00B800DA00D800B700C400C1
:10EF1400E700E300C900B800AC00B600CF00CA00A7
:10EF2400BB00CE00DB00C100C000D700CA00B700A0
:10EF3400DB00F700D000A800AE00BC00BD00C70095
:10EF4400CA00C500C900D000C800C800CD00C00078
:10EF5400C400E900E800B100A000C200CA00BB0080
:10EF6400C500D000C400C400D200D100C900CC0048
:10EF7400CE00D600DF00C800A300AF00CF00C5005C
:10EF8400B900CF00D600BE00C100D800CD00BA0041
:10EF9400D100E700D900C100AE00A900BE00D00036
:10EFA400C200BD00D300D200BD00C700DC00C70012
:10EFB400BC00DF00ED00C900AD00B000B700C00028
:10EFC400CB00C500BF00CA00D000C700CE00D400EB
:10EFD400C500CB00E900DC00B100AD00C500BF00F6
:10EFE400B600C800CE00BF00C200D000CC00C900EB
:10EFF400CD00D100DB00E100C600A600B800D200BD
:10F00400C400B700C800C800BA00C400D400CA00D5
:10F01400C300D400DC00D400CA00B900AF00C400AF
:10F02400D400C600C200CB00C000B800CE00D70098
:10F03400C000C000E000E300C600B900BA00BC0094
:10F04400C500CC00C600C600CF00C500BD00CC0082
:10F05400D100BE00C900E700D600B100B300C5006E
:10F06400C400C800D200C700BD00C900D000C90058
:10F07400C700C700C700D800DE00BF00A900BE005B
:10F08400CD00C100C300D000C500BD00CF00D80032
:10F09400CB00C400C900CF00D400CD00B400AF0041
:10F0A400C900CF00BF00C600D100C400BE00D2001A
:10F0B400D400C300CB00DD00D300C000BA00B70009
:10F0C400BA00C900CC00C200C600CB00C100C40015
:10F0D400D900D000BD00CE00E300CE00B300B900DB
:10F0E400C100C000C600CC00C400C300CA00C900EF
:10F0F400CB00D200CB00C600D600DB00C000B200BB
:10F10400C300C600BD00C800D000BF00B500CE00DB
:10F11400D000C900CA00CF00D400D100C800BA0092
:10F12400B500D000CF00BA00C700CD00BF00C200B8
:10F13400D000D200C500C400D500D300C600C10071
:10F14400B900C300D200C700C500C800BD00BC00A0
:10F15400CB00D500C800BD00D600DD00C000BB0058
:10F16400C200BF00C600CE00CD00C900C500C50066
:10F17400BE00C800D600C400C000DB00D300B70046
:10F18400B800C900CB00C300CD00D200BC00BF0052
:10F19400D100CA00C400CA00CC00D000CB00C0001B
:10F1A400B800BE00CD00C900C400D300CB00BA0033
:10F1B400C600D500D000C500C400D000CF00C300F5
:10F1C400BC00BA00C600CD00C300C800CC00C1001A
:10F1D400C100CF00D400C900C500D400D000BD00D8
:10F1E400C100C300BD00C500CC00CB00C600C300F5
:10F1F400C600C800CF00D100C200C900DD00CC00A9
:10F20400B500BB00CA00CA00C200CC00CF00BE00DB
:10F21400BF00CC00CC00CC00CA00C700CD00CD009C
:10F22400C500BD00BF00C900C900C700CE00C500AD
:10F23400BE00CC00D100CB00C600C800CF00CB007C
:10F24400C100C100C200C800C900C300CB00CC008B
:10F25400BF00C200D000D100C700C400D100CF005D
:10F26400C200C200C100C100CB00CC00C700C40072
:10F27400C200C600CB00CF00CD00C200C700D20040
:10F28400C600BC00C400C800C600C600D000CE0042
:10F29400BC00BF00CF00CD00C800C700CA00D10029
:10F2A400CB00C000BD00C100CA00CA00C900CE0026
:10F2B400C400BF00CC00D000CA00C500C600CD0009
:10F2C400C900C200C100C200C900CA00C600CA0009
:10F2D400C600BE00C800D500CF00C200C300D100E4
:10F2E400CD00C000C400C500C100C600CB00CA00E8
:10F2F400C900C600C600C800CE00CE00C300C900C5
:10F30400D200C400BC00C600C900C400C500CE00C1
:10F31400CA00BD00C400D000CD00CB00CA00C800A4
:10F32400CA00C600C100C300C600C800C500C700AB
:10F33400CB00C300C100CF00D100CB00C900C7007F
:10F34400C900C800C500C300C200C600C700C6008B
:10F35400CC00C700BD00C600D200CF00C700CA0061
:10F36400D000C500BE00C900C900C200C600C80064
:10F37400C500C300C400C800CD00D200CE00C50043
:10F38400C800CC00C300C200C900C900C300C60045
:10F39400CB00C400BE00C500CD00CC00C900CA002B
:10F3A400CB00CA00C600C300C600C800C500C40024
:10F3B400CC00CB00BF00BF00CB00CF00CB00CA0005
:10F3C400C900C600C500C600C600C800CA00C60001
:10F3D400C600C900C700C100C800CF00C900C400EE
:10F3E400CA00C900BA00C200CD00C500C000C700F1
:10F3F400CB00C800C700CA00C900CD00D000C900B6
:10F40400C500CF00D100C100BA00C400C800C300C9
:10F41400C800CC00C600C300C900CD00CC00CC009D
:10F42400CA00C900C800CC00CC00C600BE00BE00A3
:10F43400C400C600C300C300CA00CD00CC00CB008A
:10F44400C900C800C900C900C600CA00D000C9006C
:10F45400BC00BE00C800C600C300CA00CD00C8007E
:10F46400C800CD00CA00C700CA00CB00C600C9004E
:10F47400CE00C700BD00BF00C400C600C900CB0059
:10F48400C800C700CA00CA00C600C900CD00C80031
:10F49400C300C800CE00C900C100C000C600C90036
:10F4A400C600C400C800CA00C900C900CA00C90017
:10F4B400C900C900C500C500CB00CD00C700C3000A
:10F4C400C400C400C400C800C800C500C800CB0004
:10F4D400C800C600C900C900C300C600D100D000DE
:10F4E400C300BF00C400C600C700C800C800C700EE
:10F4F400C900C900C400C500CA00CA00C900CB00C5
:10F50400CD00CB00C600C200C200C400C700C700C3
:10F51400C700C700C600C600C900C800CA00CD00A5
:10F52400CA00C400C800CE00C900C200C400C8009C
:10F53400C500C400C600C500C600C900C900C90092
:10F54400CC00CE00C500C300CC00CE00C700C5006F
:10F55400C600C200C100C600C600C400C800CD0079
:10F56400C900C700CA00C900C600C900CD00CD004B
:10F57400CB00C600C100C100C600C800C600C80058
:10F58400CA00C700C600C800CA00CC00CA00C70031
:10F59400C800CC00C900C200C200C700C600C60033
:10F5A400C900C600C200C700CA00C600C700CE001A
:10F5B400CD00C600C700C900C600C600C800C5000B
:10F5C400C500CA00C800C200C400CB00C900C60000
:10F5D400CC00CD00C400C200C900CC00CB00C900DF
:10F5E400C700C400C400C600C600C200B700CC00F7
:10F5F400CC00C100C800D100C600C300D000CE00BA
:10F60400C900CD00CF00C800C800CA00C300C200B2
:10F61400CD00CD00BF00BE00C700C900CA00CD00A8
:10F62400CB00C800CA00CE00CC00C500BE00C2009A
:10F63400CA00C900C000C500CE00CB00C400CA0087
:10F64400CA00BF00C200D100D000C700C600C3007A
:10F65400BF00C700CE00C300C000CF00D000C5006B
:10F66400C900D000C500C200D100CF00BE00C00058
:10F67400CE00C700BC00C500CA00C500C700CE004C
:10F68400CA00C300C600C900CC00CF00C900BF0037
:10F69400C300CF00CB00C000C100C800C900C8002F
:10F6A400C900C800C500C600CA00CD00C900C10019
:10F6B400C300CD00CC00C300C500CB00C700C6000A
:10F6C400CD00CB00BE00C100CD00CC00C600C600FA
:10F6D400C700C600CA00CA00C300C700D200CD00DC
:10F6E400C100C600CB00C300C400D100CE00BD00E1
:10F6F400BF00CB00C700C200C900CB00C600CA00CF
:10F70400CF00C900C200C500C800CA00CA00C400B6
:10F71400C000C700CE00C800C200C700CB00C800AC
:10F72400C800CB00CA00C600C600C900CD00C9008D
:10F73400C000C200C900C700C200C700CE00CA0092
:10F74400C700CD00C900BF00C500D000CB00C30076
:10F75400C400C700C600C800C800C300C700CE006C
:10F76400C900C400CC00CB00C100C600D400CE0048
:10F77400BD00C000C900C500C200C900CC00C9005A
:10F78400CA00CC00C700C400C500C800CB00CD002F
:10F79400C600C200C700C800C300C400C900C90035
:10F7A400C600C900CD00C900C500C600CB00CD000D
:10F7B400C700BF00C400CB00C500C000C800CF0014
:10F7C400C900C600CD00CA00C000C500CE00CB00F1
:10F7D400C700C700C600C200C500C800C700C800F3
:10F7E400CA00C600C700CC00C900C200CA00D200CB
:10F7F400C800BF00C500CA00C300C300CA00CC00D3
:10F80400C800C600C800C900C700C400C700CD00B6
:10F81400CC00C400C400C800C600C400C900CB00AA
:10F82400C700C800CB00C800C200C400C900CC0097
:10F83400CB00C500C100C600CA00C300C400CE008E
:10F84400CE00C400C700D000C900C000C700CD006E
:10F85400C600C300C700C600C400C700C900C70073
:10F86400C900CA00C900C800C800C600C800CD004D
:10F87400CD00C500C200C500C400C100C500CB0056
:10F88400CC00C700C600CA00CB00C600C500CC002F
:10F89400CE00C700C200C500C700C500C700CA002B
:10F8A400C800C500C700C900C700C700CA00CA0015
:10F8B400CA00CA00C800C400C500C500C300C70010
:10F8C400CB00C800C400C900CC00C500C300CB00F5
:10F8D400CE00C800C500C700C600C500C600C800E9
:10F8E400C800C700C700C600C600C800C900CB00D6
:10F8F400CC00CA00C700C600C500C500C500C800CA
:10F90400C800C700C600C600C700C700C600C700BD
:10F91400CC00CB00C600C700CA00C700C300C700A4
:10F92400CB00C800C600C600C500C500C800CA0098
:10F93400C800C900CB00C600C300C700C800C70088
:10F94400C900CB00C700C500C800C900C500C60077
:10F95400CA00C800C700C800C700C400C600C80069
:10F96400C900C900C900C700C700C900C900C60052
:10F97400C700C900C900C800C500C400C600C7004C
:10F98400C800C700C800C800C600C700C900C90035
:10F99400CB00CC00C800C400C500C700C600C60028
:10F9A400CA00C900C500C600C700C600C800CA0016
:10F9B400C900C800CA00CA00C500C500C800C70005
:10F9C400C500C700C800C600C600C800C800C800FB
:10F9D400CA00CA00C800C800C900C600C500C600E5
:10F9E400C800C900C900C700C400C500C800C900D8
:10F9F400C800C900CA00C900C700C600C700C800C3
:10FA0400C800C600C600C800C700C500C800CA00B8
:10FA1400C700C600C900C900C700C600C600C700A9
:10FA2400C900CA00C800C600C700C700C700C70095
:10FA3400C800C800C900C900C700C400C600C90086
:10FA4400C900C800C800C800C700C600C700C90074
:10FA5400C900C800C700C800C800C600C600C80066
:10FA6400C800C700C700C800C700C700C900C80055
:10FA7400C600C700C800C800C700C800C700C60049
:10FA8400C800C800C700C800C800C600C500C90037
:10FA9400CB00C800C700C900C800C600C600C80023
:10FAA400C800C800C800C700C600C800C800C70016
:10FAB400C800C900C800C600C800C800C600C80005
:10FAC400C900C800C700C800C800BE00BD00CB0004
:10FAD400C900C600CB00CB00C500C900CD00C600DC
:10FAE400C400CE00CC00CA00CC00C500BC00C700D6
:10FAF400CD00C500BF00CB00CB00C300CA00D000BE
:10FB0400C400C500CF00CF00C800C500C100BF00BD
:10FB1400C600CC00C300C500D100CA00BF00C800A5
:10FB2400CC00C300C600D200CE00C000C100C70094
:10FB3400C300C800CD00C500C400CD00CA00C50084
:10FB4400CB00CD00C400C700D200C800BA00C50075
:10FB5400CC00C300C400CB00C800C400C900CC0062
:10FB6400C500C600CB00C800CC00D100C200BA005A
:10FB7400C700CD00C400C400CD00C900C200CB0042
:10FB8400CD00C200C600CF00CB00C700C600C20033
:10FB9400C100CA00CC00C200C300CD00C700C4002D
:10FBA400CE00CB00C000C600D100CB00C100C50010
:10FBB400C700C500C900CA00C400C800CD00C70002
:10FBC400C400CA00C900C400CB00D200C600BE00F5
:10FBD400C600C800C200C700CB00C500C500CB00EA
:10FBE400CB00C600C800C900C600CB00CD00C100D0
:10FBF400C000CC00CA00C200C600CC00C600C300CE
:10FC0400CD00CC00C400C700CC00CB00CB00C900A1
:10FC1400C200C100C800C800C200C600CC00C600B3
:10FC2400C600CC00C700C100C900D000CA00C30090
:10FC3400C600C700C700C900C900C400C600C80088
:10FC4400C700C800CA00C600C400CB00CE00C6006E
:10FC5400C100C800C800C500C800C800C700C9006A
:10FC6400CB00C800C600C600C700C700CB00CA004E
:10FC7400C300C400C900C700C500CA00CB00C60049
:10FC8400C600CA00C900C500C800CA00C900C8002F
:10FC9400C400C200C600C900C600C400CA00CB002C
:10FCA400C600C900CD00C700C400C900CB00C8000D
:10FCB400C700C700C500C400C800C700C600CA000A
:10FCC400CA00C600C900C900C400C600CD00CC00EB
:10FCD400C400C400C800C600C500C900C800C600EE
:10FCE400C800C900C700C700C800C700C700CC00CF
:10FCF400C900C200C500C900C600C600C900C900C9
:10FD0400C700C900CB00C600C400C700C900CA00B0
:10FD1400CA00C600C400C600C700C500C700CB00A7
:10FD2400C900C500CA00CA00C500C600CA00C9008F
:10FD3400C700C700C500C400C800CA00C700C70088
:10FD4400CB00C800C500C900C900C400C600CC006F
:10FD5400CB00C500C600C800C400C400C900C90067
:10FD6400C700C900CA00C800C800C700C500C70052
:10FD7400CB00C900C300C400C900C700C700CA0043
:10FD8400CA00C600C600C900C800C600C700C90032
:10FD9400C900C900C600C400C600C800C700C70027
:10FDA400CA00C800C500C900CA00C600C500C90011
:10FDB400CA00C800C700C500C600C800C800C70004
:10FDC400C900CC00C800C500C700C900C600C700F0
:10FDD400CC00CB00C500C400C700C600C600C900E3
:10FDE400CA00C700C800CA00C800C600C600C600D2
:10FDF400C800CA00C800C500C600C800C600C500C7
:10FE0400C900CA00C700C700CA00CA00C700C600AC
:10FE1400C700C900C900C600C500C600C700C700A6
:10FE2400C900CA00C700C600C900CA00C700C7008D
:10FE3400CB00CA00C600C400C500C600C700C80085
:10FE4400C800C900C900C700C700CA00C900C5006E
:10FE5400C700CC00CB00C500C400C500C600C60066
:10FE6400C700C800C800C800C800C900C800C7004F
:10FE7400C800CB00CA00C600C500C600C500C50046
:10FE8400C700C900C800C700C700C800C900C8002F
:10FE9400C700C900CB00C800C400C700CA00C7001F
:10FEA400C400C700C800C500C700CA00C900C70015
:10FEB400C800C900C900C900C700C500C600C80001
:10FEC400C900C800C900C700C400C700CA00C700F1
:10FED400C600C900CB00C800C600C600C600C700E3
:10FEE400C900C900C800C800C600C500C800C900D0
:10FEF400C600C600CA00CA00C600C600C800C600C4
:10FF0400C700C900C900C700C800C800C700C600B0
:10FF1400C700C700C800CA00C700C400C700C900A2
:10FF2400C700C700CA00C900C600C700C900C8008E
:10FF3400C700C800C700C700C800C700C500C70085
:10FF4400C900C700C700C900C800C600C900CA006C
:10FF5400C700C700C900C800C600C600C700C60065
:10FF6400C600C800C800C800C800C700C600C90051
:10FF7400CA00C700C800CA00C900C600C500C60040
:10FF8400C600C700C800C800C700C700C800C90031
:10FF9400C900C800C800C900C800C800C700C6001E
:10FFA400C600C600C700C700C600AB00D300F700F8
:10FFB400B400B900ED00BE009A00E300E6009B0027
:10FFC400C300FC00B9009D00E100D600A400D600E7
:10FFD400F200AB00A900EC00CB00A100DF00E700B9
:10FFE400A200BA00ED00BD00A700E400D900A10002
:0CFFF400C800EB00B100B200F000CE002D
:020000040801F1
:10000000A000D400E300AA00BC00EE00C100A400E0
:10001000DC00DA00A600C900EC00B600AE00E40087
:10002000D000A600D200E500AE00B800E900C40090
:10003000A800DE00DD00A700C000E700BC00AF00A4
:10004000E200D300A500CB00E300B400BA00E70053
:10005000C800AA00D600DD00AE00C000E600BF0068
:10006000AD00DC00D200AA00CC00E400B700B5006F
:10007000DF00CB00AE00D500DD00B000BE00E20026
:10008000C000B000DC00D500AB00C700E100B90043
:10009000B500E100CF00AD00D100DD00B300BF002E
:1000A000E300C400AE00D600D600B000C600E200F7
:1000B000BC00B300DC00CF00AE00CD00DE00B70016
:1000C000BA00DF00C800B000D500D900B200C100FE
:1000D000DE00BE00B500DC00D200B000C900DD00CB
:1000E000B900BA00DE00CA00B100D300D800B300E6
:1000F000C100DF00C300B300D700D200B000C800C9
:10010000DE00BB00BA00DC00CA00B100D100DA009A
:10011000B500BD00DD00C500B400D600D300B300BB
:10012000C700DC00BC00B800DA00CE00B300CD0090
:10013000DA00B800BC00DC00C700B400D200D30075
:10014000B500C500DC00C000B600D700CF00B40089
:10015000CC00D900BB00BE00DA00C700B500D0005B
:10016000D600B700C100D900C200B800D600CF0049
:10017000B600CA00D800BD00BE00D900C900B40056
:10018000CE00D600B900C200D900C300B800D30029
:10019000CF00B700C800DA00BF00BC00D700CA001B
:1001A000B700CE00D500BA00C100D700C400B70028
:1001B000D200D300B800C600D800C100BC00D400F3
:1001C000CC00B900CC00D400BC00C000D700C700F0
:1001D000B900D000D100B900C600D700C200BC00F1
:1001E000D300CC00B900CA00D500BD00BE00D500C8
:1001F000C800BB00CF00D100BC00C600D600C200C2
:10020000BA00D300CE00B900C900D500BE00BF00BF
:10021000D400C800BA00CE00D200BC00C400D40094
:10022000C500BF00CE00CB00C100C700CB00C50099
:10023000C600CB00C800C500C800C900C700C80080
:10024000C800C700C800C800C600C700C800C80072
:10025000C700C700C800C700C700C800C800C90061
:10026000C800C600C700C900C900C600C600C80053
:10027000C800C700C800C800C700C800C800C70041
:10028000C700C800C800C500C700C800C600C70036
:10029000C900C800C600C800C800C600C900CA001E
:1002A000C700C600CA00CB00C600C500C600C70014
:1002B000C700C800C600C700C800C800C800C80002
:1002C000C800C700C800C900C900C900C800C600EE
:1002D000C500C700C800C700C600C800C800C700E6
:1002E000C800C800C700C800C900C800C700C900CE
:1002F000C900C600C500C700C800C600C700C900C5
:10030000C800C700C800C800C800C800C900C700AE
:10031000C700C900C900C600C500C700C800C700A3
:10032000C700C700C700C800C900C800C600C80091
:10033000C800C700C700CA00C900C600C500C70082
:10034000C700C700C800C800C700C800C800C60072
:10035000C700CA00C800C500C700C900C900C8005E
:10036000C700C500C600C900C800C600C800C90053
:10037000C600C600C900C800C700C800C800C80041
:10038000C900C800C600C600C900C800C600C70032
:10039000C700C600C900C900C700C600C900C80020
:1003A000C700C800C900C800C700C700C700C70011
:1003B000C700C700C700C800C800C700C600C80003
:1003C000C900C700C600C900C900C800C700C700EF
:1003D000C600C700C800C800C700C700C800C800E2
:1003E000C700C700C800C800C700C800C900C800CF
:1003F000C600C600C700C700C800C800C700C700C5
:10040000C900C800C600C700C900C800C700C800AE
:10041000C800C800C800C700C600C700C800C700A1
:10042000C700C700C700C800C800C800C700C80090
:10043000C800C700C800C900C800C600C600C70081
:10044000C800C700C700C700C700C800C800C80070
:10045000C800C800C700C800C800C800C700C7005F
:10046000C700C700C700C800C800C700C800C9004F
:10047000C700C700C800C800C700C700C800C80040
:10048000C800C700C600C600C800C800C7004300B7
:100490008200DC00A200B400F900E0009300B70085
:1004A000CB00C300CB00FE000C013001DB006E006E
:1004B0004C00CD00DE00A500B7000501C2009E0083
:1004C000D700F800B700DB0030013001DD009300F9
:1004D0005E007600C000CF00A900C700E700B400AE
:1004E000A100E000E100B600F6004401FD008A0032
:1004F0007B009A00B400D600DB00BC00C600D6002A
:10050000B900BC00ED00E100D0001A012F01AD00E0
:1005100053009200C800AF00B600D600C600B3007A
:10052000C600C900C200D000E000FA001901E600D0
:1005300070006B00CD00DE00AC00C300EB00BF001C
:10054000A600D500E100BD00D3000F011101D900C4
:10055000950074009F00DA00C700A800CC00DB0003
:10056000AB00B000E800D500AD00EB002801E800CA
:1005700090008C00AA00C100D000C900BF00CE00CE
:10058000CD00B500C800E500CC00CC001501150178
:10059000A2006E00AA00CB00B600C200D500BF00CA
:1005A000B200C800CF00CB00CE00D700F200090196
:1005B000D00079008900D700D300AF00C800DD006B
:1005C000B200AF00DF00E100BC00CE00FD00020180
:1005D000D6009B008400B000D800C100B000D2005B
:1005E000CE00AA00C200ED00CB00B200F000160160
:1005F000D80096009700B000C600D000C300BE002F
:10060000C900C100B700D800E400C100CD0011014D
:10061000FF009D008500B900C900B900C500CC00ED
:10062000BB00BA00C900CE00CF00CD00CE00EE0066
:100630000201C5008200A100D900C600B200D000AE
:10064000D100AE00BB00DF00D400BF00D400F20038
:10065000F400D1009D009200C200D800B700B400A1
:10066000D400C500AA00CD00EA00C300B800EF0026
:100670000101CD00A300A600B700CB00CD00BC0057
:10068000BF00CC00BE00BB00DC00DC00B900D10024
:100690000901E8009A009A00C400C600BF00C90022
:1006A000C500B800BE00C800CE00D400CC00C90010
:1006B000ED00F900B7008900B500DC00C200B90008
:1006C000D000C500AF00C700DE00CB00C000D400E2
:1006D000EA00EE00CF009B009B00CD00D600B400E6
:1006E000BD00D400BB00AE00D900E000B900BF00DF
:1006F000F300F400C800A900A600B900D400CD00A2
:10070000B800C100CC00B900C000E100D300B400C3
:10071000DA000401D900A000AA00C300C300C5008C
:10072000C800BD00BA00C500C900CF00D300C30097
:10073000C500F000F200B0009700C400D500BC0076
:10074000C100D000BC00B400CE00D800C800C50075
:10075000D100E100E900CA009E00AA00D500CD004A
:10076000B500C500CE00B300BB00E100D700B50066
:10077000C600E900E300C600B200AE00C100D5002B
:10078000C700B900C700C800B900CC00E300C7002B
:10079000B400DF00F600CB00A800B500C200C40022
:1007A000CB00C600BB00BF00C500C600D100D20010
:1007B000BE00C800F100E400AA00A700CC00CD00F4
:1007C000BD00C900CB00B700BD00D400D200C500F9
:1007D000C500CE00DE00E700C500A100B700D700CD
:1007E000C800B700CA00CA00B400C300DE00CB00D6
:1007F000B600CD00E600DD00C700B300AF00C600C4
:10080000D600C400BB00C900C400B800D000DD00A1
:10081000BF00B900E400EC00C400B000BB00C2009F
:10082000C700CD00C300BB00C400C600C600D20094
:10083000CE00BA00CC00EE00D800AA00B200CD0075
:10084000C800C200CD00C600B700C400D300CD0070
:10085000C600C800CB00DC00E200BE00A500C1005D
:10086000D600C300BE00CC00C200B400CD00DD0045
:10087000C600BB00CF00DC00D600C700B400B30048
:10088000CC00D400C100BE00CA00C000BD00D7002B
:10089000D900BB00C000E200DF00BF00B700BD0010
:1008A000C100CB00CD00C000BD00C600C600C9001D
:1008B000D700CB00BA00CE00E700CC00AE00BC00F1
:1008C000CC00C400C600CE00C100BB00C900D100EE
:1008D000CC00CB00C600C600D900DC00BB00AE00D7
:1008E000C700CF00C000C500CE00BF00BB00D100D4
:1008F000D600C300C100CE00D300D200C800B700AC
:10090000B900CD00CD00C000C600CB00BE00C200C3
:10091000D900D200BA00C400DA00D300C200C0007F
:10092000BE00C000CB00CA00C100C300C900C400A3
:10093000CB00D600C800BA00CF00DD00C600B6006C
:10094000C300C800C200C900CD00C100BF00CB0079
:10095000CF00CC00CB00C600C500D500D500BC0040
:10096000B600C900CB00C200C900CC00AB00280013
:10097000EE00B000A200A100E3000C01B000D00026
:100980002101AF00EC000801CC004301D700230097
:100990009100D900D4009A0096003301D8008C0051
:1009A0003201E1009700050101010E01D7005D0051
:1009B0008A008100B900DF007100E10029018A008E
:1009C000D7000901B400C400E6002901F0004C0082
:1009D000A400BB008C00F500BC00A3001001CF00F8
:1009E000C400ED00D400E800BA00FF003F0163003E
:1009F0005300DF00A000AB00C200B700EE00BD0056
:100A0000D100FA00A600DE00E400C0002F01C20001
:100A10003F00B300D000C000B000B3001201BF001F
:100A20009D002001CB00A600FB00DD00FE00D500EC
:100A300066009A00AE00C700D0008400EF00FC0002
:100A40008100EA000301A300C800E1000B01DD0002
:100A50006600B000BB009E00ED00AF00B6000B01C9
:100A6000B400C200F700CA00D200C40000011501A2
:100A700064008000DF009900BF00D000B700E800EC
:100A8000BB00C900F100B500DF00D500C8001E01A1
:100A9000A5005800CE00C500B700C000BF00F70099
:100AA000B600B2001101BE00B800F700CE00FA0097
:100AB000CF006E00A800B900C500C7009C00F3007D
:100AC000E2008E00F900EE00A600D900E100F70078
:100AD000CF007800B200B700B000E800A800C40062
:100AE000F900A700CD00F900C400CE00CD00FD0044
:100AF000F2006D009F00D6009C00CE00CC00B70035
:100B0000E200B900CC00EC00BE00DB00CD00D50057
:100B10000B0195007500D600BC00BA00C800C500E6
:100B2000E600B100C3000101B800C600EC00CA0035
:100B3000F400C1007900B400C200C700C300AE00D9
:100B4000ED00C800A000FE00DD00AA00DD00DF000F
:100B5000EC00C4008700B600B500BF00E200AB00A7
:100B6000CE00E800A500D900F000BD00CB00D60003
:100B7000F900D9007800B000C900A500D900C9006B
:100B8000B700DA00BB00D000E400C400D700C90001
:100B9000E000FB008D008B00D700B800C200CE0043
:100BA000C500D300B200D000F100B800D200E200CE
:100BB000CD00F000B6008300BB00C400C800C20036
:100BC000BA00E300B800B100FB00CC00B500E500BE
:100BD000DE00E100BC009600B800B700CA00D600F5
:100BE000B100D100D200B100D800E800C500C400B7
:100BF000E400EF00BD009800B400BF00BB00CD00D2
:100C0000C900BD00C600C800CC00D900D600C6008F
:100C1000CF00EB00D6009B00A000CA00C600BE00BB
:100C2000D000CE00BA00C000D800DA00CB00CD0062
:100C3000D500DA00D900B4009800B500CF00C2009A
:100C4000C200D100CA00B300C900E700D000BE0056
:100C5000D800E200D000BB00A800AC00C200D00069
:100C6000CA00C600CE00C400BA00DA00E400C20028
:100C7000C600E700DE00B600A600B300BA00C1005F
:100C8000D200CA00BE00C600C400CB00DB00D10009
:100C9000C400D600E500C900A000AD00C700BE003A
:100CA000C700D700C600BC00C600D200D400CD00EB
:100CB000D000D400D900D700B0009D00C000CC0007
:100CC000C000CA00D100C000B800CE00DE00C800DD
:100CD000C600DD00D900CB00BE00A800AF00CA00EE
:100CE000CF00C800C600CA00BF00BE00DA00DA00AC
:100CF000BF00D000E600D200B800B000B600BD00D2
:100D0000C900D400C500BC00C800C300C900DA0097
:100D1000CE00C500DA00E000C100A600B700C700A1
:100D2000BF00CD00D500BE00BA00CB00D000CF0080
:100D3000CD00D100D400D800D100B000A600C5007D
:100D4000CB00C100CC00CD00BA00BA00D300D8005F
:100D5000C500CA00DE00D400C800BE00AD00B4006B
:100D6000CD00CF00C600C500C700BE00C200DA003B
:100D7000D300C000D500E300CB00B800B500B80038
:100D8000C000CD00D100C200BC00C700C500CB0030
:100D9000D700CB00C800DC00DA00BE00AC00BA000F
:100DA000C800C500CE00CF00BB00BD00CC00CC0009
:100DB000CD00CE00CE00D300D600CC00B000AD00F8
:100DC000C800CD00C600CD00C600BA00C300D100E7
:100DD000D100C700CD00D900D200C800BD00AE00D0
:100DE000BB00D200CF00C700C700C300C100C800CD
:100DF000D400CC00C300D400DC00C600BA00B600AA
:100E0000B800C800D200CC00C200C000C700C800B3
:100E1000CC00D200C800C900DA00D200B900B3008B
:100E2000BD00C700CC00D000CA00BD00C100CD008D
:100E3000CB00CB00CD00CB00D200D500C500B20066
:100E4000B500C800CE00CA00CC00C5009500330034
:100E5000BE00D500AF00C600D600B900DA001F0101
:100E6000E200B6001101080195006300AC00D60055
:100E70009300C3002201F3009600B0001E011A0186
:100E8000EF00D60078004A00C2001A01AC005600FC
:100E9000C8001101C200BA000A010601C300C8005F
:100EA000C4007D008C00EF00EC00B100CE00F0002B
:100EB000B400AD002C014801AB0051009F00CF00F1
:100EC000B100BC00CB00A700C2001401F4009800E0
:100ED000CC002101CD006B00A100DA00AC00AD0018
:100EE000F400E0009A00C3000A01FF00EE00E900F0
:100EF0009B005700A5000901CE007800B100F80062
:100F0000D000B400E300F800DE00DD00CF00820076
:100F10007500D400F300B200B300E800CF00A900D0
:100F2000F5003301D5007C00A700CC00B500BB0064
:100F3000CA00A700AA00F800FB00A500B9001C0128
:100F4000F60087008900C500BE00BE00EE00DB0091
:100F50009800B000F300E700D800F800D5007A0050
:100F60008E00EC00DA008900AA00FA00E500B90062
:100F7000C900DA00D600E700E10096007700C9005A
:100F8000F700B900A400D800DD00BD00E1001501A4
:100F9000E1009700A800C200B100BB00CF00B10083
:100FA000A400E300FF00B600A70003011201B30094
:100FB0008900AB00BA00BE00DD00D600A300B1007E
:100FC000ED00E500CA00E800E800A3009400D900A5
:100FD000E1009C009A00D800DE00C400CE00D800DA
:100FE000D200E500ED00AA007500B500FD00D600B6
:100FF000A500B900CE00C400D500FC00EA00BA008C
:10100000B800BE00A900B300D000C100AC00D400FD
:10101000F600C2009E00E1001101D8009C00A10072
:10102000B300C100DB00D700A500A600E800F30074
:10103000CB00D300E700BF009D00BF00D700B00089
:10104000A500CF00D800C200C700D000CF00E70045
:10105000FC00C7007C009800E400E200B200B2008F
:10106000C800CA00D000E900E100C300C700D300F7
:10107000B900A900BE00C400B100C200E900D4005C
:10108000AB00CD00FE00E500AF00A300B300C2003E
:10109000DB00DC00AC009900D200F400D300C500F6
:1010A000E200D800AF00B100C900B800AE00CE0029
:1010B000DB00C500C100CD00CA00D700F500DA0092
:1010C0009B009800CC00DE00C100AD00B600D1004E
:1010D000E400E000D000C700CB00CC00BF00B700A8
:1010E000BA00BE00C000C400CB00CC00C200CA00E1
:1010F000E800F200D000A0009C00C500E000D30092
:10110000B400AC00C500DF00D900CA00CD00D80093
:10111000D300C200B500B400B600C100CE00CE00BE
:10112000C800C200C700DD00E900D700B100A2007E
:10113000BE00DE00D500B300A700C100E100E10061
:10114000CE00CA00D200D500C400AE00B100C2007B
:10115000CB00CC00CA00C600BD00BF00DB00EE0023
:10116000DC00B700A200B500D400D400BB00AC0086
:10117000C000E100E200CA00C100CE00DA00D100E8
:10118000B600AE00BC00C900CB00C200C100C60062
:10119000C800D700EA00DE00BB00A200B100D50005
:1011A000DB00BF00AB00B900DA00DF00C900C200FD
:1011B000D100DE00D400B600AB00B800C900D100F9
:1011C000C800C000C300C700D200DE00D900C300C1
:1011D000AD00B400D200DA00C200AC00B200D3000F
:1011E000E200D100C400CA00DA00D500B900AD00A9
:1011F000BC00CE00D300C700BE00BC00C300D400BA
:10120000E100DB00C800B400B200C700D300CA0090
:10121000B700B500CD00E000D100C000C400D70089
:10122000DB00C200B000B700C900D200C800BA009D
:10123000BE00C900D500DC00D900CA00B400B0006F
:10124000C800D600CB00B900B500C600D400D0005D
:10125000C800C700D600DF00C900AF00AF00C6005D
:10126000D600CD00BD00BB00C200D000D800D40025
:10127000CE00C200B800C200D000CC00BB00B3005A
:10128000C400D800D600C700C400D200DC00C700EC
:10129000B200B500C500D300D100C100B600BD004A
:1012A000D000DA00D700D000C500BA00BE00C700E9
:1012B000C900C300BD00C300CF00D200C800BF00FA
:1012C000CC00E000D600BA00B200C200D100CB00D2
:1012D000BF00BC00C200CE00D500D200CC00C400CC
:1012E000BF00C200CA00CD00C500BC00BF00CA00DC
:1012F000CF00CA00C600CE00D900D300BD00B200A6
:10130000BC00D100D500C500B700BE00CD00D200A2
:10131000CD00CF00CF00C300BF00C700CA00C2008D
:10132000BC00C300CB00CE00CC00C40079006A0032
:10133000DB00C100A100E500C800BE00F800F60017
:10134000B300F9006501BC0041009700B6009F00A2
:10135000C400E900CD00CB001101E000C60032015D
:101360001A016A004D00B200C800AB00C700C700F8
:10137000B200E000F400B800DB003E01E7005100DD
:101380007D00D000BB00C300F400DA00B800EB0021
:10139000E600B10004013801A0004700A500CD001F
:1013A000A200C100E900BE00CC000801CB00A500EE
:1013B00016010B016B006300CC00CC00B100DD0016
:1013C000DE00B000DD00FF00C300E7003401C6000E
:1013D00049008500D000B200B700E600C600B200A8
:1013E000EF00DC00AB0001012501A2006500AA00AE
:1013F000C200AE00D400E300B300CF000001C10082
:10140000BF002401F7006D008000D500C200AB00D2
:10141000D700CB00AA00E600EF00AA00E0002801F8
:10142000C0005F009D00D700B900CD00F400BB00F4
:10143000A900EC00D500B1000401140196006A0077
:10144000B800CD00B100D200DF00BA00D900EF0033
:10145000AC00BC001701E70076008A00D200C4008F
:10146000BC00E400CA00B300EC00E800B700ED00E7
:101470001001A8006900AD00D200B200CB00E3006B
:10148000B100C000F600C700B2000A010A019000D6
:101490007300BD00C700B700DD00D500AD00D80067
:1014A000ED00B700CE001301DB007C009B00D800EC
:1014B000BA00B400D800C100BA00EA00D900B400F4
:1014C000E9000801B2007600AE00D400C600DA00E0
:1014D000D600A600C100ED00C900C3000301F4005E
:1014E0008E008300C600C900BD00DC00CC00B60041
:1014F000DC00DA00AE00D3000F01D2007D00A000B6
:10150000D100BC00CA00E200BA00B800EC00DD0067
:10151000B900E300FA00AA008000BA00CE00BC00C7
:10152000D300D000B100CC00E800C600C600040122
:10153000EF008B008500C300C700C600DC00C700B9
:10154000B600D600DA00C000DC000201CA008D003F
:10155000AE00C600B600CA00D500BA00C200E20064
:10156000CD00BA00ED00F900AA008D00BE00CD004C
:10157000C900D700C500AD00CB00E400C400C8001E
:10158000FB00DD008F009E00CD00C500C600D90025
:10159000CA00BA00CE00D200BE00DB00F900C100D4
:1015A0009300AA00C700CF00D200C900C000CC0041
:1015B000D900D000C900DB00DB00B5009D00B00001
:1015C000CE00D100C200C200CD00D100CB00CE00C1
:1015D000DF00E500C700A1009E00BD00D600D300DB
:1015E000C600C200C600CD00D200D400DC00DE0080
:1015F000C500A700A400BD00CE00CA00C400C600FC
:10160000CC00CE00CA00D200E400DB00B4009F0092
:10161000B700D500D100C100C000C800CD00CE0089
:10162000D000DA00DD00CA00AC00A800BF00D20084
:10163000CF00C900C600C400C600C800D000DE004C
:10164000DB00BD00A000A900CA00D800CD00C40086
:10165000CA00D200CD00C600D100DE00D200B40026
:10166000A700B800CA00CB00C800CA00CB00CC005D
:10167000CB00CF00DA00DA00C500A900A800C40042
:10168000D400CC00C300C400CB00CF00CD00D000FC
:10169000DB00DA00C000A600AD00C800D300CB001C
:1016A000C300C700CB00C700C900D600DE00CE00D3
:1016B000B300AD00BE00CE00CD00C500C300CA001F
:1016C000D000CA00C900D200D900C800B000B200E2
:1016D000C700D300CE00C400C200C800CC00CB00BD
:1016E000CE00D500D000B700AB00BC00D100D100C7
:1016F000C900C700CB00CD00C900C800CF00D7008B
:10170000CB00B300AE00BE00CE00D100C900C600C1
:10171000CB00CF00CD00CD00D100D000BF00AF0086
:10172000B600C600CF00CA00C200C700D000CF007C
:10173000C900CF00D900CF00B800B000BB00CB007B
:10174000D200CB00C100C200CB00CE00CB00D20043
:10175000D600C600B300B700C500CD00CD00C7005D
:10176000C400C900CD00C900C700D200D600C20025
:10177000B100B900CA00D200CB00C500C500CA0044
:10178000CD00CB00CC00D100CA00BA00B600C0002A
:10179000CD00D000C700C300C900CD00C900C700FC
:1017A000D100D500C400B600B800C300D000CF00FF
:1017B000C700C300C900CD00C800CB00D400CC00D6
:1017C000BC00B900BE00C600CD00CD00C600C300FD
:1017D000CD00CE00C700CD00D700CB00B800B800C8
:1017E000C200CB00CD00C900C200C400CD00CD00B6
:1017F000C900D200D200C100B700BF00CA00CC00AF
:10180000CA00C800C400C500C900C9003D0071007D
:10181000E8008D004A00CA001901DE008A00A80015
:101820000E01C9007A00C4000F01E1007A00EB004C
:101830008001F40054005000DF00DF005F00A800CA
:101840000D01F100A800B0002801F60073009A0015
:1018500004010B01A000C800640141017F003B00AE
:10186000A700BC0068008400FB000A01A1009F00E3
:1018700001010001A1008900E3000901AA009D0007
:1018800022015001CA005D00A600E5009000710031
:10189000E1001001B2009100F2001B01B2007F00D4
:1018A000DE001401C6009700FF005F01FD00690023
:1018B0007500BC009D007500B7000501CF009000C9
:1018C000D7001401CE007F00B7001201DC007A00BF
:1018D000BA003A011B0199008100CC00BD007B00D9
:1018E000B1000801DD008F00C0001801EE00870084
:1018F0009C00FA00F200A300AA0018013801CA00F7
:101900008300AE00BA007E008800EB00FE009D0060
:101910009700FB00FE009E008F00E900FD00A6007E
:101920009300F8002801DB009A00B900D100920072
:101930007C00D200FE00BB009800DE000A01C3005C
:101940008E00D0000401C9009400D4002F010801CA
:10195000A500A000C4009E007600B200FB00D100EC
:101960009400D1000E01CE008C00BE000301DA000D
:101970008E00B00006010601C600AB00C600B8002C
:101980008400A300F300E7009D00AC000301FA000F
:101990009A009800F000F100A700A600F7001601D9
:1019A000DA00B700C900B30080008D00DA00F00053
:1019B000AE009C00E700FB00B6009B00DB00FB00D4
:1019C000BA009600D8000801E400BA00C900D600A9
:1019D0009B007C00C400F700C2009500CE0003010C
:1019E000CA009300CB00FB00CA009F00CA0006019A
:1019F000F500C700CA00CE00A1008100A900E600E2
:101A0000D6009E00BA00FA00E100A000B200F90082
:101A1000E9009D00A700EB00F000C900C600D90056
:101A2000BC008800A300E400DE00AC00B000EC00C5
:101A3000EE00AA009F00DC00EB00B900A800DB006C
:101A4000F900D900CC00E100C7008C008F00D30062
:101A5000EA00B0009900D600F200C200A300D00056
:101A6000F500C800A200C800EA00D700C700DD00EA
:101A7000DC00A2008800C100E900C800A700C50082
:101A8000EA00D100AD00BF00DE00D300B700C30004
:101A9000E100E100D400DB00D300AD009500B2000E
:101AA000D500C800B200BF00DA00D700BD00BE00FC
:101AB000D900DC00C100B600C700D700D800DB00A9
:101AC000DA00BB009C00AC00CF00D100BB00BD0021
:101AD000D600D800C100B900C500D200CC00C100BA
:101AE000C700D100D700E400E800CC00A2009D00B0
:101AF000C000D000BE00B600C700D500CE00C300B5
:101B0000C900D400D000C600C200C500CC00D70078
:101B1000E600DB00B2009F00B400CD00CA00BD00AB
:101B2000C600D200CC00C100C100C900CF00CA006D
:101B3000C600C900CD00D500E500E500C600A30041
:101B4000A900C300C500BB00C000CD00D100C70084
:101B5000C400CB00D000CD00C600C100C300CB0044
:101B6000DB00E600D100AF00A900BF00CB00C3003E
:101B7000C200D000D300C600BD00C000C700CB002B
:101B8000CB00CA00C600C700D700E900E000BC00D7
:101B9000A700B500C500BF00BA00C400D000D00047
:101BA000C900C700C800CC00CE00CA00C300C000F6
:101BB000CA00DF00E500C900AA00AD00C200C900EC
:101BC000C300C800D100CE00C600C400C500C600D6
:101BD000C800CD00CC00C400C500D700E700D90084
:101BE000B800AA00B800C200BF00C000CC00D000FE
:101BF000CA00C600CA00CA00C700CA00CB00C500A0
:101C0000BF00CD00E100DD00BF00AE00B700C600A0
:101C1000C600C200CC00D200CB00C400C300C70085
:101C2000C700C800CD00C900C000C700DD00E60045
:101C3000D000B300B100BE00C200BE00C100CB00A6
:101C4000CD00CA00CB00C900C600CA00D100CD003B
:101C5000C000BE00D200E000D500BD00B300BA0055
:101C6000C400C600C700CB00CB00C800C700C80036
:101C7000C600C400CB00D100C800BF00C900DD0011
:101C8000DD00C900B800B600BD00C200C300C60038
:101C9000CA00CB00CA00CA00C700C400C900D000F7
:101CA000C900BD00C300D700DC00CC00BC00B900F7
:101CB000C000C400C600CA00CD00CA00C600C600ED
:101CC000C700C200C400CE00CD00C200C200D400D4
:101CD000E000D600C500BB00B900BC00C200C600D1
:101CE000C800C900C800CA00CA00C200AF00CA00CC
:101CF000D700C300BC00D000D900D600D200C1007C
:101D0000BB00C900C800BE00BE00CB00CD00C400AF
:101D1000CD00CC00C200C500D100D200CA00CE0068
:101D2000D400CA00C100C100C000B900B700C000A3
:101D3000CC00D000CC00CC00D300CD00BC00BA0059
:101D4000C900D000C600C300CD00D700D600C8002F
:101D5000BB00C300CD00C200B600BF00CC00C9006C
:101D6000C900CB00C000BE00D300D900C600C2002D
:101D7000D200D300C600C500C500BA00BB00C60033
:101D8000C600C600CD00CF00CF00D300CC00B50008
:101D9000B500CF00D400C200BE00CC00D300CF00FD
:101DA000C800C200C000C500C800C100BE00C3001A
:101DB000C900CF00C900BE00C400D300D200CA00D1
:101DC000CE00D400C900C100C500C400BE00BE00E2
:101DD000BF00C400CF00D100C500C700D400CA00B6
:101DE000B600C000D200CA00C100CD00D200C900B8
:101DF000C900CA00C200C100CA00C800BC00BF00C0
:101E0000CA00CC00C900C200BF00C800D500CF0086
:101E1000C100C800D600CF00C200C100C300C1008D
:101E2000C200C600CA00CA00C900CA00D000D00063
:101E3000C100B900C700CF00C500C200CA00CB0076
:101E4000CB00CF00C900BB00C000CE00CB00BF005C
:101E5000C000C600CA00CD00C700BF00C800D60041
:101E6000CD00C200CB00D300C500C000CA00C7002F
:101E7000BC00C000CB00CB00C700C800CA00CA002D
:101E8000CC00C700C000C500CB00C900C800CC0012
:101E9000CC00C800C900C800C100C300CB00C70007
:101EA000BF00C000C800CC00C800C400C600D100FC
:101EB000D200C400C100CF00D000C300C000C700E2
:101EC000C400C200C900CA00C400C700CB00C900DA
:101ED000C800C900C300C100CB00CE00C500C400CB
:101EE000CD00CD00CA00CD00C800BE00C600D000A5
:101EF000C900BA00BD00CA00CD00C700C300C500BC
:101F0000CF00D000C900C700CB00CA00C600C60081
:101F1000C800C300C100C600C900C900C800C50090
:101F2000C800CD00CB00C200C200C900CA00C80072
:101F3000CC00CB00C400C800CF00C800BF00C50063
:101F4000CC00C400BE00C500CA00C900C700C5005F
:101F5000C700CD00CC00C600C800CE00CA00C20039
:101F6000C600CA00C500C500C800C600C400C6003F
:101F7000CC00CD00C900C400C300C600C700C50026
:101F8000C800CB00C800C700CC00CD00C500C3000E
:101F9000CC00CC00C200BD00C400CE00CD00C50006
:101FA000C200C800CC00C900C700CA00CB00C600F0
:101FB000C600C900C600C100C500CA00C800C300F1
:101FC000C500CA00CB00C900C800C700C500C500D5
:101FD000C900CE00C900C300C700CE00CB00C400BA
:101FE000C500CB00C900C100C000C600CB00CA00BC
:101FF000C800C800CA00C700C600C900CB00C8009E
:10200000C500C800C800C400C500CB00CA00C3009A
:10201000C500CA00CA00C600C700CA00C700C40085
:10202000C500C900CA00C700C600CB00CD00C8006B
:10203000C500C900CD00C700C000C100C700CB006B
:10204000C900C700C600C700C900CB00C900C7004F
:10205000C700CB00CA00C500C300C700CA00C80043
:10206000C600C500C600C800CA00CA00C700C30039
:10207000C300C700CA00C900C600C700CB00CC001F
:10208000C900C600C700C900C800C300C200C5001F
:10209000CA00CB00C800C700C600C600C800C900FF
:1020A000CA00CA00C900C700C500C600C900C800F0
:1020B000C600C600C800C900C900C800C900C900E0
:1020C000C600C200C300C800C900C700C900CA00DA
:1020D000CA00C800C900CA00C900C500C300C400C6
:1020E000C900CB00C800C600C600C700C800C900B0
:1020F000C900C800CA00CB00C600C200C600CB00A1
:10210000C900C500C600C900C900C800CA00CA008D
:10211000C700C300C300C700C900C700C600C8008D
:10212000C900C800C700C800CA00C800C600C50072
:10213000C600C700C900CB00C800C300C500CA0064
:10214000CB00CA00C900CA00C700C300C400C80051
:10215000C900C600C400C700CA00C800C700CA0042
:10216000CC00C700C200C400C800C900C900C90033
:10217000C800C500C500CA00CB00C900C600C60023
:10218000C600C600C600C900CA00C600C300C7001A
:10219000CA00C900C800CC00CC00C400C100C50002
:1021A000C900CA00C800C700C800C800C900CA00EA
:1021B000CB00C900C400C200C600C700C600C800EA
:1021C000CB00C900C400C600CB00C200B300C900E8
:1021D000CC00C200C500D000D200CA00CC00CC00A8
:1021E000CF00D100C600C700CE00C200BC00CC00AA
:1021F000D500C600BA00C900CF00C400C700D30094
:10220000C900BF00C300CC00CC00C200BD00C500A7
:10221000D000CD00C200CC00DE00CF00B300BA0079
:10222000CA00C400BE00CA00D200C600C100C90076
:10223000CC00CC00CC00C600C500C700C200C50061
:10224000CF00CF00C100C000CF00CA00BC00C80052
:10225000D400C700BC00C500CE00CA00C200C50043
:10226000CB00CD00C800C500D300DB00C500B30023
:10227000BE00C800C100C000CB00CB00C200C80037
:10228000CF00CA00C800CD00CC00C700C200BF000C
:10229000C700D000CA00BF00C300CD00C500C20007
:1022A000D100D100C100C000CD00CF00C400C000EB
:1022B000C600CA00CB00C700C500D200D500C400CC
:1022C000BB00C300C500C100C600CF00C700BE00F0
:1022D000C800CE00C800C800CD00CA00C400C200BB
:1022E000C600CB00CC00C800C300C900CB00C000B2
:1022F000C200D100CE00C100C200CC00CB00C300A0
:10230000C600CB00C900C800C900CB00D200CF0076
:10231000C300BE00C300C400C100C600CB00C4009F
:10232000C500CF00CB00C400CA00D100CA00BF0066
:10233000BF00C600CA00CB00C700C300C900C90067
:10234000C200C800D200CC00C200C600CE00C70048
:10235000BF00C600CB00C700C600C600CA00CF0041
:10236000CE00C700C200C300C400C300C900CA0039
:10237000C100C400CE00CB00C400C900D100CA0017
:10238000C100C300C900C900C800C600C800CA0017
:10239000C400C100C900CF00C800C200C800CC0002
:1023A000C400C400CB00CA00C500C600CA00CB00F0
:1023B000CB00CB00C700C400C400C300C400C900E8
:1023C000C800C400C900CD00C700C500CE00D000C1
:1023D000C500BF00C500CA00C800C700C800C800CB
:1023E000C600C500C600CA00CB00C700C600CA00B0
:1023F000C800C200C500CB00C900C500C700CA00A4
:10240000CB00CC00CD00C800C300C200C500C8008E
:10241000C800C400C300C900CB00C500C500CE0081
:10242000CD00C400C200C900CA00C800CA00CA006A
:10243000C600C300C300C600C900CA00C800C60069
:10244000C800C700C600C800C900C700C600C90050
:10245000CB00CB00CB00CB00C800C200C100C50040
:10246000C700C700C700C800CA00C900C700C9002C
:10247000CC00CA00C400C200C700CB00CA00C9001B
:10248000C800C600C500C400C800CA00C900C90011
:10249000C900C800C500C400C700C800C600C50008
:1024A000C700CA00CC00CC00CA00C600C300C400EC
:1024B000C600C800C700C500C700C900C800C700E3
:1024C000C900CB00C900C600C500C700C900CA00CA
:1024D000CB00C800C400C200C500C800CA00C900C3
:1024E000C800C800C800C600C600C900C900C700AF
:1024F000C800C900C900C900CA00CA00C500C2009E
:10250000C400C600C800C700C700C800C900C70093
:10251000C600CA00CB00C700C500C700C800C8007D
:10252000C900CA00C700C400C500C800C800C9006F
:10253000C900CA00C800C500C400C600C900C80060
:10254000C600C700C900C800C900CC00CA00C50049
:10255000C400C700C800C700C700C800C800C70043
:10256000C600C600C900CA00C900C800C700C7002D
:10257000C800CA00CA00C600C300C500C700C70023
:10258000C800C900C900C800C600C600C700C8000E
:10259000C800C900C900C700C600C900CB00C800F8
:1025A000C500C500C700C700C700C800C700C700F6
:1025B000C800C700C700C800C800C700C700C800DF
:1025C000C800C800CA00C900C600C600C700C700CE
:1025D000C800C900CA00C900C700C600C600C700BD
:1025E000C800C800C800C800C600C700C900CA00AB
:1025F000C800C600C600C700C700C700C700C700A4
:10260000C800C800C600C700C800C900C800C7008D
:10261000C700C700C900CA00C700C500C600C70080
:10262000C700C800C900C900C800C800C700C6006C
:10263000C800C900C800C700C700C700C700C8005D
:10264000C900C700C600C600C600C800C800C70051
:10265000C700C700C700C700C700C800C900C8003E
:10266000C800C700C700C800C800C600C600C60032
:10267000C700C700C800CA00C900C800C700C7001B
:10268000C700C700C800C800C800C700C700C8000E
:10269000C800C800C700C700C700C700C800C800FE
:1026A000C700C700C700C700C6007F004F009F00DB
:1026B0009C009100D000B800CA00E600C300B3003F
:1026C00007013D01C4007F00F20029011701170135
:1026D000E2009B0078008B006C006C0001010B0194
:1026E00090009300E000FA00DA00E100E200C5008B
:1026F000FA000201DE001B014401CB003D00620034
:10270000A3007F009100CC00C900BB00CD00BC003D
:10271000AD0000011B01A9008E00F3001F010101A3
:10272000FD00E600A10096009A006400820001010D
:10273000000190009700F200F200CF00D900D30012
:10274000C900ED00F100D5000E013501C0004F00B9
:102750007A00AA009400A700D200C000B700D800F9
:10276000BF00A900F1000701AF009B00ED000B01C5
:10277000F300F400DB009C009A009E0074009D00B2
:102780000401ED008C00A600F500E300C200D700B4
:10279000D500CB00E800E500CB0000011F01B80028
:1027A00063009100B4009B00B000D400BB00B900EE
:1027B000DB00BD00A900EF000301B0009F00EC00AA
:1027C0000201E700E900D300A300A600A3007900FE
:1027D000A000FD00E4009200B100F200D900C100A9
:1027E000DC00D500C700E500E400CD00F9001001D1
:1027F000B50070009900B500A100B900D400BB007D
:10280000C300E000B900A700F0000001AF00A50080
:10281000F000FD00E000E400CE00A100A700A5004C
:102820008500AD00FB00DA009500BB00EE00CD0096
:10283000BF00DE00D400C800E800E500CB00F100D6
:102840000401B00075009E00B900A800BE00CE00D3
:10285000B800C600DD00B600AD00F200FA00B0001E
:10286000B100F600F700D900DD00CB00A800AD00F4
:10287000A5008A00B400F400D2009B00C200E6006C
:10288000C500C200DE00CF00CA00EB00E200C600B7
:10289000ED00FE00AE007D00AA00BD00AA00BD0054
:1028A000CD00BF00CC00D700AF00B000F500F200B3
:1028B000A900B400F700EF00D100D900CB00A900B7
:1028C000AD00AB009400B900F100CF009F00C5003F
:1028D000E200C500C700DC00CC00CA00E800DA0056
:1028E000C200EB00F700A7008400B400C200AF00F4
:1028F000C100CB00BB00CA00D600B200B900F50091
:10290000E800A900BF00F500E400CE00D900C40033
:10291000A500B500B4009B00BF00ED00C800A500F5
:10292000C400D900CE00CD00D000CB00D600DF001F
:10293000CF00CD00E600DF00AE009600AA00C10087
:10294000C400C000C000C900CF00C200B700CD0065
:10295000E500D800BD00C200DC00E900DE00CA00CE
:10296000BB00B800B200A600AD00CB00DB00C90080
:10297000B500B900CC00D600D100C800CC00D8000A
:10298000D700CD00D500E600D700B0009C00AC0019
:10299000C300C800C000BE00CA00CF00BF00BA001C
:1029A000CE00E100D500C000C400DB00E700DD0080
:1029B000C900BD00BA00B300A800B000CB00D80029
:1029C000C800B600BC00CE00D500CD00C600CD00CA
:1029D000D800D300CC00D600E300D400B200A3009E
:1029E000B000C100C500BF00C200CE00CE00BD00D7
:1029F000BA00CE00DB00CF00C000C700DA00E40060
:102A0000DB00C900BE00BD00B800AC00B300CC00C4
:102A1000D600C800BA00BE00CC00D200CA00C40074
:102A2000CD00D700D200CB00D400DE00CE00B20033
:102A3000A900B500C300C600C200C400CD00CC0090
:102A4000BF00BD00CE00D900CF00C500C900D7002F
:102A5000DF00D700C500BB00BC00B700B000B90064
:102A6000CE00D500C800BD00C100CE00D300CB0011
:102A7000C600D000D700CE00C900D300DA00C900DC
:102A8000B200AD00B700C400C700C300C500CB0052
:102A9000C800BF00C200CE00D300CD00C700CA00EE
:102AA000D500DB00D400C300BC00BE00B800B300FA
:102AB000BE00CE00D100C500BE00C300CD00D000D6
:102AC000C900C900D100D400CC00CB00D400D40090
:102AD000C500B600B400BB00C400C700C500C600F6
:102AE000CA00C700C100C400CD00D300CF00C80099
:102AF000C900D400DA00CF00C100BD00C000BA0098
:102B0000B600C100CE00CD00C500C100C600CC009B
:102B1000CE00CA00C900CE00CE00CB00CE00D2004D
:102B2000D000C500BA00B500BB00C700CA00C40091
:102B3000C400CA00C900C300C400CB00D100CD004E
:102B4000C400C700D300D900CC00C000C000C10041
:102B5000BC00BB00C300CD00CC00C600C200C50055
:102B6000CE00CE00C900C800CB00CD00CC00CE0006
:102B7000CE00CD00C800BE00B700BE00CA00C9002C
:102B8000C300C500C900C800C4006A0045009E001B
:102B9000B800A100C700CC00C900AF00A700EA0040
:102BA000E000D300F000EF00E100BE00010156019B
:102BB000EE007D0042008A00C300A200BA00CD00F2
:102BC000CB00BB00B300EC00E600CB00E900FC004A
:102BD000F400C600E6003B012501B0004C00610096
:102BE00098009C00AC00C800CF00B400AB00D2003D
:102BF000E100D000D300EF00F100C200C1000C01E1
:102C00003001E7007E006E009700AA00B300D000FC
:102C1000DC00BD00AD00CF00E600D100C800EC0034
:102C2000FF00D600B800EE0030010D01A1006400E5
:102C30007B009B00AA00BF00D200C300AC00BD0017
:102C4000D800D000BE00DB00FB00DE00AE00C600F6
:102C500014011C01CD00840083009B00A700BD006F
:102C6000D600CF00B500BD00DA00D600BE00CE0011
:102C7000F800F200BF00B700F8002201F1009A004E
:102C80007D008F009E00AD00C700D000BA00B300E9
:102C9000CC00D200BD00C100EA00F500C800AC00C5
:102CA000D90011010201BD00900094009F00AA000C
:102CB000C100D400C700B500C700D900C900BB00DF
:102CC000DA00FA00DF00B700C90003010F01D700E6
:102CD0009F0092009800A000B700CF00CA00B40087
:102CE000BF00D600CC00B800C900EF00E800BD006E
:102CF000B700E6000901ED00B6009B009A009C00B9
:102D0000AE00CC00D100BA00B800D400D800BD009D
:102D1000BE00E600F300CD00B700D9000401FB00BF
:102D2000CC00A80099009400A200C100D100C1000D
:102D3000B400C800D700C500B900D500EF00D90025
:102D4000B700C500F100FF00E100BA00A300970042
:102D50009C00B800D100C700B500C400D900CC0069
:102D6000B600C700EA00E400C300BF00E200FB00B9
:102D7000EC00CB00AF009C009600AB00C800CB007D
:102D8000BB00BF00D500D300B900BA00DE00EB00E5
:102D9000CC00B800D000EF00EF00D700BE00A500C7
:102DA0009600A200C000CD00C000BC00D000D8003A
:102DB000C400B700D100EA00DA00BE00C400E6009B
:102DC000F200E100C900B00099009900B700CD0001
:102DD000C200B600C600D800CB00B500C500E600B2
:102DE000E100C000BC00DB00EE00E500D200BD0049
:102DF000A3009A00AF00C900C800BA00C100D60005
:102E0000D200BC00BF00DB00E300CB00BD00D1005E
:102E1000E700E600D900C900AD009800A700C70090
:102E2000CB00B800B900D000D500BF00B700D1007A
:102E3000E400D400BD00C600DF00E500DE00D400E1
:102E4000BC009F00A000BD00CD00BF00B900CC00B9
:102E5000D600C500B600C700DF00D900C500C60017
:102E6000D500DD00DF00DD00CB00A8009B00B50031
:102E7000CD00C400B600C400D700CC00B800BE002E
:102E8000D600DD00CC00C400CE00D800DC00E1009C
:102E9000D700B4009B00AA00C600C600B700C0005F
:102EA000D400D200BE00BA00CD00D900D100C800C5
:102EB000CC00D400D800DE00E000C700A400A100D0
:102EC000BE00CA00BA00B700CB00D300C400BB00EC
:102ED000C700D200D100CB00CD00D000D200DC0072
:102EE000E300D300AF00A100B600C900C200BA00E1
:102EF000C700D300CA00C000C500CF00CF00CA0081
:102F0000CB00CE00CD00D500E300DD00BA00A1006B
:102F1000AE00C700C600B800BE00CD00CD00C100A5
:102F2000C200CD00D000CC00CC00CD00CD00D3003D
:102F3000E000E100C500A700A900C100C900BD0074
:102F4000BD00CB00CF00C400C300CB00CD00CB0040
:102F5000CD00D000CB00CC00DB00E500D300B200F8
:102F6000A600B700C600C100BB00C500CD00C70069
:102F7000C000C700CD00CA00CA00D000CE00C80003
:102F8000D300E300DC00BD00A900B100C100C30014
:102F9000BF00C600CF00CA00C300C700CD00C900F3
:102FA000C800CF00D000C800CC00DE00E200CB009B
:102FB000AF00AC00BC00C400C000C000CA00CD001F
:102FC000C600C500CA00C900C800CE00D000C700B6
:102FD000C500D800E400D400B700AD00B800C200BE
:102FE000C000C000CA00CF00C900C600CB00CB00A3
:102FF000C400C800D200CD00C300CC00E000DE0059
:10300000C500B100B400BF00C100C000C400CA00C8
:10301000C900C600CA00CC00C500C600D100D0005F
:10302000C200C400DA00E200CB00B500B400BC006E
:10303000BF00C100C800CC00C900C400C900CE0058
:10304000C800C400CD00D200C600C000D300E30019
:10305000D800BF00B400B900BF00C200C600C8005D
:10306000C800C500C700CC00C700A600EF00B10033
:10307000D500D3009E00F900E200AB00EA00980002
:10308000BD00E0009F00E500DA009D00F100C500F2
:10309000BD00E6009B00D600DC009700EF00D100E9
:1030A000BA00F500A400C100DC009300DA00D100F2
:1030B000AD00ED00B300CA00F4009700C900DC00C9
:1030C000A500E000B800BF000301B300C600D600B1
:1030D0009900DE00C200A500EF00B200C100F100BF
:1030E000AE00D500C900A700F000B300AC00F400AA
:1030F000B900DA00E000A100DE00BA00A500ED0092
:10310000B400C400DE00A800EF00D6009800DF0085
:10311000BB00BC00E000A400DE00E400AC00E7005F
:10312000B900A500E100AA00CC00E000A000DF008B
:10313000D600B700E600AD00C300E5009D00D60054
:10314000E100B300EA00C100BA00E0009A00C60046
:10315000DE00AB00E000C000B600F700B300BD0029
:10316000DF00A800D500C600B000F300C000C20018
:10317000E5009E00C400D100AB00E400BD00B1003A
:10318000EC00BA00CD00D900A900E300C500A300FF
:10319000E800C300C900E600AF00D500C4009E00EF
:1031A000E400C400BB00DE00AA00D500E400AA00D1
:1031B000D800C500B500E000AE00CB00E600B100CD
:1031C000E000CD00A100D500B900C500E100A600D7
:1031D000D000DA00B300E000BD00B900E800AB00A9
:1031E000C200E000B600DE00CA00B700E000A800A0
:1031F000B700E100B300D500CD00B000E700C50086
:10320000BB00DC00B100CE00D200AE00E100C8007F
:10321000B900E800B300B600CF00B300DE00CA007A
:10322000AE00E100C200C500DC00AD00D400D30058
:10323000A900D800C900C400E000B700D000D00049
:10324000A100D300CD00B900DD00B800C500DE004C
:10325000B500D400CB00B200DB00BC00C000DF0032
:10326000B500D400DC00AF00C900BD00C200E4001E
:10327000B400C500D800B600D700C800B600DD0015
:10328000BA00BD00D700B800D500D100BB00DE00F9
:10329000B700B000D900BC00CE00D200B400D50009
:1032A000C700C000DE00B800C500D400B300D300E2
:1032B000CB00B700DF00C600BD00C900B100D600DA
:1032C000D200B300D800C400BD00DA00BB00CB00C0
:1032D000D400B400D100C600BF00DB00C200CC00A7
:1032E000D200B400C200CB00C400CE00C700C500AD
:1032F000CA00C400C900CC00C400C600C700C70093
:10330000CB00C600C800D100CD00C000BD00C50084
:10331000CE00CA00C400C700C900C700C800C6006C
:10332000C700C900C500C600CA00C900CB00CD0057
:10333000CD00C700BC00C100C900C700C800C9005B
:10334000B8003D00A300E700BC00C500D100C700E5
:10335000CE00DC00CE00AC00DF00EC00CA00BF00F5
:10336000350146019B003D009900E400B100C30017
:10337000D200CA00BD00DC00D300AD00DF00FA00BF
:10338000DC00C60026013201B50046007C00BC000E
:10339000AF00BA00CD00BB00B400DB00D000AD0030
:1033A000C700F700D600B00004013701D300680061
:1033B0008300BF00C800C800D500C100B500DC0014
:1033C000DC00B000C700FB00DB00B600F6003301F4
:1033D000E60079007D00A800B500C600CE00B80068
:1033E000B300D200D200AA00BC00F500DC00AB00A4
:1033F000E1002401F1008C007C00AD00C600CB0090
:10340000CF00BC00B900DD00DC00B400BA00EB0066
:10341000E100B600DB002101FB009C008200A0005F
:10342000B400C400CF00BD00AB00CB00D800B50095
:10343000B700EA00E100AF00C5000F010401AF00D2
:103440008D00A200B500C900D400C100B400D000B6
:10345000DB00B600B500EC00ED00B600C5000701CA
:103460000501C00094009C00AB00C100D600C20062
:10347000AE00C800D500B800B400DE00E800BD0012
:10348000BB00F8000501CB009F009B00AD00C5000C
:10349000D300C700B300C500D900BA00AF00DE00FA
:1034A000ED00C400B800ED000B01DB00A9009F0097
:1034B0009E00B700D300C600B300C000D500C30013
:1034C000AE00D200EB00C700BB00E400FA00DF0052
:1034D000B700A500A500BA00D500C800AD00C50022
:1034E000DD00C600B200CB00E600CE00B700DC0075
:1034F000FE00E800C100A4009E00B600D200CE008D
:10350000B000B400D500CA00B200C800E300D1008A
:10351000BB00CD00EF00E600CA00B400A000AD0083
:10352000D100D300B800BA00D500CF00B100C1006F
:10353000E400D500BE00D100EB00E600CB00B500F2
:10354000A400A700CC00D400B0008E00E200DF0091
:103550009500BA00FE00D200A300DE000101D400F5
:10356000CE00DE00AF008D00CC00FB00C100A60045
:10357000E100D7009200AC00EC00D400AE00D40013
:10358000FA00D400C600E100B4008800C600F900CB
:10359000BC009800E100F800A7009E00E300D10005
:1035A0009D00C500F400D600C500DE00BC0084000C
:1035B000BC00FC00C0009B00DD00EF00B300B600C3
:1035C000EF00D4009C00C400EE00CB00C800EA006D
:1035D000BF008300B300F500C7009C00D200E900E3
:1035E000AD00AD00EC00EA00BA00C300DB00C30090
:1035F000C200E600C9008B00A900E300C700A300D9
:10360000D200ED00B600AA00E100DA00B100D1005E
:10361000F900D500BC00DE00CE008900A100EB005F
:10362000CE009A00C700ED00BC00A900E000E40055
:10363000B100C100E600CE00CF00FC00D80085003C
:103640009600DD00C9009E00CC00ED00B700A80088
:10365000DA00DB00B700CB00E800C900BE00F100D3
:10366000E800A000A100D600C7009F00BC00E30056
:10367000C300AB00D300DC00BB00C500E100CD00FF
:10368000C300E800E300A100A100E300D900A1000D
:10369000B900E400C100A500CF00DD00B500C20004
:1036A000EC00CF00B700EA00F000A4009500D300C2
:1036B000D900B000C500E600BC00A400CD00D100D8
:1036C000B300C700E600C800B900EC00F000A80095
:1036D0009C00D100CE00AA00C400ED00D400B500CB
:1036E000CC00CE00AE00BE00E000CC00B700DE0093
:1036F000F100BA009C00C800D500B300BB00D800A0
:10370000C800B900D600DE00B800BA00DE00C6006E
:10371000A900DB00F700BE009B00C600D600AE008B
:10372000BA00E600CB00AA00CC00DD00C100C80052
:10373000E900CE00A700D000F300BE009F00C40047
:10374000CA00B100BE00DB00C800B400D300D7003F
:10375000B200C000EB00D700B600D100EE00C400FC
:103760009D00BD00CE00B100BB00DC00CE00B30068
:10377000C900DC00C000BA00E000D800B500D300EA
:10378000F900D300A500B600C800AE00B500DC000B
:10379000CC00AE00CD00DC00B700B700E900E000CF
:1037A000AB00C300F700D700AE00C300C900A900FA
:1037B000B100D900CD00B000CB00DA00BA00BC00E7
:1037C000DC00D500BF00CB00E300D600BE00C20085
:1037D000C200BA00C000C900C300BD00C400C900D7
:1037E000BF00C100D600D400C200C800DB00DC006E
:1037F000C700BB00BE00BC00C200D000CD00C100AD
:10380000C300C600C000BF00CE00D500C600C8007F
:10381000D900D600C800C200BF00BA00BD00CC006D
:10382000CE00C500CB00CD00BD00BA00CB00D0005B
:10383000C200C200D700DA00CB00C400C000BA004A
:10384000C000CC00CC00C300C800D100C700C0003D
:10385000CC00CE00C200BF00CE00D700CE00C60014
:10386000C100BA00BE00CB00CB00C300C500CC0035
:10387000C600C000CF00D700C800C000C900D000FB
:10388000CC00C600C200BA00BC00CC00CD00C20013
:10389000C700CD00C500BF00CA00D600CE00C600DC
:1038A000CE00D100CC00C900C000B800BC00C900E7
:1038B000CE00C400C400CC00C400BD00C800D100CC
:1038C000CD00C600CC00D600D200CD00C300B300AE
:1038D000B500C700CD00C500C300CD00C900BB00C6
:1038E000C500D300CB00C400CB00D300D400D1006E
:1038F000CD00BD00B500C300C900C200C500CC00AA
:10390000C700BF00C500D000CC00C500C900CB0077
:10391000D000D600CE00BE00BA00C600CD00C00068
:10392000BD00C900C700C000C400CF00D000C70060
:10393000C500CC00CE00D000CF00C200BD00C60044
:10394000CD00C900C300C700C600BA00BF00CD004B
:10395000CD00CB00CA00C900C900D000D300C3000D
:10396000B500C400D000C700C600CD00CE00C20024
:10397000BC00C700CA00C600C900C900C900CF000A
:10398000D000C600BC00C000CC00C900C600CC00FE
:10399000CA00C500C600CA00CA00C500C400C600EF
:1039A000C600CE00D400C700BA00BF00CA00CA00DB
:1039B000C500CC00D100C500C100C900CE00CC00BC
:1039C000C900C600C300C600D000CC00BC00BD00CA
:1039D000C800C700C500CA00CB00C700C500CB00A7
:1039E000C800C500CE00CD00C200C700D100C9008C
:1039F000B900BD00CB00C800C300C900CC00C600A0
:103A0000C500C800CA00CB00CC00C900C400CA0071
:103A1000D300CB00BF00BE00C400C700C700CA006F
:103A2000CA00C400C400C7006D006600F700AF0004
:103A3000AB000401C8005F00D0001101AA00BA0069
:103A400036010901F9002301AB001B00B900170181
:103A5000A0006A00FC00C9006D00DF0036019D0077
:103A6000B80043012F01CC00D7008E004500A5000F
:103A7000050197008A000301CA006200E0001601F8
:103A80009C00C20064011B017B009A00BC00810005
:103A9000C3000F01A8008700F000D7009700F300D3
:103AA0001B01B100DA005A01E1003D009D00E60073
:103AB0008F00A400F300AD008100E200F100A4003B
:103AC000CD000801D800F8002D0199003700BF0093
:103AD000FE009500A6000101B8007900EE00060185
:103AE0009C00CB003001FC00CE00D2008A006900AF
:103AF000DA00F60087009800F700AC0086000501A8
:103B000000018B00D2004601EC008600B600BE002A
:103B10008D00CE00F3009900A400F100BF00A000CA
:103B2000F600F000A400F3004501BE005800BE00FE
:103B3000D7008E00C100F200A1009100E400E00077
:103B4000B000DD00F400C700F3000B018A0065003F
:103B5000DC00E6009700BF00EC009C009100020131
:103B6000F800A100D5000F01E300DC00D5008600BD
:103B70008000DF00DE008F00B700EB00A000A40093
:103B80000C01E0009100EB002F01D5009800BD0072
:103B9000AE009A00E200E4009100AF00E200B30042
:103BA000BA00FC00D700A70001012A01A800750097
:103BB000CE00C9009B00D400E0009B00AC00EB00ED
:103BC000CF00B300E000DD00BE00FB00FB0087007B
:103BD0008600E300CA009900D200E5009900AB001E
:103BE000FE00DA00A700E700FE00D200D800CB00FC
:103BF00088009900E600CE009600C800DE009E0016
:103C0000BF000901CC009D00EF001201CA00AE0008
:103C1000C100A500A600E400D0009700BD00D800B8
:103C2000B400CC00F400C600B50004010901A200F4
:103C30009400D000B900AC00DD00CD009A00B800BF
:103C4000DF00C400BE00E000D400CD000201E300AC
:103C50008500A000E600C400A800D700D2009C00A8
:103C6000C200FA00C600A600E100ED00D500E000A9
:103C7000C4008B00AC00E700C400A300D400D10056
:103C80009D00CB00FC00BE00AA00F5000001C000B2
:103C9000B200BF00A400B200E100C700AC00CA003F
:103CA000CD00BA00D400DF00BF00C800FE00F00065
:103CB000AE00A400BD00BA00BD00CC00C100B10040
:103CC000BF00D100D200CF00C900C600E200FA0058
:103CD000CE009C00AC00CB00C400C200D100C200EA
:103CE000AC00C500DC00CB00C000D200E000E50065
:103CF000DA00B5009F00BB00D100BF00BC00CE00C1
:103D0000BB00B200D600DF00BD00BD00E500EB0047
:103D1000CA00B700AF00B400CF00D600BF00BE009D
:103D2000CE00C300C000D500D400BC00CF00F50019
:103D3000E000B200AC00B800BB00C800D100C30076
:103D4000B900C600CE00CB00CC00C500C400E00026
:103D5000EB00C000A500BA00CA00C100C400CE003C
:103D6000C100BA00CA00D200CC00CC00CD00D60001
:103D7000E300D100AB00A900C900D000C100C80019
:103D8000CA00B700BF00DA00D000BA00CA00E700DE
:103D9000E100CA00B700A800B300CE00CD00C0000B
:103DA000C900CA00BB00C500DC00CD00B600D500CC
:103DB000F400D600B100B000B800C000CD00CC00C7
:103DC000BF00BE00C900C900CA00CF00C800CD00B6
:103DD000E800E300BA00AB00BD00C200BC00C600B2
:103DE000CE00C000BD00CC00D000C900C500CA0094
:103DF000DD00E700CC00AA00B400D000C900BA0082
:103E0000C700C900B800C100D400CE00C300CE0076
:103E1000DC00D700C900B900AE00BF00D400CE005E
:103E2000C600CA00C000B700C900D800C500BC0069
:103E3000DB00E900CA00B300B700BC00C500CC003D
:103E4000CC00C800C800C500C200CC00D100C3002F
:103E5000C800E000D700B500AE00BF00C600C60035
:103E6000CF00CE00C200C500CE00CB00C700C80006
:103E7000CC00D800D900C000AC00BA00CB00C40010
:103E8000C200D100CB00BC00C600D500CD00C300ED
:103E9000CB00D600D300C700B800B200C100CE00EE
:103EA000C700C500CD00C800C000CA00D500CB00C7
:103EB000C600D800D800C000B500BB00C000C200DA
:103EC000C900CD00C800C300C200C800D200D000A5
:103ED000C600D000DE00CF00B600B300C000C300B3
:103EE000C300CA00CB00C600C600C800CB00CE008D
:103EF000CB00CB00D700D600C000B200C000C90084
:103F0000C000C500D000C500B300C700D500CA007E
:103F1000C600D000DC00CE00C000BC00BA00C70064
:103F2000D000C200C400CD00C200C200CE00D50047
:103F3000CC00C000D200D800C200BD00BF00C0004D
:103F4000C800C600CB00CB00BE00BF00CB00D00035
:103F5000CC00C500D400DC00C200B500BD00C0002C
:103F6000C400C700CC00CD00C400C300C600CB0015
:103F7000D500CA00C300D600D400BB00B800C500FD
:103F8000C900BF00C300D300C500BC00CF00D100F2
:103F9000C800C700CC00D300CC00C200BF00BD00E9
:103FA000C400C800C300CE00D000BE00C100CF00D6
:103FB000D300C800C400D200D300C100BD00BF00C0
:103FC000C400CA00C500C600CA00C100C200CE00BD
:103FD000D400CC00C300CE00D300C000BE00C70098
:103FE000C100C000C700CC00C800C200C600C900A4
:103FF000CB00D200CB00C800D700CF00B900BA0078
:10400000C700C900BF00C400D100C500BD00C90081
:10401000CC00C900CB00CF00D200CA00C200C20051
:10402000C200C600C600C400C900C600BD00C7006B
:10403000D100CD00C700C700D100CF00C400C4002C
:10404000C400C400C600C300CA00D100C400BD0043
:10405000C700D000CB00C200CD00D300C300C00019
:10406000CA00C500C200C600C900C400C100CA0021
:10407000CC00C700CD00CA00C700D000CC00BE00F5
:10408000C000CA00CB00C100C600D000C300BC0005
:10409000CB00D000C900C400C900D100CD00C500CC
:1040A000C400C200C500C500C500CC00CB00C200E2
:1040B000C500C900CA00CB00C900CB00C700C300BF
:1040C000C600C600C900C800C100C800CD00C300BA
:1040D000C200CE00D000C500C100CF00D000C1009A
:1040E000C400C900C300C400C800CA00C900C6009B
:1040F000C700C700CA00CF00C600C300CE00CA0078
:10410000C300C400C600C500C400CB00CE00C2007E
:10411000C000C800CA00CD00CB00C800CC00C80059
:10412000C200C500C900C900C200C400CD00C8005B
:10413000C200CA00C900C600C800C900CB00CD003B
:10414000CC00C600BE00C400C900C300CA00CF0036
:10415000C300C100CA00CD00C600C500CE00C90022
:10416000C300CC00CB00C100C400C700C700C8001A
:10417000C700C600C500CA00CE00C500C700CD00FC
:10418000C600C400CA00C800C300C500C900C700FB
:10419000C600CC00C900C400C700C700C400CA00E4
:1041A000CE00C700C400C700C600C300CC00CF00CB
:1041B000C300C000C900CC00C900CA00CA00C600C4
:1041C000C600CA00C800C400C600C600C500CA00B8
:1041D000CC00C500C400C800C800C600C800CA00A2
:1041E000BF00C300CD00C800C300C700C900C9009C
:1041F000CB00CB00C700C900CC00C700C400CF0073
:10420000D400C500BC00C100C600C600CB00CC0075
:10421000C900C500C500C800C900CD00CB00C6005C
:10422000C500CC00CF00C800BC00BC00C600CB005D
:10423000CA00C800C700C700C600C700C800C70042
:10424000CB00CB00C600C800CD00C800C000C30032
:10425000CB00CA00C600C900C900C600C900C90019
:10426000C600C600CA00C900C300C600CF00CE0009
:10427000C400C100C300C600C900C900C800C60010
:10428000C700C800C700C900CB00C500C100C600F8
:10429000D000D000C500BF00C400C800C800C900DD
:1042A000C900C800C800C900C800C400C700CC00CD
:1042B000C900C700CC00CC00C400C000C600C900C3
:1042C000C600C700C900C700C700C800C400C400BA
:1042D000CC00CF00C600C300CE00CF00C500C10097
:1042E000C400C500C600C900C900C500C300C8009D
:1042F000C900CA00CC00CA00C500C600CB00CE0071
:10430000CA00C400C100C200C600C700C400C50086
:10431000C900CB00C800C600C900CD00CA00C60055
:10432000C900CE00C900C200C300C600C400C2005C
:10433000C800CB00C900C800C900C700C800CB0036
:10434000CA00C500C700CE00CC00C400C000C00039
:10435000C500CB00CC00C600C400C800CB00C8001C
:10436000CA00CC00C700C300C700CC00CB00C5000A
:10437000C200C600C800C700C700C700C900C90006
:10438000C700C600C700CA00CB00C700C500C700F1
:10439000CA00C900C700C500C500C500C800C900E3
:1043A000C800C800C700C600C700CA00C900C500D1
:1043B000C400CB00CE00CA00C300C100C400CA00C4
:1043C000CC00C900C600C600C900C800C800C900AA
:1043D000C800C500C600CA00CB00C700C400C500A5
:1043E000C600C600C700C700B900C900CB00BD00A9
:1043F000C400D300CC00C200C900C900C900D1006C
:10440000D000C800CA00CB00C200C300CF00CA0061
:10441000BE00C100C800C500C600CD00C800C7006E
:10442000D100D300CC00C700C100BE00C500CC0045
:10443000C300C100CE00CC00BC00C200CD00C5004E
:10444000C300D200D300C600C500C800BF00C20030
:10445000CF00C900BF00CA00CE00C200C400D10016
:10446000CD00C500CF00CD00BC00C000CF00C7000C
:10447000BD00C600CB00C300C400CB00C800C5000F
:10448000CB00CD00CD00D100CA00BC00BF00CA00E7
:10449000C800C200C600C800C300C600C900C600EC
:1044A000C900D000CC00C900CB00C600C100C900C3
:1044B000CD00C300C200CC00C400BB00C800CE00C9
:1044C000C200C500D400CF00C000C500CB00C500AD
:1044D000C800CE00C600C300D000CD00BD00C100A2
:1044E000CC00C500C200D100D000BE00C100CC008D
:1044F000C500C200CD00CD00C300C600CD00C8007D
:10450000C500CB00CB00C700C800C300C000C80076
:10451000CC00C500C400CD00CA00C400C800CC0057
:10452000C800CA00CD00C900C900CB00C300BE004E
:10453000C700CA00C000C200CD00C700C200CE0044
:10454000CE00C100C800D500CB00BE00C500C90028
:10455000C300C700CE00C600C000C700C500C10030
:10456000CA00D000C800C900D200CB00BE00C30002
:10457000CB00C700C400C900C800C600C900C800FD
:10458000C300C400C800C900CB00CB00C500C400F4
:10459000CA00C800C200C700CC00C600C400CA00E0
:1045A000C900C600CA00CD00C800C800C700C100CD
:1045B000C300CE00CB00C100C600CD00C500C100C5
:1045C000CC00CE00C400C800CF00C700C300C900A3
:1045D000C900C200C600CA00C500C400CA00C900A4
:1045E000C500C900C900C500CA00CF00C800C1008D
:1045F000C700CC00C600C500CA00C900C500C50080
:10460000C500C700C900C900C800CA00C900C3006E
:10461000C400CA00CA00C600C800C900C600C9005C
:10462000CC00C700C300C700C900C700C800C9004C
:10463000C300C500CC00C700C100CA00CE00C50041
:10464000C400CD00CC00C400C900CD00C500C2002C
:10465000C600C500C500CA00CA00C500C600CA0021
:10466000C600C500CB00CC00C900CA00CA00C60005
:10467000C400C700C800C400C400C700C700C7000A
:10468000C700C800C900C900C800C900CC00CB00E1
:10469000C500C300C700C800C600C800C900C700E5
:1046A000C500C500C700C900C900C900CA00CA00CA
:1046B000C700C400C600C800C600C500C800C900C5
:1046C000C600C800CC00C800C400C800CA00C700AB
:1046D000C500C700C800C800C800C600C500C900A2
:1046E000CA00C600C700CC00CA00C600C900CB0083
:1046F000C600C300C600C700C500C700C900C70088
:10470000C600C700C800C800CA00CA00C900C90066
:10471000C800C600C700C900C600C400C700C80062
:10472000C700C700C900C900C800C800C700C8004A
:10473000CB00C800C400C600C900C700C700CA003B
:10474000C800C400C700CB00C700C500C900C9002D
:10475000C700C700C700C600C600C800C800C70021
:10476000C900C800C600C900CB00C700C500C7000B
:10477000C900C600C500C800C800C600C600C70002
:10478000C700C800C800C900C900C900C800C900E6
:10479000CA00C800C500C500C600C600C700C900E1
:1047A000C800C500C600C900C900C900C900C800CA
:1047B000C900CA00C700C600C700C700C600C600BF
:1047C000C700C700C600C700C900C800C800C800AD
:1047D000C900C900C800C600C500C600C800C7009F
:1047E000C700C700C700C800C900C800C700C7008D
:1047F000CA00CA00C900C700C500C600C800C7007B
:10480000C700C700C600C600C900CB00C800C6006C
:10481000C800CA00C800C700C600C600C600C8005D
:10482000C800C600C600C700C800C800C900C8004C
:10483000C900CA00C900C700C600C700C800C80038
:10484000C800C700C600C600C800C800C900C7002D
:10485000C700CA00CA00C700C500C600C800C7001C
:10486000C800C800C600C500C800C800C600C60011
:10487000C800C800C900CA00C800C600C700C900F7
:10488000C700C800C800C700C700C900C900C500EC
:10489000C500C900C900C700C700C700C600C800DE
:1048A000C800C700C700C800C900C900CA00C700C7
:1048B000C500C700C900C800C700C700C600C700C0
:1048C000C900C900C600C200BE00CA00C700C700B8
:1048D000CB00C900C400C800CD00C700C800D0008C
:1048E000CD00CC00D100C600BA00C700D000C50082
:1048F000BD00C800CB00C300C800CF00C500C50084
:10490000D000D100C900C600C200BF00C500CC0065
:10491000C400C300CE00CC00BF00C500CB00C30064
:10492000C600D300D000C300C100C500C300C7004B
:10493000CD00C600C400CC00C900C400CB00CF002D
:10494000C600C700D100C900BB00C300CB00C30034
:10495000C300C900C700C500CA00CB00C500C6001F
:10496000CD00CB00CD00D100C400B900C500CB0004
:10497000C300C300CC00CA00C200C900CC00C40000
:10498000C700D000CD00C900C700C200C100CA00E6
:10499000CC00C200C100CB00C700C100CB00CD00DD
:1049A000C400C800D100CC00C200C500C900C400CA
:1049B000C600CA00C500C700CD00C700C100C800BE
:1049C000CB00C600C900D200C900BD00C400CA00A7
:1049D000C300C600CB00C700C400C800C900C600A1
:1049E000CA00CC00C700C900CD00C300BF00C90089
:1049F000CB00C300C500CB00C600C300CA00CC007A
:104A0000C600C900CD00CA00CA00CA00C200C0006A
:104A1000C700C800C200C600CD00C500C200CC005F
:104A2000CB00C400CA00D000CA00C300C600C60044
:104A3000C400C900CB00C400C500C900C400C50043
:104A4000CD00CC00C500C900CF00C700C000C80021
:104A5000C900C300C600CA00C700C700C900C8001B
:104A6000C600C900C900C600CB00CC00C300C2000C
:104A7000CA00C700C300C800CC00C600C300C900FC
:104A8000CA00C700CB00CC00C800C900C700C200E4
:104A9000C400CA00C800C400C900CB00C200C300E3
:104AA000CD00CA00C500CA00CC00C800C600C900BD
:104AB000C600C300C700C800C500C900C900C400C3
:104AC000C700CC00C900C500CB00CF00C600C200A3
:104AD000C800C700C500CA00CA00C500C400C7009E
:104AE000C700C800CB00CA00C700CA00CA00C20085
:104AF000C300CA00C800C500C900CA00C500C5007F
:104B0000CB00C900C500C900C900C700CA00C90060
:104B1000C400C500C800C600C400CA00CB00C40061
:104B2000C500CB00C800C600CB00CB00C600C50046
:104B3000C700C600C500C900C800C500C800C7003E
:104B4000C400C800CD00C900C600CB00CB00C60021
:104B5000C600C900C600C300C600C700C600C70023
:104B6000C800C800C900C900C700C800CC00CA00FE
:104B7000C500C600C800C600C600C900C800C50000
:104B8000C500C800C800C800C900CA00C900C800E4
:104B9000C500C400C800CA00C700C600C800C600DF
:104BA000C300C800CB00C700C600C900C900C700C9
:104BB000C700C700C700C900C800C700C800CB00B5
:104BC000C800C400C600C900C800C800CB00C900A6
:104BD000C400C500C800C700C600C900CA00C7009D
:104BE000C600C800C800C700C700C800C800C80089
:104BF000C600C600C800C900C700C600C800C8007B
:104C0000C700C700C800CA00CA00C700C500C80066
:104C1000C800C600C600C800C600C600C900CA0059
:104C2000C700C500C800C800C700CA00CC00C70044
:104C3000C400C500C600C700C900C900C700C7003E
:104C4000C900C700C600C900CA00C600C700CA0024
:104C5000C900C500C600C800C700C600C800C8001B
:104C6000C700C800C800C700C700C800C900C90005
:104C7000C800C800C700C700C600C400C600C900FD
:104C8000C900C700C600C700C900CA00C900C800E3
:104C9000C800C700C600C800CA00C700C400C600DC
:104CA000C800C600C600C900C900C800C900C800C5
:104CB000C600C700C900C700C600C800C800C800B9
:104CC000C900C700C400C500C900C900C700C800AA
:104CD000CA00C700C600C700C700C700C700C90098
:104CE000C900C800C600C600C800CB00C900C70084
:104CF000C700C600C600C700C800C700C700C8007C
:104D0000C800C800C800C800C700C800C800C70065
:104D1000C800C900C700C500C600C800C600C6005C
:104D2000CA00CA00C600C600C800C900C900C90040
:104D3000C800C600C700C800C700C600C700C7003B
:104D4000C700C800C800C600C700C900CA00C90023
:104D5000C700C600C600C700C800C800C600C5001E
:104D6000C700C900C900C600C700C900C900C70004
:104D7000C800C900C800C600C700C700C600C700F9
:104D8000C900C900C800C700C600C700CA00CA00E1
:104D9000C700C600C800C700C700C800C800C600DA
:104DA000C600C900C90085006000EA0095009700B0
:104DB000FC00E6008E00EB001901AA00C6002B01E2
:104DC000ED00E8003601C8001000930009019600CC
:104DD00062000D01FE009400DD002A01A600B00073
:104DE0002C012201CF00E300900033008E00F3007D
:104DF00089008A001C01FA007C00D7001601A5007A
:104E0000AF004B011F0191009B00A9007500B40089
:104E1000F900AA00A5001401E9008B00E6001E01BC
:104E2000AE00C8005301F6004D008B00D30089008E
:104E30008F00E700CA00AD00F200E3009C00D30041
:104E40000201C300E7003201B2003900AD00F600F4
:104E50008B0094000E01E7009700DF00FC00AC001F
:104E6000C7001101F100D600DF008A005B00C70017
:104E7000E7008200A5001501D1008800EB000401C5
:104E80009B00BD002B01F6009D00B000A70086002E
:104E9000C200DF00A200C5000E01C8009400F000AF
:104EA000FC00A300DE003D01D2006300A700C900A2
:104EB0008D00AB00E600C300BC00EE00CC00A600F5
:104EC000E400F300BC00ED0016019B005B00C9008C
:104ED000E1008800AC000101CF00A700E800E50078
:104EE000AE00D6000001DD00DE00DD0087007400AA
:104EF000D300D1008600C2000E01C1009B00F1006A
:104F0000EC00A300D7001B01DD00A500B5009F0049
:104F10009300CF00D200A300D200FC00B500A8008F
:104F2000FA00E900A800EC002201BA007800B800FD
:104F3000C0009700BD00DE00BB00C600E600C20056
:104F4000B400EB00E100BD00F50001018F00760028
:104F5000D000CD009100C500F800C100B100E6000E
:104F6000D400B300E000F500D600DD00CD008400E1
:104F70008D00DC00C6009300D300FB00B200AC0043
:104F8000F300DA00A900E3000A01CE00AD00B7008B
:104F90009E00A100D600CA00A900DA00ED00AF0013
:104FA000B700F700D500AD00F4000C01AC008B0099
:104FB000C100B800A000CA00D700B900CC00DF00D3
:104FC000BE00C100EA00D500C100F700EB008C0074
:104FD0008F00D800C3009C00D000E800B700BD00DF
:104FE000E600CD00BB00E300E600D000DF00C60015
:104FF0008900A300DE00BC009E00DD00E900A900DE
:10500000BA00F300CE00B200E900F700C400B70018
:10501000BA009F00B000D700BE00B400DF00D70088
:10502000B100CD00EA00C700C200F300ED00B000FF
:10503000A200B700B700B600C600C600C600CF0089
:10504000C900C300D500D900C700D800F100CC00CA
:105050009900A900C900BC00B500CE00D300C20071
:10506000C800D500CE00CB00D500DA00E000D800A3
:10507000AF009900B700CB00B700BB00D900CE004D
:10508000B700CC00DF00C900C400E000E800CE009B
:10509000B600A800AC00C400CA00BD00C800DA0019
:1050A000C700BB00D600DD00C200CE00F100DF006B
:1050B000AF00A600B500B800BE00C800C700C90018
:1050C000CE00C800C700D300CF00C700E000ED004D
:1050D000C1009C00B100C600BB00BE00D200CE00E3
:1050E000C300CA00D000CA00CD00D300DA00E1003E
:1050F000D100A800A100C200CA00B700C200D800B9
:10510000CA00BD00D100D600C300C900E300E00022
:10511000C700B400AB00B400C800C800BD00CA009E
:10512000D500C400C000D600D300C000D300EF00FB
:10513000D600AD00AD00BB00BC00C300C900C50077
:10514000C600CD00C700C800D200CE00CA00E000F3
:10515000E200BA00A300BC00C900BC00C200D0003D
:10516000C700BF00CD00D200C900CB00D400DB00D7
:10517000DD00CA00AA00AA00C800C900B800C50026
:10518000D300C300BD00D300D300C000CC00E300B7
:10519000DB00C500B700B000B800CB00CA00C000FB
:1051A000C700CC00C100C500D800CE00BF00D600AB
:1051B000E900CC00AF00B500C000BF00C500CA00C8
:1051C000C400C400CA00C900CA00D000C900CA0097
:1051D000E000DE00B700A900C000C800C000C900A0
:1051E000CF00C100C100D000D000C600C900D0006F
:1051F000D800DB00C700AB00B100CA00C900BF0087
:10520000CA00CC00BD00C400D800D000BF00CB0055
:10521000DB00D600C600B900B100BD00CE00C8005A
:10522000C100CB00CC00C100CB00D700C600BE003F
:10523000D900E100C500B300B900BC00C100CD0039
:10524000CA00C300C700CA00C700CF00D000C20018
:10525000C900E100D500B200B100C400C300C30022
:10526000CF00CC00BF00C600D200CD00C800CA00ED
:10527000CB00D300D800C400AE00BA00CB00C400FD
:10528000C400CF00C80058005F00D700C8007F00EE
:105290009C00E000E100EA00E500A900AD00DF00AD
:1052A000EB00C000CB001F011A01D500FE00190160
:1052B000C9005B005500B600BC00A100A700B40007
:1052C000ED002501F60098008A00E9000701AF0013
:1052D000B70014012001F300E200E300B3008200F4
:1052E0008F008D009000BD00C400A300C0000F011E
:1052F000FA008A008300DE00F400C900C900EF0054
:105300000A011101FB00B4008300A400B7008C0067
:105310008B00D100EC00C400C300F300EA00AE0033
:10532000A200CE00EC00EE00E100D200E20012018B
:105330000401A2006B00A200C9009C008400B80018
:10534000E400D900D500D600B800AC00C200C60009
:10535000C000E4000101DC00CC00FE00FF00A20060
:105360007000A300CB00B800A600B300CB00F10092
:10537000FC00C4009300BB00ED00CF00AE00DA00DB
:105380000701F300DD00E500D100A10090009E00C0
:10539000A800B500C400B900B500E400FB00BC00E3
:1053A0008500B300F400E100B700C500ED00FC008B
:1053B000F300D300A700A100B900AE009200AB003B
:1053C000DB00D400BD00DE00F600C6009A00B70086
:1053D000E000E000D300D100D700F1000501D300C8
:1053E0008A009600CE00C40092009D00CF00DD0030
:1053F000D400D400C800B600BC00C400BC00C90082
:10540000EB00E600CD00E2000101D2008A0091002D
:10541000C400C700AB00A900C200DF00EE00D60048
:10542000A900AA00D900E300BE00B900E500F5001C
:10543000DD00D500DD00C400A400A400B000B00071
:10544000B800C200BC00CD00F600E700A000950047
:10545000D700EE00C200B500D900F000EB00DF007D
:10546000BF00A600B500C500AB009F00C200D80079
:10547000C200C700E900DC00AE00AD00D000DA00D9
:10548000D100D000D100DA00F400EF00B1008D00AF
:10549000B400D300B3009A00B900D900D500CD0004
:1054A000CD00C200BB00C800CD00C600D100E000A6
:1054B000D400CF00EC00EE00B4009100B100CB00AE
:1054C000B400A500BA00CF00DB00E500CD00A700C6
:1054D000B500E000D700B600CB00F200E400CD003C
:1054E000D800D500B300A600B500B800B600C000D3
:1054F000BE00BB00DA00F000C7009C00B800E2006C
:10550000D300B800CA00E500E900E200D400B5000D
:10551000A800BC00C100AB00B100CF00CE00BE00AF
:10552000D000E100C600A900BD00DD00D900CA001E
:10553000CB00D400E500F200D600A500A200C60012
:10554000C500A300A900CF00D600CB00D200CE003A
:10555000B500B400CC00CF00C900D800DF00CE00F9
:10556000D200E800D200A200A500CA00CB00B10022
:10557000B000C300D100DD00D900B900AD00CD00FE
:10558000DC00C200BC00DD00E800D400D500E00073
:10559000C500A500AD00BF00BC00B900BF00BF0042
:1055A000C800DF00D900B100A800CE00E100C800AB
:1055B000BA00D100E400E200DB00CA00B600B5008A
:1055C000C100B700AC00BE00D100C600C300DB00C4
:1055D000D800B200AB00CF00DF00CE00C700D20081
:1055E000DA00E400E000C000A600BB00D200BC006E
:1055F000A500BA00D000CB00C900D100C700B80098
:10560000BF00CA00C600CB00D800D300CD00E00028
:10561000E300BC00A100B800D100C100B000BB0095
:10562000CC00D300D600CB00B800BC00D200D10023
:10563000BF00C500DA00DA00D000D800DA00C000F0
:10564000B000BA00C100BA00BC00C100C200CF0067
:10565000DE00CC00AC00B800DA00D700BE00C3000A
:10566000D900DA00D500D300C600B800BE00C300E0
:10567000B600B300C300C800C200D000DE00CC00FA
:10568000B400BE00D300CF00C600CB00D100D700CD
:10569000E000D600B700AD00C500CD00B600B100F7
:1056A000C400CC00C600CB00D000C400BD00C800C0
:1056B000CF00C900CB00D000CC00D100E200D80060
:1056C000B400AC00C500CB00B900B500C300CA00EF
:1056D000CF00D300C600B700C300D600CF00C4007F
:1056E000CF00D800CE00CD00D700CF00B900B70062
:1056F000C300C100BA00BD00C000C400D400DB007C
:10570000C400B200C500D800CC00C000CC00D60058
:10571000D300D200D000C000B800C200C600BB0059
:10572000BB00C500C300C100D100D900C500B9004D
:10573000C900D400CB00C500CB00CF00D500DC00F1
:10574000CF00B700B700C800C500B700BC00CA0052
:10575000C800C600CD00CB00BF00C000CE00D10005
:10576000CC00CD00CC00A8000101BB00CC00DD00C6
:105770007B00F200BD00A100F400A000C500FF0006
:10578000A000EC00D0008D00F500B900BA00FE00CA
:10579000A300DE00E300A000F700AE009400FE00CE
:1057A000AB00C400E5008F00DB00CD00AB00EE00D5
:1057B0009C00C30002019500D700EA00A800F30096
:1057C000CA00C300EC008F00C600D8008E00EB00BA
:1057D000C8009D00F300BB00C600DD009800E70094
:1057E000DA00AD00FB00B300B500FA00A900CC0060
:1057F000D3009A00E600BB00A700EA00A800CD0095
:10580000E800A500ED00C9009500E800BC00C2005A
:10581000E900AA00E100DA00AB00EB00AB00AA004F
:10582000F600AB00C200DC00A300DB00C400B50042
:10583000E800A500C900ED009F00DF00E200AC0019
:10584000E600C600C800DF009500CA00D500A2002F
:10585000E400BF00AD00F100B700C100D600A90010
:10586000E400CE00B400EF00B500BE00E700A900E0
:10587000D500D300A200DA00BE00B600E000AE0002
:10588000CF00DD00B000E400C000A200E900C100CC
:10589000C200DE00B700DE00D000B000E300B400BC
:1058A000B900E800AD00C600D900AB00D000C300CD
:1058B000C100E000AC00CA00E200AC00DA00D50094
:1058C000B200E000CA00C600D100A400CD00D000A4
:1058D000AC00D900BF00B800E400B800C500D70094
:1058E000B500D800CC00BE00E300B700BF00DE006A
:1058F000B500D100CB00AA00D700C700BD00D5007D
:10590000B600D000D600B700DB00C000AE00E1005A
:10591000C300C100D700BD00D400C800BA00DE003B
:10592000B800BB00DE00B700C900D100AE00CE0059
:10593000C900C300D400B100CD00DE00B500D60020
:10594000D300BA00DA00C600C300CF00B000CA001E
:10595000CA00B500D600C100BB00DB00BE00CA0013
:10596000D600B900D300CF00C500D800B800C100F0
:10597000D800B900CC00C800B300D500C600BD00F7
:10598000D200BE00CD00CF00B900D700C300B500E3
:10599000D800C500C500D400BD00CE00CB00C200B9
:1059A000D700BA00BF00DB00BC00C700CD00B600C6
:1059B000CE00C700C100CD00B800CD00D500BA00B0
:1059C000D500D200BE00D400C600C700CC00B40091
:1059D000C800CB00BE00D100C000C200D200C7008A
:1059E000C800C800C300CB00CD00CA00C800C50075
:1059F000C900CA00C600C400C400C200C600CB0073
:105A0000C900C800C900C700C800CD00C800C00058
:105A1000C100CA00CE00C600C400CA00C900CA0046
:105A2000CC00C600C400C600C800C900C600C7003C
:105A3000C700C400C900C900C100C300C700C80036
:105A4000CC00CB00CB00C900C800D000CB00C10007
:105A5000C300C500C800C800C200C600CA00C90013
:105A6000CA00C600C400C900C500C900CD00C800F6
:105A7000C800C700C600CB00C500C200C400C600F5
:105A8000CB00CA00C600CA00C800C700CC00C600D0
:105A9000C100C400C700CA00C500C500CD00CA00CF
:105AA000C900CC00C700C600C600C600CA00C900B5
:105AB000C800C800C500C900C700C000C400C700B6
:105AC000C800CA00C900CA00CA00C800CC00CA0089
:105AD000C300C500C700C700C700C300C700CA0095
:105AE000C700CA00C800C700C700C500C900CD0074
:105AF000C700C600C700C800C900C300C200C80074
:105B0000C800C900C900C800CA00C800C900CC004C
:105B1000C600C300C600C700C700C500C600CB0052
:105B2000C900C800CA00C700C500C500C600CB0038
:105B3000CA00C600C700C800C900C600C200C6002F
:105B4000C900C700C900CA00C900C900C800CB000D
:105B5000CA00C500C500C500C600C700C500C90011
:105B6000CB00C700C900C900C600C500C600CB00F5
:105B7000CC00C800C800C900C600C700C500C600E8
:105B8000C800C700C700C900C900C700C600C900D7
:105B9000CB00C600C400C700C600C500C700C800CF
:105BA000CA00C800C800CA00C700C500C700C800B6
:105BB000CC00CA00C400C800C800C500C400C600AC
:105BC000CA00C900C600CB00C900C600C900C90090
:105BD000CA00CA00C600C700C600C500C700C6008C
:105BE000C900CB00C600C800CA00C500C600C80076
:105BF000CA00CA00C600C800C900C500C700C60068
:105C0000C600C900C700C600C800C700C700C8005A
:105C1000CB00CC00C500C500C700C500C600CA0047
:105C2000C900CA00C900C900C900C600C700C60033
:105C3000C600CB00C800C500C800C500C500C8002C
:105C4000C700CA00B1002100CF00F6006A005A0068
:105C5000C800DD00DB000F01E3008900B700080188
:105C6000EC00C80016013F01CF00D4003301F5005D
:105C700051003C00B400D1009200A100AC00A20091
:105C8000F9003301CC006600C9004801EC008E0029
:105C9000F0002D01F400DD000201CB0069008C0052
:105CA000B4007B008A00D100B0007C00DD0034012C
:105CB000B9005D00D7002801DC00BB00EE00F70052
:105CC000EE001901F80071006E00D500B900630004
:105CD0009D00F600CB009B00E9000E01B5009E0080
:105CE000E700F700E100EF00E900BD00E0002C0153
:105CF000E40057007600DF00C20073009300D30079
:105D0000C500C400EF00CC009400C500F700C5003A
:105D1000B70002010201B400D5002801DA005C00DE
:105D20008600DB00BD009600B200B600B300F900AB
:105D300009019D008400F8001201B500B4000701BC
:105D4000FB00C700ED00FB00A0007A00AD00B20030
:105D50009300B700D200A100A6000401FD008B0053
:105D60008800F4000A01C800C100E200DC00E20083
:105D7000FD00CD0081009E00D800AC008200BF0075
:105D8000E900B300B4000201ED009400A600F000A9
:105D9000E600CA00E700E400BF00EC001701B6000F
:105DA0005F00AB00EC00AA008100BF00D600B50088
:105DB000D200EE00B1009B00DE00EA00B700D00088
:105DC0000601DC00B400F4000601A0007400B70076
:105DD000D300A900AA00C500B900C400FA00E00081
:105DE0009200AC00FE00EB00AD00C900FC00DD003D
:105DF000C100E900E1009E009A00C200B200A000CC
:105E0000C700D300A900C4000801D9008100AD007B
:105E1000FD00DD00AF00D400EC00D000DF00F40096
:105E2000B2008800C400D70099009A00E000D600B4
:105E3000A500D000FF00C4009900CC00E700CB0013
:105E4000D200E800CD00C600FE00EF008D00830008
:105E5000D100D4009500A200D700CE00BE00DD0026
:105E6000DB00AD00B600E200D300B900DD00EF00BA
:105E7000C100C200FC00E4008C009100D200CB0005
:105E8000A200B500CD00C000D400F400C500910010
:105E9000C800FC00C800AC00E800F600C200CA0060
:105EA000F100C6008F00B000CD00AC00AF00D40000
:105EB000BE00A800E400FB00B0009300D400EF0097
:105EC000C900C100DA00DA00D700E300D000A30067
:105ED000A700C600BB00A500BE00D500C300BF00E0
:105EE000E100E300BB00AE00CD00DD00D500D30033
:105EF000CD00CA00E000ED00C7009800A700CD006B
:105F0000C100A800B600CD00CB00CE00D800C9006B
:105F1000B400C100D100C900CE00E200D500C0002D
:105F2000D800EC00C5009900AA00CB00C200B40064
:105F3000BA00C000CD00E200DA00B600B400D7001D
:105F4000DC00C300C900E000DA00CF00D700D500B4
:105F5000BA00AA00B300B800B800C200C300B8007D
:105F6000CA00E600D700AD00AF00D900DF00C500D1
:105F7000C500D700DC00DA00D600C300AF00B700D0
:105F8000C400B500B100C700CC00BE00C900DD00F0
:105F9000CE00B200BB00D700D700CE00D200D000A8
:105FA000D200E300DE00B700A300BE00CE00B600C2
:105FB000AC00C300CB00C500CB00D000C300BB00C9
:105FC000C600CF00CE00D500D800CB00CC00DF004B
:105FD000D900B300A500BE00CB00BD00B700C100D2
:105FE000C900D100D600C900B600C000D800D0005A
:105FF000C300D100DE00D000CA00D700D000B3003B
:10600000AF00C000C400C000C200C100C200D40084
:10601000DD00C100AB00C100DA00CF00C300CD003D
:10602000D500D400D700D200BC00B300C000C2002D
:10603000B700BE00CB00C400BE00D000DA00C40030
:10604000B400C400D500D300CD00CD00CE00D700F1
:10605000DF00CE00B200B300C600C400B600BB0033
:10606000CB00CB00C600CD00CE00C000BD00C900F3
:10607000CD00CC00D100D100C700CD00DD00CF00A5
:10608000B200B300C900CA00BC00BF00C700CA000C
:10609000CF00D100C200B900C800D100C600C800BE
:1060A000D800D500C800CE00D800C700B300B900A2
:1060B000C400C300C300C300BF00C500D400D100AA
:1060C000BD00B800CC00D200CA00CA00D000D10088
:1060D000CE00CF00C900BB00BA00C000BE00C000A7
:1060E000C900CA00C200C500D500D100BB00BB007A
:1060F000CF00D500CE00C900CD00CE00D000D10029
:10610000C300B700C000C800C100BE00C600CA007E
:10611000C600CA00D100C600BC00C500CB00CC0040
:10612000CF00D000BA00B600F600BD00A000D40039
:10613000CF009400BC00F400B800AC00F300D8001D
:10614000A100D200E400B100C600F900D000A80010
:10615000D600D800AA00D100E8009C009F00E8000B
:10616000D000A400D000DF00AD00C200EE00B500FA
:10617000A100F600EC00A300CC00F200B400AD00DA
:10618000EB00CF009100C300E300A400BA00F800C8
:10619000BB009600E300EC00A700B700EB00C700CF
:1061A000B600EF00D8009E00D600F300AB00A800B8
:1061B000DD00C500A700D600E100AA00BB00E50095
:1061C000BA00B300EA00CD00A100D600F300BE0083
:1061D000B700E400CB00AC00D800CE009500C300AF
:1061E000F000B500A600E000D300A600CF00EA0052
:1061F000AF00B300F100CD00AE00EB00E600A1005F
:10620000BD00F000BE009A00D600D900A500CB006A
:10621000E700A700AE00F100D0009F00CD00E8002D
:10622000B700C000F300CA00A900DC00D600A60039
:10623000C600DE00AE00AB00E300D300A500C9003D
:10624000E000B300C000E300B800AE00E900E200E7
:10625000B000C700E800BB00B200E400C8009F0027
:10626000D300E200AB00BE00EA00BF00A400DD00E6
:10627000E000A400BE00ED00C100B800E900CF00BE
:10628000A400D400EA00AC00A800E000CB00A70006
:10629000D600DD00A800BF00E800BD00AD00DC00B6
:1062A000D600AF00CF00ED00BC00B200E100CD0091
:1062B000AF00CF00CF00AA00C400E800C100AA00D0
:1062C000D700D700B000CB00DE00B300BB00E60073
:1062D000CD00B300D800DC00AD00BD00E400BC0080
:1062E000A600D900D600AF00CC00DC00B000B7009B
:1062F000E700CD00A400CE00E600B800C200E70031
:10630000C200AF00DB00D500A900C000E000BC0067
:10631000B200E100D200A900CA00DF00B900BF004E
:10632000DC00C200B700E100E000B000BE00E00009
:10633000C000B300D500C600AE00CF00DA00B70041
:10634000BD00DC00C400B200D900D700AE00C70019
:10635000E500C300BC00DC00C900AD00CE00DE00DB
:10636000B000B100DF00CC00B200D500D400B00016
:10637000C500E200BF00B100D900D700B300CC00D7
:10638000E300B900B600DC00CB00AF00C800D200CB
:10639000B700C100D200C100D400BB00B000E000D3
:1063A000EF00B000A400DD00D200AC00D500F40086
:1063B000B900A200D800D600A200C300F100C200BC
:1063C000A100D300DF00AF00BA00EF00D100A000B1
:1063D000C900ED00BF00B100E000DA00A900BB0079
:1063E000E500C200A300D400E700B200AD00DF006A
:1063F000D300A900C800EC00BF00A600DA00E50049
:10640000B400BD00E800CB00A500CE00E400AF0062
:10641000AA00E700DC00A500BD00E700C000A8005E
:10642000DC00E400AC00B600EB00D100A900D10014
:10643000E800B500AD00E100D500A300BF00EB000F
:10644000C600A700D200DC00B000B900E500CE0015
:10645000A800CB00E900BF00AF00DE00DB00AB000E
:10646000BA00E500C700A600D000E700B700AF0003
:10647000DE00D200A900C900EB00BE00A700DC00CE
:10648000E400AE00B900E800CB00A600CF00E400B5
:10649000B200AD00E400D900A700C000E600BF00D4
:1064A000AA00DC00E200AD00B500E600D100AA00C1
:1064B000CD00E300B800B000DF00D700A900BE00A7
:1064C000E800C700A900D200DF00B200B500E40078
:1064D000D300A800C500E800C100AD00DA00DC0070
:1064E000AD00BC00E700C900A500CF00E700B70081
:1064F000B000DF00D200A900C700E800BF00AA007A
:10650000DA00DF00AE00BA00E400CA00AA00CE0044
:10651000E300B600AF00DF00D900AF00C100E1002A
:10652000C200AF00D800DF00B200B800E300D00026
:10653000AC00C800E000BD00B200DB00D800AD0038
:10654000BE00E400C900AD00CF00DC00B400B6001E
:10655000E300D300AA00C600E500C000AD00D500EE
:10656000D900B000BE00E200C600AB00D100E200DE
:10657000B800B500DE00D100AD00C900E700C100E1
:10658000AD00D600DD00B300B800DD00C900AE00EC
:10659000CE00DF00B800B300DD00D900B000C000BD
:1065A000E100C500B100D600DF00B600B700DF0093
:1065B000D000AD00C600DD00BA00B300DC00D7009B
:1065C000AC00BE00E400C900AD00CF00DC00B800A4
:1065D000BC00E000D000AF00C900E200BF00B00086
:1065E000D600D600B300C000E000C800B300CC0065
:1065F000D600BF00BF00CE00C900C100CB00CF0055
:10660000C500C700C800C800C700C800C700C80050
:10661000C800C800C800C700C800C700C800C7003D
:10662000C800C800C800C800C800C800C800C8002A
:10663000C800C800C8000000390FC800C800C80062
:10664000C800C800C800C800C800C800C800C8000A
:10665000C800C800C800C800C800C800C800C800FA
:10666000C800C800C800C800C800C800C800C800EA
:10667000C800C800C800C800C800C800C800C800DA
:10668000C800C800C800C800C800C800C800C800CA
:10669000C800C800C800C800C800C800C800C800BA
:1066A000C800C800C800C800C800C800C800C800AA
:1066B000C800C800C800C800C800C800C800C8009A
:1066C000C800C800C800C800C800C800C800C8008A
:1066D000C800C800C700C800C800C800C800C8007B
:1066E000C800C800C700C800C700C700C800C7006E
:1066F000C700C800C700C700C800C800C700C7005F
:10670000C800C700C800C500C700C800C400C80052
:10671000CA00C700C700CC00C600C800CA00C60037
:10672000C800CA00CB00C600CA00C800C600C90025
:10673000C700C400C600C800C400C700C400C80029
:10674000C900C500CA00C800C700C800CB00D200FD
:10675000CD00D500CF00CB00BA00AB00AF00B20037
:10676000AB00B300BF00CF00D600D100DB00DC00DF
:10677000D300E000E900F700F400EE00F300DD00D4
:10678000BE00A000890085007B007F008A009D007C
:10679000AC00B500BD00CE00D700DD00FF00150144
:1067A0001801130117010A01ED00C900A7009100AB
:1067B00084007C008B009300A700AC00B200BF00F7
:1067C000C600CC00E60007010E01170113010A0103
:1067D000F400D100B300900081007A007F008900AE
:1067E00098009D00A200AE00B300BD00CB00F300F6
:1067F000100119011D011B010B01EB00CE00AF00C0
:106800009D00940093009F00A700B400B000B60064
:10681000B800B900C300DB00FD0002010A01070156
:10682000FC00E400C500AC009500940093009B00C0
:10683000A100B100B000B200B600B200B600C200C4
:10684000E300F70003010201FB00EE00D100BE00EF
:10685000A500A500A800B200BE00C900D300CC006E
:10686000CD00C600C300C700D900EB00EF00F10067
:10687000E700DB00C300A90095008E0098009F0090
:10688000B000BA00CA00C900C900C700C200C300F6
:10689000CB00E300EA00F200EC00E100D000B6001B
:1068A000A7009A00A400AC00BF00C900DA00E00015
:1068B000DB00D900CE00CC00CD00DC00E600EA0011
:1068C000E900DE00D100B800A400920093009B0014
:1068D000A800B600C400D000CD00CD00C500BF00A8
:1068E000C000CC00E100E800EC00E700DB00CA00DB
:1068F000B300A2009B00A600AF00C300CE00DF00E3
:10690000DF00DC00D800CE00CA00CF00DF00E700C7
:10691000ED00EA00DF00CE00B400A1009000950079
:106920009A00AB00B700C500CD00CA00CA00C30082
:10693000C000C300D700E800F300F400EE00E1005F
:10694000CA00B600A0009B00A100A900B900C300C6
:10695000CF00CC00CD00C800C400C600D400EC00BD
:10696000F400FB00F700ED00D900C000A90096007C
:1069700098009B00A800B200BC00BB00BB00BC009C
:10698000B600B800C000DD00F000FD00FF00F80018
:10699000EB00D300C000AA00A400A300AC00B50027
:1069A000BE00C200BC00BF00B800B800BC00D100EF
:1069B000EB00F9000001FC00F300DE00C900B300A9
:1069C000A400A100A200AD00B500BC00B500B50058
:1069D000B300AD00B200BE00DB00EC00FA00FD0029
:1069E000F700E900D200BF00AD00AB00A900B6007F
:1069F000BD00C700C500BF00BE00B600B400BA00AD
:106A0000D100E500F300F700F300EA00D200C00077
:106A1000AC00A600A600AC00B700C100C600C000D4
:106A2000BF00B900B300B500C400DC00E900F2000B
:106A3000F200EA00D800C300B000A400A700AA003A
:106A4000B800C400CF00CC00CA00C700C000BE0020
:106A5000C400DD00E800F100F300EB00DE00C5003B
:106A6000B100A0009F00A100AD00B800C600C900A1
:106A7000C500C600BF00BC00BD00D100E200EC00B4
:106A8000F100ED00E300CC00B900A500A000A300D8
:106A9000AB00B700C400CF00CC00CB00C700C100E2
:106AA000C100CC00E300EC00F200F100E800D700E8
:106AB000C000AC009E00A100A200B000BB00C90055
:106AC000C800C600C500BD00BA00BF00D700E40082
:106AD000EE00F000EB00DE00C700B300A100A10053
:106AE000A300AF00BA00C900CE00CB00CB00C500A8
:106AF000C100C100D200E400EE00F200EE00E600AA
:106B0000D100BD00A900A000A300A800B500C000EE
:106B1000CC00C900C700C300BD00BB00C300D90042
:106B2000E500ED00ED00E600D800C200AF00A100D6
:106B3000A300A600B300BD00CC00CD00CA00C90070
:106B4000C200C000C200D800E500EE00F100EC0079
:106B5000E200CC00BA00A700A300A500AF00B80077
:106B6000C500CC00C800C700C100BD00BB00C90003
:106B7000DB00E700EC00EB00E300D200BF00AC005C
:106B8000A300A700AC00B800C200CE00CB00C90033
:106B9000C600BF00BD00C200D800E400ED00EE005A
:106BA000E800DD00C900B800A800A900AA00B600EE
:106BB000BF00CB00CD00C800C600BE00BA00BA00BE
:106BC000CB00DB00E600EA00E600DF00CB00BA0005
:106BD000A900A600A900B200BD00C800D000CD00E9
:106BE000CA00C300BE00BC00C600D900E500EB002F
:106BF000EA00E400D500C200B100A700AB00AE007F
:106C0000BA00C400CF00CF00CB00C600BE00BA005F
:106C1000BD00D100DD00E600E800E300DA00C500B9
:106C2000B500A500A600AA00B600C000CC00D100A7
:106C3000CD00CA00C200BE00BE00CC00DC00E600F1
:106C4000EB00E800E100CF00BD00AC00A600AA0008
:106C5000B200BD00C700D000CE00CC00C500BD0012
:106C6000BB00C300D500E000E700E700E000D30070
:106C7000C100AF00A500A900AC00B900C200CE0061
:106C8000D000CD00C900C100BD00BF00D100DE00B2
:106C9000E700E900E500DC00C800B800A800A80093
:106CA000AA00B500BF00CB00D100CE00CC00C400CC
:106CB000BE00BC00C800D700E100E600E400DE0032
:106CC000CC00BB00AA00A300A800AF00BB00C60018
:106CD000D100D100CF00CA00C300BF00C400D5005E
:106CE000E000E700E700E000D400C100B000A4002D
:106CF000A800AB00B800C300D000D300D000CE0085
:106D0000C600C000BF00CF00DB00E300E500E100EB
:106D1000D800C500B500A500A400A800B200BE00C0
:106D2000CB00D300D100D000CA00C400C000CA000C
:106D3000D900E200E600E500DE00CE00BC00AB00BA
:106D4000A400A800AE00BB00C600D200D200D10053
:106D5000CC00C500C100C300D400DF00E400E500A2
:106D6000DF00D400C000B000A300A600A900B60058
:106D7000C000CE00D300D100CF00C800C200C000C8
:106D8000CE00DB00E300E600E200DB00C900B80053
:106D9000A900A500A800B200BD00CA00D300D2001F
:106DA000D000CA00C300BF00C600D500DF00E40069
:106DB000E400DE00D000BD00AD00A400A800AD00DE
:106DC000B900C400D100D200D000CC00C500C00082
:106DD000C000CF00DC00E200E500E000D700C50005
:106DE000B500A800A800AC00B700C200CF00D600D4
:106DF000D300CF00C900C200BD00C800D600DE002D
:106E0000E200DF00D900C900B900AA00A600A9006D
:106E1000B200BE00CB00D500D400D100CC00C4002D
:106E2000BE00C300D100DB00E100E100DD00D000C6
:106E3000BF00AF00A500A900AE00BB00C600D30094
:106E4000D600D300CF00C700C100BF00CC00D700E0
:106E5000DF00E100DD00D600C400B400A700A700F9
:106E6000AB00B600C100CF00D700D500D100CB00E9
:106E7000C400BE00C600D300DD00E000DF00DA0081
:106E8000CA00BB00AB00A500AA00B200BE00CB0048
:106E9000D700D700D400CE00C600C000C200CE008C
:106EA000D900DE00E000DC00D000BF00AF00A5008C
:106EB000A800AC00BA00C500D200D800D500D100AF
:106EC000CA00C300BF00CA00D600DD00E100DE003A
:106ED000D600C600B600A800A700AA00B400C000F3
:106EE000CE00D800D700D400CD00C600C000C60038
:106EF000D200DB00DF00DF00DA00CC00BB00AC001A
:106F0000A500A900B000BC00C800D500D700D5007E
:106F1000CF00C800C200C100CD00D700DD00DF00F7
:106F2000DC00D300C200B200A600A800AC00B8008C
:106F3000C400D200D900D600D300CB00C500BF00EA
:106F4000C900D400DC00E000DD00D700C700B700B6
:106F5000A900A600A900B300BE00CC00D700D7004E
:106F6000D400CF00C700C000C400D000D900DE00AC
:106F7000DF00DA00CD00BD00AE00A500A800AE0025
:106F8000BB00C800D500D900D700D200CA00C40099
:106F9000C100CC00D600DC00DF00DB00D300C20063
:106FA000B300A600A700AB00B600C200D000D90015
:106FB000D700D400CD00C600BF00C700D200DA0061
:106FC000DE00DC00D700C800B900AA00A600A900B6
:106FD000B200BE00CB00D700D900D700D100CA0054
:106FE000C200C400CE00D800DC00DD00DA00CE0014
:106FF000BE00AF00A500A800AD00B900C600D400D7
:10700000DA00D800D400CC00C500C100CA00D3000B
:10701000DA00DD00DA00D300C300B400A700A70047
:10702000AA00B500C100D000D900D900D600D00018
:10703000C800C100C600D000D900DD00DB00D700C9
:10704000C900BA00AB00A600A800B000BC00CA008E
:10705000D700DA00D800D300CB00C400C200CD00B6
:10706000D500DB00DB00D800CE00BF00B000A600DA
:10707000A700AD00B800C500D300DB00DA00D500E2
:10708000CE00C700C100C800D100D900DC00D90083
:10709000D400C400B600A800A700AA00B400C00035
:1070A000CE00D900DA00D700D100CA00C200C40067
:1070B000CD00D600DB00DA00D700CB00BB00AC006F
:1070C000A600A800AF00BC00C800D600DB00D900B5
:1070D000D500CD00C600C300CB00D400D900DB0032
:1070E000D800D000C100B200A600A700AB00B700D6
:1070F000C300D100DA00DA00D700D000C900C20016
:10710000C700D000D700DB00D800D400C600B8000C
:10711000A900A600A900B200BE00CC00D800DB0088
:10712000D900D400CC00C300C500CD00D600DA00E1
:10713000DB00D700CC00BD00AE00A500A800AE006B
:10714000BA00C600D400DB00D900D600CF00C700CB
:10715000C300CA00D300D800D900D800D100C200B3
:10716000B400A700A600AA00B500C000CF00D90057
:10717000DC00D900D200CA00C300C700D000D7008D
:10718000DB00D900D600C900BA00AB00A600A800F9
:10719000B000BA00C800D600DD00DB00D600CD008C
:1071A000C500C600CC00D100D800DA00D700CC0062
:1071B000BB00AD00A500A600AC00B700C500D40020
:1071C000DD00DF00DA00D200CD00CA00CC00D40020
:1071D000D900DD00E000D400C000B200A400A5008A
:1071E000A300AC00BB00CC00D500D200CD00CD0088
:1071F000C600BF00C200CD00DB00E300EC00EA00E7
:10720000D900C300AF00A400A200A400AA00BB00E4
:10721000CE00CE00C700CA00CE00D300E000EF00D1
:10722000F9000201F600E800D100BD00A2009500BF
:107230009400920092009D00B300C300CF00D300E1
:10724000D900E300D900D200D300D700DD00D5007B
:10725000CF00C100B0009F00A000A200BD00D3007D
:10726000E900F800F500E600D900CB00C600BF0039
:10727000C500C800CA00C600C700C400C700C300DC
:10728000C300BF00BC00B800BE00C400CE00C400F4
:10729000C100B800AD00A300AA00BA00D300E4000A
:1072A000F200F000E300CC00BE00B200B800BC0069
:1072B000C800D400D700CE00C500C100C500C7007B
:1072C000D600E000EB00E700E400D500CB00B900F9
:1072D000A700A100990099009E00AF00C500D3004F
:1072E000DC00DC00DA00CA00C800C600D300DA0007
:1072F000D700D700C700B400A1009C00A600B700CB
:10730000CF00E200F300F200EF00E100D900D2006C
:10731000C300C800C800C600C000BF00BE00BD005A
:10732000BB00B600B800B400B800B900C300D1007B
:10733000CE00D100C700BD00AD00B000BD00D3003D
:10734000E500F100F200E300CD00B600AA00AD00B8
:10735000AE00BC00C600D000CD00CD00CC00D400F3
:10736000D600DD00E400EA00E300DB00D000C60048
:10737000B200A3009600920090009B00AB00C800F2
:10738000DE00EC00EF00EA00D800CB00C600CE0023
:10739000D100D300D200C900B700A8009D00AA0008
:1073A000B800CF00DF00EF00EF00EB00E000D400FA
:1073B000CA00BC00BA00B900B900B900B900C300E6
:1073C000C600C700C200C200B900BA00BE00C400B7
:1073D000D100D200D300C900BD00B000AA00BA009D
:1073E000CE00E100EE00F700EA00D800C600B300CE
:1073F000B200AE00B800BC00C300C700C400CA00A1
:10740000CE00D100D200DD00DE00DC00DC00D200C6
:10741000CF00BC00B0009D00950091009600A80030
:10742000C200DA00EB00F500EE00E000D400CA0074
:10743000CF00D000D600D300CC00BF00AC00A2002B
:10744000A600B000C000D600E000E500E800E000C3
:10745000DA00CD00C400BB00B900BB00B900BD001C
:10746000C700CA00C700C600BC00B300B100B50029
:10747000BD00C700D200D500D200C900BE00B600D2
:10748000C300D300E200F300F500EB00D900C50013
:10749000B100A700A500AA00B200B900C200C60052
:1074A000D100D500D900DC00DF00DD00DB00DA0010
:1074B000D300CC00C000B200A20092008E00900069
:1074C000A500BC00D500ED00F900F500E700DC00E8
:1074D000CE00CB00CD00D100D100C900C200B00069
:1074E000A900A700AE00BC00D000DA00DE00E60074
:1074F000E300DC00D000C700BB00B300B400B40060
:10750000BE00C800CF00D100D100C700B800B50050
:10751000B500BB00C100CC00D300CD00C700BB004C
:10752000B600BD00CA00DD00EF00F600ED00E2008D
:10753000D000BD00AB00A600A800AB00B100B900B0
:10754000C300CE00D600D900DF00DF00D900D9008B
:10755000D900D800D000C800BD00AB009900900051
:107560009000A000B600CB00E600F600F300E800B3
:10757000DE00D200C900C900D000D000CB00C50099
:10758000B800B100AE00AD00B800C800D000D40013
:10759000DC00E100DB00D200CC00C000B500B3008D
:1075A000B600BE00CD00D300D900DA00CE00BB008B
:1075B000B300B300B500BA00C600CF00CD00CA00CA
:1075C000BF00BB00BF00C700D800E600ED00E70029
:1075D000EA00DC00C200B400AB00A700A300A600D4
:1075E000AD00B300C600D400DE00E100D700DB0030
:1075F000E100D700DA00D300D100D700BC00A7001B
:107600009E00A200A900B200CB00DD00F800ED0052
:10761000E400C300C000C500A200BB00B700BF006B
:10762000D400CF00DE00C000CF00B000DF00CA00F1
:10763000B100CD00F300FB00ED00F600B600AE0097
:107640008F0087009F008F00A600FD00CD00BE00C8
:10765000E9009B00C100E500C000C2000501040173
:10766000CB00CD0072007000A1009100AD00D700EA
:10767000EF00ED0009019A009400B8007E0092002E
:107680008700C400E1000B01C900EB00E300DA0051
:10769000B900D000AF00D700C7009E0037008000BF
:1076A000AE00380063008100E800F100EB00B40098
:1076B000EE002101E500CB0001011E012C010A01B1
:1076C000CF001A012901BE00A700C500B100990032
:1076D000DA00320093000D01B0008600F800EC00E3
:1076E000C400F30072008D000501E0009E00D90087
:1076F000D300DA00E5003D0099002401BB00A100A1
:10770000FF00BD00CB007401AE00AC008F0134015E
:10771000C2001A01370101012D017D004F00E70071
:10772000870052007E009400E10019016F00920072
:107730004501D1008900D800910092003E016B0004
:1077400052002D01F4006E00A600E800F00059017F
:10775000D900B7003C010301D100B800A500F40036
:10776000300188005A00ED00D9008700A3006A00AC
:107770008100050181003C00DC001A01A2008800A4
:10778000D100C800FE00A8007100BB00F300040196
:10779000C700D8001B014A01E0006700D3001801B0
:1077A000CD00B600AC00A200E000D9004A0078008D
:1077B0002801BB007400D000CD00EA00E2006700A1
:1077C0003300A900B2004B009600D0002401320122
:1077D000A200D7004D010B01C900EE00C500D20088
:1077E0003E01830052002601BF005500AC00B800E6
:1077F000D2002A01BE005500F100F1008000AA006D
:107800009400D9000C016E0065000501F300A7008B
:10781000EA00AA00A8005301B5006E0042012E0143
:10782000C000E700E800C1001D01C3003C00CD001E
:10783000F100C600CE00A100D30002018500460081
:10784000C700E700A900E60097008C003801D800C7
:107850007400FB004201E300E2000301D8002A01AA
:10786000F7005D008400B800B8009E00A000DD00B5
:107870001D01FD009D00D4000001C400CE00900059
:107880007000DF00E40066007800FE00AC008800B5
:10789000D000BA0002013201CB009C00F3000D01C0
:1078A000BE00C300C200E20009019C00A90004015F
:1078B000EF00D400B40078009C0009018A005C004D
:1078C0001501D4008C00C80097009300FC00BA009A
:1078D0004C00CF000F01CF00ED00C800CD00190112
:1078E000AB008100EA00EF00CD00E20096009000BE
:1078F0003801CA0072001801F900B700F500CD0088
:10790000A0001201CC0021006F00A1008500B5008D
:107910009F00C1002801E100A100E800ED00CA00BD
:10792000F3009E007E002501E1007800D700DC0016
:10793000B100E000DE00B500270126019900A80093
:10794000D800CE00C9009B009C00D800C200940063
:10795000B500D600D000EC009E006100E300EC0012
:10796000A100C000FC00E400DD00E400A300DB0097
:107970001201B5008D00DF000601ED00E000CA0035
:10798000C500DA00AE008800BB00C900D900C00005
:107990007A00B9000601C5009400F200EE00CA00AA
:1079A0000501C600B7000F01BA0041008A00CA00F5
:1079B000B400ED00EF00D7002C010301B100DE00A0
:1079C000DE00D200DC0084008300F700C100670005
:1079D000C500C0008D00F700C8009E002301030110
:1079E0008100B100E500B200E600C3008600F500AA
:1079F000E300AA00DE00EA00DE00F30096006E005D
:107A0000F400DD008E00E200E200A200F700C200F8
:107A10007600E000EA008C009C00E200C600FA005C
:107A2000DA008C00D000C100A200A700BE00CD008B
:107A3000F300C0008900F400FA00B900DA00EA009F
:107A4000C200FF00F5009E00C400E2008100490072
:107A50009E00A100D100EF00CA00E800F700F0008E
:107A6000BA00D000CF00D200C9007A00AF00DC001D
:107A7000B600A900C900B400CA000701C100C100D6
:107A80002201E7008C00D600D000BA00DB00B00075
:107A90009D00D200E800AF00DE00DF00C200DB0086
:107AA00090009E00DB00D100B300DC00D200AE00ED
:107AB000F700C1009A00F200D8009C00CF00E4005B
:107AC000C100EB00D4009D00CE00D100AC00C70087
:107AD000D100C400E400C500B200E100D300B6004C
:107AE000D000D600B200DE00DA00A800D100C60047
:107AF0009B00B000CD00BC00D100E900C500D9005A
:107B0000DE00C300D300CA00C600CD00C100BD0026
:107B1000C700C500AD00CB00CC00B900C900CF0044
:107B2000D200CD00D400B900BA00D100BD00BB0026
:107B3000C800CF00C800CA00C300CE00DB00CE00E2
:107B4000CE00C600CD00D200C100B700C100CF00FA
:107B5000BA00C000BF00C700D400CC00C400BA0007
:107B6000D500C900C100C800CA00CE00C300BB00D8
:107B7000B600CE00CB00BE00C600C600D500D200C5
:107B8000C000C500D800CE00C100C600C600D000AD
:107B9000D400BD00B800CD00D000C100C500CB00AE
:107BA000CC00CF00C000B900CA00CF00BF00BC00AD
:107BB000C000C400D000C000BB00CF00D400CA0089
:107BC000C800CC00CF00D700C700BC00CD00D1005A
:107BD000C600BD00C200C700CB00C400BA00C90087
:107BE000D100C900C200C600CC00D100CA00BC0050
:107BF000C600CF00C700C000C200C900CD00CB0046
:107C0000C200C600CF00CA00C000BF00CA00CF003B
:107C1000CB00C400C500CE00CB00C600C300CB0023
:107C2000D100CD00C300C400CF00CA00BF00BB001C
:107C3000BF00C600C600C200C200CC00CF00C70013
:107C4000C300CA00D100CF00C800C700CC00CF00DD
:107C5000C700C100C100C700C800BF00C000CA0003
:107C6000D000C800C600C700CB00CD00C500C200D0
:107C7000C600CD00C700C200C400CA00CC00C400CA
:107C8000C200C800CE00CC00C700C500C900CE00AD
:107C9000C600C000C500CA00C800C600C600CB00B0
:107CA000D000CC00C400C600CB00CA00C500C00094
:107CB000C600CA00C600C000C300C600C800C60097
:107CC000C200C800D000CF00C600C800CD00CB0065
:107CD000C900C300C500CB00CC00C500C500CC0066
:107CE000CF00CA00C200C400CA00CA00C400C3005A
:107CF000C600C900C700BF00BF00C700CB00C4005A
:107D0000C500CC00D000D000CA00C800CA00CC001A
:107D1000C500C000C300CA00CA00C300C100C8003B
:107D2000CB00C700C500C800CE00D000CB00C40007
:107D3000C900CE00C500BF00C100C700C800C60012
:107D4000C400C700CE00CB00C400C400CA00CC00F1
:107D5000C700C200C700CC00CA00C400C400C900EC
:107D6000CC00CA00C300C700D000CD00C500C400CD
:107D7000C600C800C600BF00C000C900CB00C500D7
:107D8000C400CA00D000CD00C500C500CC00CC00A6
:107D9000C600C500C600CA00CA00C000BE00C700B9
:107DA000CA00C400C500C900CD00CF00C900C4008E
:107DB000C900CC00C500C100C500CB00CB00C40089
:107DC000C100C700CB00C800C500C600CC00D00071
:107DD000C800C300C900CD00C600C100C100C60074
:107DE000CC00C800C400CA00D000CC00C600C5004A
:107DF000C900CC00C600C000C400CA00C800C3004F
:107E0000C200C600CC00CA00C500C900D000CD0029
:107E1000C600C400C600CA00C700C000C300CA0034
:107E2000CC00C700C600C900CE00CA00C300C40011
:107E3000CA00CB00C600C300C400CA00C900C2000B
:107E4000C300CA00CC00C800C700C900CD00CD00E7
:107E5000C500C300C800CA00C400C200C300C900F6
:107E6000CA00C500C400C900CC00C900C800C700D2
:107E7000CD00CF00C800C500C700C900C500C100C3
:107E8000C100C600CA00C700C600CA00CD00CA00B3
:107E9000C600C500C900CB00C600C400C600C800AB
:107EA000C800C500C400C800CE00CA00C700CA0090
:107EB000CD00CA00C600C200C300C700C500C20092
:107EC000C500C900CB00C900C600C900CE00CB0068
:107ED000C600C700C900C900C600C300C400C8006E
:107EE000C700C300C500CA00CB00CA00C700C90054
:107EF000CC00CB00C600C500C800C900C700C40044
:107F0000C400CA00C900C500C400C700C900C90038
:107F1000C600C600CC00CC00C600C600C700C70023
:107F2000C700C500C400C900CC00C800C800CA0012
:107F3000CA00C900C600C400C900CA00C600C50006
:107F4000C600C700C700C600C300C900CD00C900F5
:107F5000C800C900C900C900C600C200C400C800EA
:107F6000C500C500C700CA00CC00CA00C600C900D1
:107F7000CC00C900C700C800C800C900C800C200C2
:107F8000C400C800C600C500C700C900CB00CC00B3
:107F9000C700C700CA00C700C400C500C600C800AB
:107FA000C900C500C500CA00C900C700C700C70096
:107FB000CA00CB00C700C700CA00C900C600C50080
:107FC000C400C700C900C600C600C900C900C90076
:107FD000C800C700C800C900C600C400C800C80067
:107FE000C700C700C500C600C900C600C500C9005B
:107FF000CB00CA00C900C700C800CA00C700C30040
:10800000C500C700C700C800C800C800CB00CA0030
:10801000C600C700C900C800C800C600C600C90025
:10802000C700C300C500C700C600C700C800C8001D
:10803000CC00CC00C700C700C800C600C600C60000
:10804000C500C900C900C500C600C900C700C800F6
:10805000C800C600CA00CC00C700C800C900C800DC
:10806000C700C600C300C600CA00C600C700C900DA
:10807000CA00C900C800C500C800CA00C600C600C2
:10808000C800C800C800C700C400C600C900C600B8
:10809000C700CA00CA00CA00C900C600C600C8009E
:1080A000C500C300C500C600C700C900C800C9009C
:1080B000CB00C900C700C900C900CA00CA00C70078
:1080C000C600C800C600C400C500C600C600C70080
:1080D000C700C700CB00CC00C800C800C800C7005C
:1080E000C700C700C600C800C900C600C600C60059
:1080F000C700C800C700C700CA00CA00C800C9003E
:10810000C900C700C700C600C400C700CA00C70036
:10811000C800C900C800C900C800C600C800C8001F
:10812000C600C600C600C600C800C700C300C50020
:10813000C700C600C900CB00CA00CB00CC00C800F5
:10814000C700C800C700C600C600C600C700C800F8
:10815000C600C700C900C800C800C800C800C800E1
:10816000C900C700C600C600C500C500C700C600DC
:10817000C700C900C800C800CB00CA00C800C800BA
:10818000C700C400C600C700C500C700C700C700BD
:10819000C700C700C600C900CB00C800C900CB009B
:1081A000CA00CA00C900C600C800C900C400C60091
:1081B000C900C700C700CA00C600C700C900C70081
:1081C000C600C800C800C700C800C600C700C90074
:1081D000C600C600C700C700C900CB00C700C90061
:1081E000CB00C600C500C700C600C600C900C60057
:1081F000C700CB00CA00C900C900CA00C900C90035
:10820000C700C700C900C600C500C400C400C6003E
:10821000C700C400C600CB00C900C900CB00C9001C
:10822000C800C800C400C300C700C800C600C6001C
:10823000C800C900C800C700C800CA00C900C900FA
:10824000C800C800CA00C900C500C500C700C600F4
:10825000C500C600C700C800C800C700C600C800E7
:10826000C900C600C500C700C700C800C700C700D6
:10827000C700C700C600C600C700C900CC00CA00BE
:10828000C800CA00C900C600C600C600C500C600B6
:10829000C700C500C600C900C800C700C900C900A2
:1082A000C800C900C800C700C800C700C600C60093
:1082B000C500C700C700C500C800CB00CA00CA007F
:1082C000CC00C900C800C900C500C400C900C8006E
:1082D000C700C800C800C600C800C700C600C90063
:1082E000C800C800C800C700C800C800C500C50055
:1082F000C700C600C600C900C800C900CB00C8003E
:10830000C700C900C900C700C700C800C700C8002F
:10831000C700C700C700C600C600C700C700C90025
:10832000CB00C900C800C900C700C500C600C50011
:10833000C500C800C700C500C800CB00C900CA00FE
:10834000CA00C800C900C900C700C700C700C700ED
:10835000C600C500C500C600C600C600C900CA00E8
:10836000CA00CB00C900C700C700C700C400C400D2
:10837000C800C700C700C800C600C700C800C800C2
:10838000C700C900CA00C900C900C800C900C800A8
:10839000C500C600C600C600C700C900C700C800A7
:1083A000CA00C700C500C800C600C500C700C70096
:1083B000C600C800C800C500C600C700C700C80086
:1083C000C900CA00CC00C900C800C800C700C60068
:1083D000C700C500C500C900C700C500C900CA0064
:1083E000C900CA00C900C700C900C900C600C6004C
:1083F000C600C600C500C400C500C700C700C7004E
:10840000C900CA00CA00CB00C900C700C900C80023
:10841000C500C600C900C800C700C800C600C80023
:10842000CA00C800C700C900CA00C800C700C7000A
:10843000C700C700C600C500C500C700C900C90005
:10844000C800C900CA00C700C600C700C600C700F0
:10845000C800C600C600C900C700C600C700CA00E1
:10846000C900CA00CA00CA00CA00C800C500C500C9
:10847000C500C500C400C300C500C800C700C700D0
:10848000CA00CB00CA00CD00CA00C900CA00C8009B
:10849000C700C500C500C400C400C400C400C600B5
:1084A000C700CA00CB00CC00CB00CB00C600C30085
:1084B000C700C600C400C600C900CA00C100BE0093
:1084C000C000CD00BF00D900DB00E100DE00DB0012
:1084D000D400C100B300B200AF00B300A400B700E5
:1084E000B800AB00B600CF00CE00F60001010301DA
:1084F000FC000501E800D100B600BB00A800960012
:1085000093009E009500AD00B400C300D500E100CB
:10851000ED00ED00EC00DD00CB00BF00CC00B400AE
:108520009D00B200AF00B700C600C100D100E80056
:10853000EC00DE00E400D800CA00CA00CA00B400A3
:10854000AA00B900B100BA00D300CE00DA00EB00F7
:10855000E500D900DA00CE00C000B400B400A200EB
:108560009D00A800A100AB00BB00C000D500E60044
:10857000EC00ED00E900DE00D900C600CA00C10031
:10858000AB00B000AF00A900B800C000CA00DB001B
:10859000E600E200E300E400E100D000D700C700FD
:1085A000B500B700AD00A100B500B700B600C5002A
:1085B000CA00CE00D700D000CF00C500CB00C80055
:1085C000BE00BA00BE00B900BD00BE00C700D400A6
:1085D000DC00E300E300D800DF00CD00C900CD00DF
:1085E000C100B300BA00B000B600C300C700CF009E
:1085F000D900DB00DC00D600D400C400C400BD00FC
:10860000AF00A700B200AA00B300B800BC00D100C0
:10861000DA00DD00E600E500DD00CF00C700C300A2
:10862000C100B400B900B600BC00C300C900D50049
:10863000DE00E500E300DC00D600CF00C200C10090
:10864000B900A600AF00B000AD00B600C300CB007B
:10865000D500DD00D700DD00D900CA00B900BC009C
:10866000BB00AD00B200B500BA00C500C700D10024
:10867000E400EC00E900ED00E000D700CC00C00011
:10868000B900AF00AA00A900AC00B200B900C9004F
:10869000D600DC00DF00E800E100DC00CB00C40015
:1086A000C500B100A300A900AA00AF00B500B90041
:1086B000C600DE00DE00E400EB00E900D900D300D4
:1086C000CF00C000BA00B900AE00B400BA00BD00CF
:1086D000C900D600D300DE00DD00D700CD00C90000
:1086E000C800C000AE00AB00B000B500B600BD00D1
:1086F000CB00D800D900DC00DA00DE00D400C400D2
:10870000C100C000B200B400B300B700C000C40094
:10871000C900D900E000E200E500E200D300CC008F
:10872000CA00C100B100B300AE00B100B800B5008E
:10873000C100D400D500D200D800DD00D300C900AC
:10874000C500C500BB00B600B000B700C100C20044
:10875000C700D000D900DE00DD00DD00D900CD006B
:10876000C400C400B400B100B500B600BA00BF0038
:10877000C900D500E100DE00DC00E200D900C7003E
:10878000BF00C000B300AC00A600A500B500BA0051
:10879000BE00CE00E000E000E400E400DD00D70011
:1087A000CC00C300B800B200AF00B000B700B90001
:1087B000C200CC00D900DC00E100E400E400D600F7
:1087C000C600C900C000B100AE00AA00B100B800E8
:1087D000BB00BE00D500DE00DA00DB00DF00D60003
:1087E000CC00C900BF00B400B300AB00AE00B700BE
:1087F000BE00C400D300D700DF00E400E600DD00C7
:10880000D200CD00C800BB00B100AE00B400B8007B
:10881000B900BD00CE00D900DF00DB00DE00DB00C8
:10882000D000C500C300B900B500AF00AA00B10078
:10883000BB00BE00C900D600DD00DC00E300DB00A9
:10884000D100CD00CB00BA00B500B400B100BB0030
:10885000BF00BD00CC00D800DB00DA00E000E00083
:10886000D700C800C500BE00B800B300AE00B3001A
:10887000B900BF00C500CE00DC00DB00D900D90084
:10888000D300C700CA00C000B300B600B100B400F6
:10889000BB00C000C700D600DD00DA00DF00E30047
:1088A000DB00CE00CB00C000B900B600AA00B100CA
:1088B000BA00BC00C000CF00D900E000E000DC003E
:1088C000D900CD00C800C000B400B300AE00AF00B6
:1088D000B100BA00C000CE00DA00DF00DE00E30025
:1088E000E100CF00CB00C700B800B300AF00AE007E
:1088F000B700C200C000CB00D900E000DE00E100FC
:10890000E000D500CD00C400B600B400AF00AC005C
:10891000AF00B600BA00C900D100DA00DD00DF0008
:10892000DE00D600CC00CA00C200BA00B300B2001C
:10893000B600BC00BE00C600CE00D900D800D800EA
:10894000DB00D800CF00CC00C300BC00BB00B700E8
:10895000B400BC00BD00C100C900D000D200D600E8
:10896000D700D200CC00CC00C500C000BE00BA00C9
:10897000BB00BF00BF00C300C900CF00D200D300BE
:10898000D200D300CE00CB00C800C200C000BE00A1
:10899000BD00BF00C200C600C800CC00CE00CF00A2
:1089A000D000D000CB00C900C800C300C000BF0089
:1089B000BF00C200C300C300C700CB00CE00CE0082
:1089C000CE00CE00CC00CB00C800C500C400C30060
:1089D000C100C200C300C500C800CA00CB00CD0062
:1089E000CD00CD00C900C800C900C600C300C20048
:1089F000C200C300C500C500C600C900CB00CC0042
:108A0000CC00CD00CC00CA00C800C600C400C40021
:108A1000C300C200C400C600C700C800C900CC0023
:108A2000CC00CC00CA00C900C900C800C600C40000
:108A3000C300C400C400C500C600C800C900CA0005
:108A4000CA00CB00CB00CA00C800C700C700C600E0
:108A5000C500C400C500C700C700C700C800C900E2
:108A6000CA00CA00C900C800C900C800C700C500C4
:108A7000C500C500C500C500C600C800C900C900C2
:108A8000C900CA00CB00CA00C800C800C800C7009F
:108A9000C600C500C500C600C600C500C700C800A6
:108AA000C900C900C900C900CA00CA00C800C7007F
:108AB000C600C600C600C500C500C600C700C70086
:108AC000C700C900CA00C900C900C800C900C90060
:108AD000C700C600C600C600C600C600C600C80063
:108AE000C900C800C800C900C900C900C800C70043
:108AF000C700C600C600C500C600C700C800C80041
:108B0000C800C900CA00C900C800C900C900C8001F
:108B1000C700C500C600C600C600C500C600C80024
:108B2000C900C900C900C900CA00C900C800C700FF
:108B3000C700C700C600C600C600C700C700C70000
:108B4000C700C800C900C900C800C900C900C800E2
:108B5000C700C600C600C600C600C600C700C800E1
:108B6000C900C900C900C900C900C900C800C800BF
:108B7000C800C700C600C500C600C600C600C600C3
:108B8000C700C800C900C900C900C900C800C800A2
:108B9000C700C600C600C600C600C600C700C700A2
:108BA000C900C800C800C900CA00C900C900C8007F
:108BB000C800C700C600C500C500C600C600C60084
:108BC000C800C800C900CA00C900C900CA00C9005D
:108BD000C700C700C600C600C600C600C600C70062
:108BE000C700C700C800C900CA00C900C900C90041
:108BF000C900C800C700C600C500C600C600C60040
:108C0000C700C900C900C900C900C900C800C80020
:108C1000C700C700C700C600C600C500C600C60022
:108C2000C700C800C800CA00CA00CA00CA00C900FC
:108C3000C800C700C600C500C500C600C600C60003
:108C4000C700C800C900C900C900CA00C900C900DE
:108C5000C800C800C800C700C500C500C500C600E0
:108C6000C600C700C800C900C900C900C900C900C2
:108C7000C800C700C600C600C600C600C600C700C0
:108C8000C700C800C800C800C900CA00CA00C9009F
:108C9000C900C800C700C600C500C500C500C500A2
:108CA000C600C700C800C900CA00CA00CA00C9007F
:108CB000C800C800C700C600C600C500C500C50082
:108CC000C600C600C700C800C900CA00CA00CA0062
:108CD000C900C900C800C700C600C600C600C6005B
:108CE000C700C800C800C800C900C900C900C90041
:108CF000C800C700C700C700C600C500C500C50042
:108D0000C600C700C800C900C900CA00CA00CA001E
:108D1000C900C800C700C600C600C500C500C6001F
:108D2000C600C700C800C800C900C900CA00CA0000
:108D3000C900C900C800C700C600C500C500C500FD
:108D4000C600C600C700C900C900CA00CA00C900E1
:108D5000C900C800C800C700C700C600C600C600DA
:108D6000C600C700C800C800C900C900CA00CA00C0
:108D7000CA00C900C800C700C600C500C500C500BC
:108D8000C600C600C800C800C900C900CA00C900A2
:108D9000C900C900C800C700C700C700C600C50099
:108DA000C600C600C700C800C800C900CA00CA0083
:108DB000CA00C900C800C700C700C600C500C5007A
:108DC000C600C600C700C700C800C800C900C90067
:108DD000C900C900C900C800C700C600C600C50058
:108DE000C500C600C700C800C900C900C900CA0044
:108DF000C900C900C700C300C900D000DD00DE0003
:108E0000DF00CA00B800C700B5009B00A300B50092
:108E1000C000B700BE00B100AB009F00BC00EA007C
:108E2000FE00130110011B010B01E900DC00C4006E
:108E3000A100B000AB00910090008A008B00780088
:108E40007500A100C700E300F50021011501FB003A
:108E50000601EC00B200BD00BE00B000B900A500E4
:108E600095008D0089009D00BE00DF00E000030139
:108E700014010301FF00EE00C000C400CA00C000DE
:108E8000C900B900A700A40099009A00B600CC0060
:108E9000C700EC00FE00E000E100D800A900A2003D
:108EA000AC00AA00B300B700AC00AB00A800A6005D
:108EB000C400E900DF00FD001501F900F300F00037
:108EC000C200B000B000AF00AF00B500A600A10026
:108ED000A600A500BA00E500DE00F80014010301B9
:108EE000FB00F700CE00B700AD00A3009900A10081
:108EF00095008C00950091009D00CC00CC00E50011
:108F000012010C0105010B01EA00CE00C300BF00F5
:108F1000AF00B600A90098009F0099009D00CB000B
:108F2000CC00D90004010601FD000301ED00CF00D3
:108F3000C200C000AE00B100A700900097009200F0
:108F40008D00B800BF00C800EE00FB00F500FA007D
:108F5000EE00D300C400C500B300B600B4009A0010
:108F60009F009C009500BE00CD00D400FA000A01CD
:108F700002010301FC00DF00CC00CD00B900B60007
:108F8000B3009600990097008900AC00BF00C200B2
:108F9000E500FC00FA00F800F600DB00C600C700A0
:108FA000B400AD00B20097009A009C008E00A900AA
:108FB000C300C800E7000301070102010501EC003E
:108FC000D600D800C600BC00BF009F0098009900E2
:108FD0008A009D00B700BA00D200EE00FA00F5004A
:108FE000FB00E600CE00D300C800BE00C500AA000A
:108FF0009D009E008E009800B000B500C700E20002
:10900000F300F300FB00EB00D400DA00D200CA004A
:10901000D500C100B200AD009B009C00B300B900B8
:10902000C300DD00EE00E900F300E500C900CB005D
:10903000C400BB00C700B900AB00A9009E009B00A4
:10904000B100BB00C200DC00F100EC00F800ED0054
:10905000CF00CD00C800BD00C600BC00AE00AC0013
:10906000A4009E00B300C100C600DE00F700F000BF
:10907000FB00F500D800D200CB00BE00C200BA0051
:10908000AB00A3009E009300A600B800BB00D00078
:10909000E900E900F600F500D900D000CC00C200DC
:1090A000C600C300B700AD00A9009C00AB00BE0025
:1090B000C000D000EB00E900F300F400D900CC00C0
:1090C000C900BF00C100C300BA00AF00AE00A000DD
:1090D000A900BF00C000CE00E900E600ED00F000EE
:1090E000D700C500C000B400B300B800B500AC00A4
:1090F000AF00A400AA00C300C800D300F000F00035
:10910000F400FA00E400CF00C800BE00B900BB00C4
:10911000B800AC00AE00A300A400BD00C300CB00AB
:10912000E900EE00EF00F800E500CE00C600BD004B
:10913000B500B700B500A900AC00A3009E00B700C1
:10914000BF00C600E300EC00EE00F800EC00D50024
:10915000CB00C300BA00BA00BB00AE00B000A9004B
:109160009F00B700C100C600E200EF00EF00F8006A
:10917000F200D800CB00C500B900B700B700A900C5
:10918000A900A5009800AE00BB00BF00DA00EA000D
:10919000EE00F700F500DD00CE00C900BC00B8000D
:1091A000BA00AC00AB00AA009B00AD00BC00C1003F
:1091B000D900ED00F100F800FB00E500D200CC0082
:1091C000C000BA00BB00AC00A900A9009800A6002E
:1091D000B700BB00D000E600ED00F400FA00E700A5
:1091E000D000CB00BF00B700BA00AC00A800AA00B6
:1091F0009A00A400B600BB00CD00E600F000F50028
:10920000FF00F000D700D100C500BD00C000B300D2
:10921000AA00AE009C00A100B300B900C600DF00A8
:10922000EA00EF00FA00F100D700D000C400BB0054
:10923000BF00B400AA00AE009F009E00B000B800BE
:10924000C100D900E600EB00F800F500DA00D2001A
:10925000C700BE00C200BB00AF00B400A700A20060
:10926000B100BA00BF00D600E700E900F500F60043
:10927000DD00D300C800BC00BF00BB00AE00B100E1
:10928000A7009E00AA00B600BA00CF00E100E500EA
:10929000F200F900E100D500CB00BF00C200C00021
:1092A000B200B400AC00A100AA00B700B900CC0025
:1092B000E200E600EF00F900E500D700CE00C200B2
:1092C000C200C100B300B200AD00A100A600B4000E
:1092D000B600C500DD00E100EB00F800E700D800B3
:1092E000CE00C100C000C100B400B200B000A300B5
:1092F000A500B600B800C400DD00E300EA00F900F4
:10930000EC00DB00D100C300C000C300B800B20015
:10931000B100A500A300B400B700BF00D900E10070
:10932000E700F600ED00DB00CF00C300BE00C10087
:10933000B800B100B200A900A300B400B900BE009B
:10934000D800E200E600F400EF00DD00D200C60025
:10935000BE00C100BC00B200B300AC00A400B40069
:10936000BB00BE00D500E200E400F100F000DF0029
:10937000D000C300BA00BD00BB00B000B200AD0019
:10938000A400B300BD00BE00D300E100E300F10083
:10939000F200E100D200C600BB00BC00BC00B0007F
:1093A000B200B200A500B200BE00BD00CF00E100D7
:1093B000E300ED00F200E500D600CA00BC00BB00EF
:1093C000BE00B200B200B100A300AD00BA00B80008
:1093D000C900DC00DF00EB00F300E700D800CD009F
:1093E000BF00BD00C400B600B300B400A500AA00D1
:1093F000B900B700C400D900DF00E700F200EB00BD
:10940000DC00D200C400BD00C400B800B300B50049
:10941000A700A700B600B600C100D600DD00E50039
:10942000F000ED00DF00D400C500BB00C100B700B4
:10943000B100B400A700A500B600B700BF00D4007B
:10944000DF00E600F400F200E400D800C800BA0033
:10945000C000B700AE00B200A800A300B400B8007E
:10946000BE00D300E000E600F300F300E500DA0000
:10947000CB00BA00BE00B700AD00B200AA00A10048
:10948000B000B600BA00CE00DF00E300F000F40048
:10949000E700DC00CF00BC00BF00BB00AF00B200A3
:1094A000AD00A300AF00B900BB00CC00DE00E200BD
:1094B000EE00F400E800DB00D000BD00BD00BC0001
:1094C000B000B200AF00A400AD00B900BA00C70000
:1094D000DA00DE00E900F200E800DE00D400BF00A0
:1094E000BE00BE00B300B400B300A600AB00B700DE
:1094F000B800C300D700DC00E500F100EB00E0009D
:10950000D800C400C000C200B700B500B400A70076
:10951000A900B600B700BE00D200DA00E200F000F9
:10952000EB00E000D900C700C000C300B900B300E1
:10953000B400A800A600B300B700BC00D100DA0058
:10954000E100EF00EE00E400DD00CC00C200C4004A
:10955000BB00B400B500AA00A300B000B600B8007C
:10956000CD00D800DE00EE00F000E500E000CF0006
:10957000C200C200BC00B300B300AB00A300AE0049
:10958000B700B700C900D800DD00EE00F100E80028
:10959000E000D100C200C100BC00B300B300AE00C7
:1095A000A300AD00B800B800C900D900DD00EC0090
:1095B000F100E800E100D300C200BF00BC00B3002E
:1095C000B300AF00A300AA00B700B700C600D700E1
:1095D000DB00E900F000E900E100D600C500C100B1
:1095E000BF00B600B400B200A600AA00B700B700E2
:1095F000C200D400D900E600EF00E800E100D80086
:10960000C600C000C000B800B500B600AA00AA009D
:10961000B600B700C000D200D700E100EC00EA00BD
:10962000E100D900C800BF00C000B900B500B80013
:10963000AC00A800B400B700BD00CF00D600E00029
:10964000EC00EB00E300DD00CD00C300C200BC0075
:10965000B600B700AC00A600B100B500B900CB0061
:10966000D400DD00EB00EC00E400DF00D100C4001A
:10967000C300BD00B500B700AD00A500AF00B50048
:10968000B800C900D300DB00E900EE00E700E1000C
:10969000D400C500C200BE00B500B800AF00A500F0
:1096A000AD00B500B600C600D300DA00E800F00057
:1096B000E800E300D700C600C200BE00B300B60059
:1096C000B000A500AB00B400B500C400D200DA00C1
:1096D000E700F000E900E300D900C700C100BF00C7
:1096E000B500B600B200A600AA00B500B700C300DE
:1096F000D200D900E300EF00EA00E300DA00C8007E
:10970000C100C000B500B600B400A800A900B400B4
:10971000B700C100D000D700E000ED00EA00E20091
:10972000DC00CB00C200C000B600B500B600AB0044
:10973000A900B300B600BE00CD00D600DE00EC00EC
:10974000EB00E400DF00CE00C300C200BA00B700A7
:10975000B800AD00A800B100B500BA00C900D20041
:10976000D900E800EB00E400E000D100C500C4002F
:10977000BC00B800BA00B000A800AF00B400B80048
:10978000C600D100D700E600EB00E500E300D600FC
:10979000C800C600BE00B800B900B100A700AC0008
:1097A000B300B600C300D000D500E400EC00E60032
:1097B000E400D900CA00C700C000B800B800B20079
:1097C000A700AB00B200B500C100CE00D400E2009B
:1097D000EC00E800E600DB00CB00C700C100B800E9
:1097E000B900B400A900AA00B200B400C000CE00C5
:1097F000D300DF00EC00E800E500DC00CD00C6008F
:10980000C100B800B800B600AB00A900B100B400B8
:10981000BE00CD00D300DD00EB00E800E500DE0077
:10982000CE00C700C200B900B700B700AC00A90065
:10983000B100B400BD00CB00D100DA00E800E800C0
:10984000E500DF00D100C800C400BB00B900B900CA
:10985000AF00A900B000B300BA00CA00D300DA001C
:10986000E700E900E600E100D000C500C300BA004F
:10987000B400B600AE00A600AF00B300B900C90046
:10988000D200DA00E900ED00EA00E700D900CC00E0
:10989000C700BB00B400B600AF00A600AB00B2002A
:1098A000B600BF00CA00D300E600E800E900E80007
:1098B000D700CB00C100C800C100C200C100B50084
:1098C000AF00B100B200B900B800BA00C700D400C0
:1098D000D300D400D100CB00D800DA00CF00E000E4
:1098E000DF00CD00C900C500C500CE00CC00C0001F
:1098F000CD00D300CF00CE00C700B900B900B3003F
:10990000A700AC00AE00A600AC00B200B300C200DD
:10991000CE00DD00EC00F100FB00F600E500D10018
:10992000BA00B600B500AF00AA00A400A700BA00B4
:10993000CB00D700E900F100F800F600F000E900E4
:10994000E600D100BA00AF00A200A400B000A80059
:10995000A100A800AA00AB00B600B900C300D9005E
:10996000DC00D500D800CF00D700E100D300D7003D
:10997000D400C600B600AF00AF00B900C500C100FA
:10998000C600D600E800F500F800EB00E100DB00BF
:10999000CA00BE00B900B000A900A0009A00A00053
:1099A000B000C400D100D300E000DE00D800C80041
:1099B000B600B500B700B100AD00AC00AA00BD0014
:1099C000D000D500E400EE00EE00EC00EA00E2007A
:1099D000E400D900C100B800B700B800C700CB0050
:1099E000BD00C000C200BC00BF00C100C000CC0070
:1099F000CE00C500C900C400C300CB00C300C10035
:109A0000C200BE00AC00A400A300AB00BA00C000BE
:109A1000C500D400EB00FC000301FC00EE00E600F2
:109A2000D600C400BA00B600AF00A500A000A70091
:109A3000B300CE00E000E000EE00ED00E900DA0047
:109A4000C000B300B000A7009D009F009B00A300D2
:109A5000B700BE00C900DB00E100E000E200DE006C
:109A6000E100E400CF00BF00C200C000CA00D70080
:109A7000C900C500C600BF00BB00BE00C100CA00CF
:109A8000D200CE00D200D600D500DA00D600CF003A
:109A9000CA00C800B500A3009C009D00A400AC0053
:109AA000B000BC00D000E400F200F400ED00E300E0
:109AB000D800C900BB00BB00BA00AE00A700AD00D3
:109AC000B200CA00E000E200EC00F000ED00E400AB
:109AD000D100BC00B900B600A800A900AA00AB00E4
:109AE000B900C200C400D100DA00D600D500D10010
:109AF000CF00D600CB00B500B700B800BC00CE0048
:109B0000CC00C700C600C600BD00BF00C500CC0029
:109B1000D600D600D800DD00E000E000DA00D50075
:109B2000CC00C900BE00AB009D009E00A200A800B2
:109B3000AE00BB00CB00E000F100F400F400E60052
:109B4000D900CA00B600AF00B300A8009C00A20074
:109B5000A600B700D300DD00E800F300F500EF0039
:109B6000E600D000C600C600B800B000B500B300E3
:109B7000B700C100BF00C500D000D000CD00CB00B1
:109B8000CA00D100D100BD00B900BB00BD00CA00B1
:109B9000CE00CB00C400C400B900B400B800C000BF
:109BA000CA00CD00D000D700E000E400E000DD00F6
:109BB000D800D200CC00BE00AC00A800AC00AD00C4
:109BC000AF00BC00C800D900EB00ED00F100E700D9
:109BD000D700C800B600A900AD00AB009B009D00F7
:109BE000A200AC00C600D700E000EC00F200EB00E1
:109BF000E600D700C700C500BE00B000B600BA003E
:109C0000BB00C500C600C900D100D600D300D200F9
:109C1000D100D400D900CB00C000BE00BF00C500F9
:109C2000CA00CA00C200BE00B400AB00AB00B30063
:109C3000BD00C300C800CF00DA00E400E200DD0090
:109C4000DB00D400CE00C500B400AA00AE00AF0017
:109C5000AC00BA00C600D500EB00F000F600F3003F
:109C6000E600D300C400B300AF00B200A5009D0021
:109C7000A200A600B800CC00D600E000EA00E50093
:109C8000E000D800C900C200C000AF00B000B800BA
:109C9000B800BE00C300C900D100D700D400D50071
:109CA000D700DA00E000D700CA00CB00C300C6002E
:109CB000C500C900BE00B800AB009E00A100B20004
:109CC000BD00D500E200E500DE00E600E000C400D3
:109CD000BC00A900A400A700AA00AB00B600CF00FA
:109CE000CE00C800D200D400E800DE00EA00FE008A
:109CF000F500F100E900D300CB00BE00A9008D0003
:109D000076006E008A00AE00A600CD00F700FF00CE
:109D1000FF00E800C600C600BD007C009400DC0027
:109D2000D400E100FA00ED00E000C700CD00D7004C
:109D3000B100BC00A300AF00DA00D500E600E200ED
:109D40000F01FC00E500D300D600B700CE00CB0029
:109D5000DA00F800DE00EF00EF00DE00BE00C00019
:109D6000960072006B00600059007E00AF00BC00DE
:109D70009C009B00C300C900F100F000D700E80080
:109D8000EB000C01D800F7000801C400BD00A800DA
:109D9000A6007D008E00EF00CF00AB00EB0021019C
:109DA000FF0007010601E800A50086007F00830090
:109DB0009F00DC00E000E100F600DC000501E800A7
:109DC000E700F000CE00B700B800DF00EE00EA00C8
:109DD000E800BE00A40080004B00530059006C0056
:109DE0005F006C009500BA00CE00EB0014011A0170
:109DF0000301F900FB00CE00FC001401FA00E500AD
:109E0000CD00D200CC00E900F6000501D500CA0063
:109E1000C600BE00C400F200F000BB00C200980003
:109E20006F004D0052005A006800A700C500EA000C
:109E3000EE000901F100D700CE00C300A000990098
:109E4000DF00FE00F900EB000101DF00D200E100BD
:109E5000DA00CF00A900B800A500AB00B600D6001C
:109E6000DF00C900E100CB00B70099009600830035
:109E70007A009A00B000DB00E9000D011301150122
:109E8000EC00DC00C700A400BE00C000C500BC00A0
:109E9000D000B300AD00C800C300C100AE00CC00CC
:109EA000C000C800D800E400E300C600D600C3002C
:109EB000B300A600AC00A600A200C900E100FD00AE
:109EC0000C0125010A01ED00C900C000B0008800A6
:109ED0009C00B300C300B600D500D900C600D7006F
:109EE000BC00AC009F00A1009200AB00C400D300F6
:109EF000F200E600EE00F300E800CB00C600A70089
:109F00009300B800BF00D40002011E0112010A0133
:109F1000F800DC00D200AA00A400AD00A400960066
:109F2000B100A4009800C000C000B100B300C000A0
:109F3000B500B500CC00CF00E400D000D000DB00BD
:109F4000CD00BF00BA00B600A500C100D900EA00EC
:109F50000D011E010C01F700E400C800B6009D00D1
:109F60009400A000B400BA00C600D200C200D8001D
:109F7000C600A800A800B00095008D00B600BE0085
:109F8000D300DC00EA00EE00E300D800C000AE0021
:109F900082009F00B400B400D90004011101FE004A
:109FA0000501F200DD00C200A8009F00A500A60088
:109FB000AC00BD00B300C600C900CD00C600D5008E
:109FC000D000BA00D500C700CF00C800D300C6003B
:109FD000BD00CA00AA00A0008E00A700B600C00005
:109FE000DE000001FE00DC00E800DE00BB00AA008D
:109FF000A7009B00AE00C300CE00E200DE00E80038
:10A00000E000D500B900D200C900A700C400CB0011
:10A01000D900DA00F200EA00E700EB00BB00A5007F
:10A020007D007D008B008F00AE00D800EA00E600C6
:10A03000F900F700DE00D500C6009C00A100AD00CD
:10A04000B300B900BF00D600D800DD00D600F10093
:10A05000F100D100E300E000D400D200E100D9001B
:10A06000C800D400BE00A70094009400A700A70079
:10A07000BC00DC00E500D300D500DA00B800B80071
:10A08000AD0094009E00BA00C500D000E300E700D8
:10A09000E300D600CA00D200D400B600C500CE004E
:10A0A000CE00E300F400F600E700F800DA00B100AB
:10A0B0009B00840097008300A400C300DF00E3003E
:10A0C000EF000001E100E200CE00A6008D00A2003A
:10A0D000AB00A300B500BF00CA00C500D400D70084
:10A0E000EC00D500CF00D300C800D200D400E100BE
:10A0F000C300DC00D000B500B200A700B200AA0087
:10A10000CC00CF00E700E600E100EB00CD00CF007F
:10A11000BF00A9008E00B500C600B700D500DC0066
:10A12000CE00BE00C600B700C600B500AA00B5004C
:10A13000B500C900DD00F400DB00EF00E800BE0060
:10A14000AE009C009B008F00AE00B500D800F00070
:10A15000F7000701FD00FA00E400C5009600A50025
:10A16000B200A000B100C000BD00BE00D400CE000F
:10A17000D600DC00C700BB00B600BA00C500D000A6
:10A18000C100C900CD00BB00B400BD00B900B500DE
:10A19000C900C800D800E400E500E700DA00D300F9
:10A1A000CC00C600AD00B400C500C100CA00D2009A
:10A1B000D000C000C400BE00C100C900C500BD0081
:10A1C000B900C900D000D600D600D600D400C70020
:10A1D000BB00B200BB00B200B600BD00C700D50096
:10A1E000DE00E200D400DC00DA00CE00BE00B400E5
:10A1F000BB00BA00BF00C200C700CE00C800CD003F
:10A20000C200D400D500CE00C100C100CE00C40001
:10A21000C300C100C800C500C200C100BE00CB0021
:10A22000C700C400C500D100D200CC00C900C900DD
:10A23000D100CE00C200C300C600C700C600C600E1
:10A24000C300CB00D500C800BE00C900D600CA00BC
:10A25000C300C900CF00CF00C400C100C300C700C5
:10A26000C600C000BD00BD00CC00C800C000C600D4
:10A27000D300D200C400C400C900D000CB00C0008D
:10A28000C400C400C600C300C300C300CE00D50094
:10A29000C700C800D000D000C700C500CA00CA006F
:10A2A000CA00C200C100C700C900C800C300C50081
:10A2B000C800CA00C500C200C800C900C400BE0072
:10A2C000C300C900CA00C700C400C800C800C60057
:10A2D000C100C400CA00CD00CB00C900D100D60027
:10A2E000D000C800C800CA00C700C200BC00BF0040
:10A2F000C500C500C000C200CB00CE00CC00C80025
:10A30000C900CE00CA00C100C000C800CC00C60011
:10A31000C300C300C700C700C300C100C500CB0015
:10A32000C800C800CB00D200D300CD00C900C800CF
:10A33000CB00C700C200C000C500C600C200C300F9
:10A34000C800CA00C900C800C600C900CC00C800C7
:10A35000C400C800CE00CC00C800C700CA00CA00B4
:10A36000C400C100C300C700C700C500C700CD00BE
:10A37000CE00CC00C700C500C800C800C200BE00A7
:10A38000C300C700C600C500CA00CF00D000CD0082
:10A39000CA00CC00CC00CA00C500C300C800CA0077
:10A3A000C700C300C600C800C800C300C100C60083
:10A3B000C700C500C500C900CC00CB00CA00C7005B
:10A3C000C900CA00C800C400C400C700C900C70053
:10A3D000C700CA00CB00CB00C900C800CA00CB0030
:10A3E000C700C400C700C900C900C600C500C50039
:10A3F000C500C300C000C200C800C800C600C90034
:10A40000CE00CE00CC00C900C800C800C600C20003
:10A41000C000C200C500C600C700C900CD00CE0004
:10A42000CB00C900CA00CC00C800C300C300C700ED
:10A43000C800C700C700C600C800C800C500C400E7
:10A44000C700C900C700C500C700CA00CB00C900CB
:10A45000C600C600C700C500C200C300C400C600D5
:10A46000C700C700C800CC00CE00CA00CA00CB009D
:10A47000CA00C800C600C700CA00CA00C800C6009B
:10A48000C500C600C500C400C500C800C900C7009B
:10A49000C800CA00CD00CC00C700C500C700C60078
:10A4A000C200C200C400C600C700C700C900CB007C
:10A4B000CE00CC00C900C800CA00C800C300C30059
:10A4C000C700C900C800C600C700C900C900C8004D
:10A4D000C800CA00CA00C800C700C700CB00CC0033
:10A4E000C900C500C700C900C600C300C300C5003D
:10A4F000C400C400C500C600CB00CB00C900C90021
:10A50000CB00CB00C700C600C700C900C900C70008
:10A51000C500C700C800C700C500C800C900C90001
:10A52000C800C800CB00CD00CB00C600C600C700E5
:10A53000C600C400C200C300C400C500C500C600F8
:10A54000CC00CE00CB00C800CA00CA00C600C400C0
:10A55000C300C500C700C700C500C600CA00CA00C6
:10A56000C700C700C900C900C700C600C800CA00AC
:10A57000CA00C700C600C800C900C800C500C400A2
:10A58000C400C500C400C400C900CC00CA00C80093
:10A59000C800CB00C900C700C600C600C700C7007E
:10A5A000C600C500C700C900C700C600C900CA0070
:10A5B000C900C800C900CB00CC00C900C700C80052
:10A5C000C800C800C500C400C400C400C500C50060
:10A5D000C800CB00CC00CA00C800CB00CA00C8002D
:10A5E000C500C500C500C600C700C500C800CA0038
:10A5F000C900C700C800C800C800C700C600C7001F
:10A60000CA00C900C700C800CA00CB00C800C70004
:10A61000C600C500C500C400C600C800CA00CA0004
:10A62000C900CA00CB00CB00C800C700C600C600E6
:10A63000C600C400C500C600C600C500C600C700ED
:10A64000C700C900C900C800CA00CA00C800C700C6
:10A65000C800C900C700C500C400C400C500C600CA
:10A66000C800C900CB00CB00CA00C900C900CA009D
:10A67000C800C500C400C500C600C500C600C700AC
:10A68000C700C700C600C600C700C800C700C60094
:10A69000C800C900C900C800C900CA00C900C80074
:10A6A000C600C500C500C400C500C600C800C9007A
:10A6B000C900C900CA00CC00CA00C900C700C60052
:10A6C000C600C600C500C500C600C600C600C7005B
:10A6D000C800CA00CA00C800C900C900C900C80033
:10A6E000C800C800C800C800C700C500C500C70032
:10A6F000C800C700C800CA00CA00C900C900CA0013
:10A70000C900C800C600C600C600C700C800C70010
:10A71000C700C700C700C600C700C800C800C60001
:10A72000C600C800C800C800C900CA00C900C900E6
:10A73000C800C600C500C600C600C600C600C700E7
:10A74000C900C900C900CB00CB00CA00C700C600C1
:10A75000C500C600C600C600C600C600C700C700C8
:10A76000C700C900CA00C900C800C800C800C800A6
:10A77000C800C800C800C900C800C700C600C6009D
:10A78000C700C700C700C700C800C700C700C70090
:10A79000C800C800C700C600C500C700C700C70082
:10A7A000C600C700C700C700C800C800C900CA006B
:10A7B000C900C800C800C900C900C700C700C80058
:10A7C000C800C700C500C500C500C600C700C80056
:10A7D000C900CA00CA00CA00CA00CA00C900C7002E
:10A7E000C400C500C500C400C400C600C600C60041
:10A7F000C800C900C900CA00C900C800C800C80014
:10A80000C800C700C700C800C900C900C700C7000A
:10A81000C700C600C600C700C800C800C800C800FE
:10A82000C800C900CA00C900C800C800C800C800E4
:10A83000C600C600C700C700C700C700C700C800E1
:10A84000C900C800C700C800C800C700C700C600CC
:10A85000C700C800C600C500C500C700C700C900C2
:10A86000C900C900CA00CA00CA00C900CB00C9009B
:10A87000C700C600C600C600C600C600C700C700A5
:10A88000C700C700C700C700C800C800C700C6008F
:10A89000C700C500C600C700C800C800C900C8007E
:10A8A000C600C700C800C800C800C800C900C90069
:10A8B000C900C900CB00CA00C800C700C600C50057
:10A8C000C400C500C500C400C500C600C600C6005F
:10A8D000C900CA00C900C800C900C800C800C80033
:10A8E000C800C700C700C700C500C500C700C90031
:10A8F000C800C800C900C900C900C800C900CA0012
:10A90000C900C700C600C600C600C700C600C50013
:10A91000C600C800C700C600C800C900C800C600FD
:10A92000C700C600C800C900C900C900C900C900E5
:10A93000C600C600C600C700C700C700C700C700E2
:10A94000C800C800C900C900C900C900C700C600C6
:10A95000C600C700C600C600C600C700C700C800C2
:10A96000CA00CA00CA00C900C900C700C800C800A0
:10A97000C700C700C800C800C600C600C600C8009F
:10A98000C700C700C800C800C800C800C800C7008A
:10A99000C800C800C600C500C600C800C700C70080
:10A9A000C800C900C900C900CA00CA00C900C9005E
:10A9B000C800C700C800C900C900C800C800C90055
:10A9C000C700C500C600C600C600C600C600C60057
:10A9D000C700C700C900C800C800C900C800C70038
:10A9E000C600C700C600C600C600C700C800C90030
:10A9F000CA00CA00CB00C900C900C800C700C8000F
:10AA0000C800C700C600C700C600C500C600C70012
:10AA1000C700C700C700C600C700C700C700C700FF
:10AA2000C800C800C700C700C600C800C800C700EB
:10AA3000C700C800C800C800C900C800C900C800D5
:10AA4000C700C600C600C800C800C800C700C800CC
:10AA5000C800C700C700C700C600C700C700C600BF
:10AA6000C700C800C900C800C900C900C900C800A3
:10AA7000C700C700C600C600C600C600C600C800A2
:10AA8000C900C900C900CA00C900C700C700C80082
:10AA9000C700C700C700C700C700C700C700C8007D
:10AAA000C800C800C900C800C700C800C800C80066
:10AAB000C800C900C800C700C700C800C800C70058
:10AAC000C600C700C700C700C800C800C900C8004A
:10AAD000C800C700C600C700C700C800C800C8003B
:10AAE000C800C800C700C700C800C700C700C7002B
:10AAF000C700C800C900C900C900CA00C900C80011
:10AB0000C800C700C600C600C500C400C500C70015
:10AB1000C800C900CA00C900C900C800C800C700F1
:10AB2000C600C700C700C600C700C700C800C800ED
:10AB3000C900C800C700C700C600C500C600C600DF
:10AB4000C900CA00CA00CA00CC00C900C800C700BA
:10AB5000C400C400C400C400C500C800C800C800C8
:10AB6000C800C800C700C700C600C700C700C900AA
:10AB7000C900C900CC00CC00CB00C900C700C70089
:10AB8000C700C600C400C400C700C500C600C60098
:10AB9000C700C600C600C400C500C600C700C70085
:10ABA000C900CD00CF00D000D000CC00CB00C70042
:10ABB000C500C400C200C000C400C500C500C50077
:10ABC000C200C300C900CC00CE00D100CE00CF002F
:10ABD000D100CC00C900CC00C700C500C400B8003B
:10ABE000B600B900B800BF00C000CF00D600D70043
:10ABF000DA00D700C900C200C600BA00AF00B0003A
:10AC0000B700BB00BC00C500D500DF00E300EB00CF
:10AC1000E200DD00DC00D700D000C000C500CA00A3
:10AC2000BD00B000C000C000B600C500C500BE0039
:10AC3000AF00AF00B500AF00B100BE00BF00B6006E
:10AC4000CB00D200CE00DC00E900E200DC00D00046
:10AC5000CD00D000BA00BC00C600BA00BB00CD00D9
:10AC6000CD00D200E700E900E700D600CC00D0001C
:10AC7000C100BA00C400BB00AE00B900B900BC00FE
:10AC8000CF00D600D200C500B500B300B100A900C6
:10AC9000B200B700B100B700BF00C200D200ED00A3
:10ACA000F100ED00DD00D100CE00C100C400D000F5
:10ACB000C600BF00C900C000C200D900E200E20027
:10ACC000D900CA00C800C100B900C600C300B40062
:10ACD000BB00B400B100C000D300D800D500C7004D
:10ACE000BF00BA00AC00AF00B900B200B000B900BC
:10ACF000B700C200DC00E900EE00E600DC00DA008C
:10AD0000CF00C900D500CE00BF00C700BE00BF0005
:10AD1000D200DE00E300DF00CE00C700BC00B200BE
:10AD2000BA00BD00B100B500B600B000B900CC005B
:10AD3000D500D800CE00C300BF00B500B600C300E8
:10AD4000BF00B900C300B900B900CF00DC00E400C7
:10AD5000E200D600D900D200CA00D600D600CA0050
:10AD6000CF00C700BC00C600D400D900D700CB007C
:10AD7000C900C200B600B900BF00B700B200B500FC
:10AD8000AD00AF00C300D000D600D300C900C90099
:10AD9000BD00B800C700C500BB00C300BE00BD00B9
:10ADA000CF00DD00E600E800DA00DA00D100C400E0
:10ADB000CE00D100C500C700C500BC00BF00CD005B
:10ADC000D500D700CF00C400C100B500B200BF005D
:10ADD000BC00B800C100B800B400C400CF00D5006A
:10ADE000D500C700C900C300BB00C800CB00C0002D
:10ADF000C800C300BC00C600D400DE00E000D800DC
:10AE0000D700D300C700CA00D200C800C600C700E0
:10AE1000BC00B900C600CF00D200CF00C600C600FB
:10AE2000BB00B200BF00C000B600BE00B800B40056
:10AE3000C300CF00D900DC00CF00D000C900BC00A7
:10AE4000C300CB00C000C500C600BF00C400D200D4
:10AE5000DB00DE00D900D300CF00C400C100CA006F
:10AE6000C700C100C800C000BA00C600CE00D300B1
:10AE7000D300C500C400BD00B400BE00C400BA00C9
:10AE8000C100BE00B600BE00C900D400D800CF008B
:10AE9000D000CF00C400C700D000C700C700CA0060
:10AEA000C100BE00CB00D400D800D700CF00D00036
:10AEB000C700BE00C700C900BF00C500C000B80081
:10AEC000C300CE00D500D900CB00CA00C400B50035
:10AED000BA00C200B800BB00BD00B700BB00C8008C
:10AEE000D400D900D500D100D100C700C400CC00E7
:10AEF000CA00C500CB00C500C000CA00D200D70000
:10AF0000D900CD00CD00C700BD00C400CA00C100FB
:10AF1000C700C400BA00BF00C700CF00D300C900FB
:10AF2000C700C600BA00BC00C600BF00BF00C20018
:10AF3000BB00BA00C500CF00D400D500CF00D000C0
:10AF4000CA00C200CA00CC00C400C900C500BD00D0
:10AF5000C600D100D800DE00D300D200CE00C00071
:10AF6000C100C800BF00C000C000B800BB00C400E2
:10AF7000CE00D300CE00C900CA00BF00BB00C40091
:10AF8000C200BF00C400C000BC00C500CD00D3009B
:10AF9000D600CC00CD00C900C000C600CD00C60060
:10AFA000CC00CB00C100C600CD00D400DA00D10037
:10AFB000CD00CD00C100C000C900C300C200C40064
:10AFC000BC00B900C100CA00CF00CE00C900CB0050
:10AFD000C400BD00C300C500BF00C300C100B9006C
:10AFE000C000C900D200D800D100D200D000C300F8
:10AFF000C500CD00C500C700C800C000C200C90020
:10B00000D200D900D300CE00CF00C300BE00C500DF
:10B01000C200BF00C300BF00BC00C200CA00D10014
:10B02000D300CA00CA00C600BB00BF00C600BF00F4
:10B03000C400C600BE00C100C900D000D800D100C5
:10B04000CE00CF00C400C300CC00C700C700CA00B8
:10B05000C300C000C600CE00D500D300CD00CE0096
:10B06000C600BE00C300C500BF00C400C100BA00D6
:10B07000BE00C700CE00D300CC00CC00CB00BE0089
:10B08000BF00C700C100C300C600BF00C000C700AA
:10B09000CF00D800D400D000D300C800C100C90040
:10B0A000C800C400C800C400BF00C300CB00D30068
:10B0B000D500CE00CF00C900BE00C100C600C00050
:10B0C000C200C400BB00BC00C400CA00D200CD0056
:10B0D000CA00CC00C100BF00C700C400C400C90042
:10B0E000C400C100C600CD00D600D400CE00D100FF
:10B0F000C900C100C600C800C300C800C700C00026
:10B10000C200CA00D100D500CE00CE00CB00BF00E7
:10B11000BE00C500BF00C000C400BD00BD00C4002B
:10B12000CA00D300CF00CC00CF00C600BF00C700CC
:10B13000C600C300C700C400C000C300CB00D300DA
:10B14000D400CF00D100CD00C200C500CA00C400A9
:10B15000C600C800C100C000C700CD00D300CD00AC
:10B16000CB00CC00C100BD00C500C100C000C500BF
:10B17000C100BF00C300CA00D300D100CB00CE0085
:10B18000C700BF00C500C600C200C600C700C2009D
:10B19000C400CA00D100D300CE00CE00CD00C5004F
:10B1A000C400C900C500C600C800C300C200C60074
:10B1B000CA00CF00CC00C900CB00C500C100C6004A
:10B1C000C500C300C600C400C200C400C700CC0054
:10B1D000CC00C900CB00C900C300C500C800C60030
:10B1E000C700C900C600C600C800CB00CD00CB0018
:10B1F000CA00CA00C600C400C800C600C600C80015
:10B20000C600C600C700C900CC00CB00C900C900F9
:10B21000C700C300C500C500C500C600C600C60003
:10B22000C600C700CA00CB00C900C900C900C600DB
:10B23000C600C700C600C700C800C700C600C700D8
:10B24000C900CA00C900C800C900C700C600C700BD
:10B25000C700C700C800C800C700C700C700C900B2
:10B26000C900C800C800C700C500C600C600C600A7
:10B27000C700C700C700C700C700C800C900C80092
:10B28000C800C800C700C700C800C700C700C80082
:10B29000C700C800C800C800C900C800C800C8006E
:10B2A000C700C600C600C600C600C700C700C7006A
:10B2B000C800C800C900C900C800C800C800C7004D
:10B2C000C700C700C700C700C700C700C700C70046
:10B2D000C800C800C700C700C700C700C700C80033
:10B2E000C700C800C800C800C800C800C800C8001F
:10B2F000C700C700C700C700C600C700C700C70017
:10B30000C800C800C800C900C800C800C800C800FC
:10B31000C700C700C700C700C700C700C800C800F3
:10B32000C800C800C800C800C800C800C700C700DF
:10B33000C700C600C700C700C700C800C700C800D4
:10B34000C800C800C800C800C700C800C700C600C1
:10B35000C700C700C700C800C700C700C800C800B2
:10B36000C800C800C800C800C800C700C700C8009F
:10B37000C800C800C800C800C800C800C800C8008D
:10B38000C700C700C700C700C600C700C700C70086
:10B39000C800C800C800C900C800C800C800C7006D
:10B3A000C700C700C600C600C700C700C700C80066
:10B3B000C700C800C800C800C800C800C800C8004E
:10B3C000C700C700C800C700C700C800C800C80041
:10B3D000C800C800C800C800C700C700C700C70031
:10B3E000C700C700C700C800C800C700C800C70022
:10B3F000C700C800C700C700C700C700C700C80013
:10B40000C700C800C800C800C800C800C800C800FD
:10B41000C800C700C700C700C600C700C700C700F4
:10B42000C800C800C800C900C800C800C800C700DC
:10B43000C700C700C600C700C700C700C700C800D4
:10B44000C800C800C900C800C900C800C800C800BA
:10B45000C700C700C700C700C700C800C700C700B3
:10B46000C800C700C800C800C700C700C700C700A1
:10B47000C800C800C700C800C800C700C800C7008F
:10B48000C700C800C700C700C800C700C700C80081
:10B49000C800C800C800C800C800C800C800C8006C
:10B4A000C800C700C700C700C700C700C700C70063
:10B4B000C700C700C700C800C800C800C800C8004F
:10B4C000C800C700C700C700C700C700C700C70043
:10B4D000C700C800C800C800C800C800C800C8002D
:10B4E000C800C800C800C800C700C800C700C7001F
:10B4F000C700C600C800C700C800C900C900C8000E
:10B50000C900CA00C800C800C700C700C700C600FD
:10B51000C700C700C600C600C600C600C700C800F6
:10B52000C700C700C700C700C700C600C500C500E8
:10B53000C300C700CA00C800C700CC00CC00CA00C6
:10B54000C800C300CE00C900CB00CA00C600C100BD
:10B55000C500C600DB00CC00D400DD00CE00C0007A
:10B56000B100AF00B200C000AD00A900AF00B20052
:10B57000CF00B800DD00F900FA0000010101EF0082
:10B58000ED00D000BF00C100A1008E009600930026
:10B590009B009B00A900CC00D300E100E800F9006B
:10B5A000EC00E200CE00D500BF00AF00AE00AF005F
:10B5B000AA00A200B900CA00D100DE00E700F00036
:10B5C000E500DE00D000D600CC00B800B000BA0024
:10B5D000B500B100C000D600D700D300E100E40000
:10B5E000D600D200BD00BB00B300A1009A00A900A4
:10B5F000A800A800B700CA00D800D600EA00F600EC
:10B60000EB00E600D800D400CA00B700A700B500E0
:10B61000B000AA00B300C200CF00CE00DF00EE00F1
:10B62000E800E600DF00DB00D300C500AF00B70094
:10B63000AE00A500A500AF00BB00B800C100D4005B
:10B64000D400D300D400D300D000CC00B800C40094
:10B65000BC00B700B800C300CF00CE00D300E400A8
:10B66000E300DC00DD00D800D000CB00B500BC005A
:10B67000B400B200B100BC00CA00CC00CC00DE00B7
:10B68000DE00D300D500CC00C400C000AA00AF008B
:10B69000AA00AA00AB00B700C700D000D300E400A6
:10B6A000E800DC00E100D900D000CD00BB00B9000B
:10B6B000B500B500B600BF00CE00D600D700E2004E
:10B6C000E500D700DB00D000C700C200B200AE002A
:10B6D000AA00A900AB00B200C100CC00D100DB0081
:10B6E000E100D400DA00D000C700C400BA00B40002
:10B6F000B100B100B500BC00CB00D900E100E8000A
:10B70000EF00E200E400D900CE00C500BA00AF00AF
:10B71000A800A400A700AD00B900C600D200DD005B
:10B72000E700DE00E300DB00D100C800C100B40088
:10B73000AD00A600A700AA00B300BE00CC00D80050
:10B74000E400E200E800E400DE00D500D300C7001A
:10B75000BD00B300B100B100B400BB00C700D2000F
:10B76000D900D700DB00D900D300C700C800BE0055
:10B77000B600AD00AD00B000B300BA00C700D40001
:10B78000DB00DB00DE00DE00D800C900CB00C20019
:10B79000BB00B200B100B500B900BE00CB00DA00BA
:10B7A000E100E200E200E300DC00CA00CB00C100DF
:10B7B000B900AE00AB00AE00B000B300BF00CE00D9
:10B7C000D500D900D900DD00D900C700C900C300E9
:10B7D000BD00B400B100B700BA00BC00C600D6007E
:10B7E000DB00DF00DC00E000DC00C900C800C300B3
:10B7F000BC00B300AF00B600BA00BC00C500D60064
:10B80000DB00E000DC00E000DC00C800C200BC009F
:10B81000B400AA00A500AC00B100B400BD00D00087
:10B82000D800E200E000E600E600D500CD00C90047
:10B83000BF00B400AD00B100B500B600BD00CE0041
:10B84000D500E000DD00E400E500D700CC00CA0030
:10B85000C000B400AB00AD00B100B000B500C50041
:10B86000CD00DA00D800DF00E300D900CD00CC0025
:10B87000C300B700AE00AE00B200B200B700C70010
:10B88000CF00DD00DC00E300E700E100D200D100E2
:10B89000C900BB00B000AF00B200B100B500C200EB
:10B8A000CA00D600D700DD00E100DE00CE00CD00EA
:10B8B000C600BA00AF00AD00B100B000B400C000D7
:10B8C000C900D500D800DD00E200E200D300D100BD
:10B8D000CC00C100B600B200B500B300B600C10094
:10B8E000CB00D500D900DD00E000E100D300CF009F
:10B8F000CA00BF00B400AF00B100B000B300BC008C
:10B90000C700CF00D600D900DC00DF00D200CD0098
:10B91000CB00C000B600B200B400B300B700BF0057
:10B92000CC00D200DB00DF00E000E300D800D10053
:10B93000CD00C200B700B100B000B000B300B90044
:10B94000C800CD00D700DC00DD00E100D800CF004A
:10B95000CD00C100B600B000AF00AE00B100B50030
:10B96000C600CB00D700DE00E000E400DD00D5001B
:10B97000D300C900BD00B600B200B000B200B400F0
:10B98000C400C900D400DB00DE00E200DD00D4000A
:10B99000D100C800BB00B300AF00AC00AD00AE00EA
:10B9A000BF00C400CF00D900DE00E200E100D800F3
:10B9B000D600CD00C000B800B300B000B000AF00AA
:10B9C000BE00C500CF00D900E000E200E300DA00CD
:10B9D000D700CF00C200B900B300AF00AE00AC008A
:10B9E000B900C000C900D300DB00DE00E000D800D1
:10B9F000D500CF00C300BB00B500B200B000AE0060
:10BA0000B900C200CA00D400DC00DE00E200DB00A6
:10BA1000D700D300C800BE00B600B400B100AF002C
:10BA2000B800C100C800D100DB00DC00E000DA0093
:10BA3000D500D000C500BC00B400B200B000AF001B
:10BA4000B500C000C700CF00D900DB00E000DD007A
:10BA5000D600D300CA00C100B800B600B200B200E0
:10BA6000B400C000C600CE00D900DB00E000DE005C
:10BA7000D800D400CB00C200B700B300AF00B000C4
:10BA8000B100BC00C400CC00D800DB00DF00E00047
:10BA9000D800D300CC00C300B700B300AF00B000A3
:10BAA000B000BB00C400CC00D800DD00E000E20024
:10BAB000DC00D700D100C700BB00B600AF00B0006B
:10BAC000AE00B700BF00C800D300D800DB00E00024
:10BAD000DC00D600D200C900BD00B600B000B20044
:10BAE000AF00B700BF00C800D200D900DA00E10003
:10BAF000DD00D600D300CA00C000B900B100B40018
:10BB0000B100B700BF00C700D100D800D900E000E5
:10BB1000DE00D600D200CB00C200B800B100B300F6
:10BB2000AF00B200B900C200CC00D500D700DF00E2
:10BB3000DF00D800D600CF00C700BE00B500B400BB
:10BB4000B100B300B800C200CC00D600D600DD00C2
:10BB5000E000D900D500D000C900BE00B400B30099
:10BB6000B100B200B700C100C900D300D400DA00B0
:10BB7000DE00D900D500D000CA00BF00B500B20079
:10BB8000B200B000B500BE00C700D300D500DB0096
:10BB9000E200DD00D900D300CE00C200B700B30040
:10BBA000B400B100B400BC00C600D100D500DA007A
:10BBB000E100DD00D700D000CC00C200B800B10029
:10BBC000B200B000B300BA00C300D000D500D80066
:10BBD000DF00DD00D700D100CF00C600BB00B300FE
:10BBE000B500B100B300BA00C400D000D600D80040
:10BBF000DF00DF00DA00D400D100C700BD00B200D2
:10BC0000B300B000B200B700C000CB00D300D50035
:10BC1000DC00DE00D900D200CF00C700BE00B300B8
:10BC2000B500B300B300B800C000CA00D300D5000F
:10BC3000DC00E000DB00D500D200CB00C300B70081
:10BC4000B600B400B200B500BD00C600D100D300FC
:10BC5000D800DF00DB00D500D100CC00C400B80064
:10BC6000B500B300B100B300BB00C400D000D300E6
:10BC7000D800DF00DB00D600D300CE00C700BA003A
:10BC8000B500B500B300B500BC00C300CF00D400C0
:10BC9000D600DF00DD00D800D300CF00C800BB0015
:10BCA000B500B400B200B200B900C000CB00D200B1
:10BCB000D500DE00DD00D900D400D000C900BD00F1
:10BCC000B600B400B200B200B800BE00CB00D40091
:10BCD000D600DE00DF00DB00D500D000CA00C000C7
:10BCE000B600B500B300B200B800BE00C900D10074
:10BCF000D400DB00DD00DA00D400D100CA00C200AD
:10BD0000B800B500B300B100B700BC00C600D00059
:10BD1000D200DA00DD00DC00D600D300CC00C50084
:10BD2000B900B600B400B200B600BB00C500CF0039
:10BD3000D300D900DE00DC00D700D400CC00C60060
:10BD4000BA00B600B400B200B500BA00C200CC0020
:10BD5000D100D700DC00DC00D700D400CE00C90041
:10BD6000BE00B900B500B200B400B900C000CB00FD
:10BD7000D100D500DB00DC00D800D600CF00CA001F
:10BD8000C000B900B500B200B300B900BF00C900DF
:10BD9000D100D500DB00DD00D900D600D000CA00FC
:10BDA000C000B800B500B300B300B800BE00C700C3
:10BDB000D000D400DA00DD00DA00D700D100CC00DA
:10BDC000C300BB00B600B300B100B700BC00C400A4
:10BDD000CF00D300D900DD00DB00D700D200CD00BA
:10BDE000C500BC00B600B400B100B500BB00C30084
:10BDF000CF00D300D900DD00DB00D700D300CD0099
:10BE0000C600BC00B700B400B100B500BB00C10063
:10BE1000CD00D200D700DC00DC00D800D400CE007A
:10BE2000C900BF00B800B600B100B400B900BE0040
:10BE3000CA00D000D500DB00DC00D900D600D0005D
:10BE4000CA00C000B900B600B200B400B800BD001E
:10BE5000C900CF00D500DA00DC00D900D500CF0042
:10BE6000CB00C200BA00B700B300B300B800BC00FA
:10BE7000C700CF00D400D900DC00D900D600D10023
:10BE8000CD00C400BC00B800B400B200B700BB00D5
:10BE9000C400CD00D200D700DC00DA00D800D20008
:10BEA000CE00C600BD00B800B300B200B600BB00B3
:10BEB000C500CF00D200D700DE00DA00D800D500E0
:10BEC000CF00C700BC00B600B200B000B100B400A3
:10BED000BE00C700CE00D500DD00DE00DE00DA00C7
:10BEE000D300CD00C400BC00BA00B400B200B7005B
:10BEF000BD00C900CD00D200D700D400D100D100D0
:10BF0000CE00C800C400B600B700B000B300BC004B
:10BF1000C000C900D700D500DD00E200E400E00069
:10BF2000CB00CC00C300B100B100AB00A300B00057
:10BF3000B100B700C800D500EA00EF00EC00ED004A
:10BF4000F300DD00D900CA00C200BC00B000AA00A6
:10BF5000A300B200B800B600C300C600C500C70009
:10BF6000C700C400BF00BC00BF00BA00B300C900D6
:10BF7000CB00D000DC00DA00DB00E600E100D100FD
:10BF8000CB00CD00C900AF00AF00BF00BB00C100B7
:10BF9000C600D000DD00E000E100DC00E000DD00D4
:10BFA000D200BD00BD00B200AC00AA00A500A200F6
:10BFB000AB00B200B400BA00CC00DA00D000CD0073
:10BFC000D600D600D600D500D100CF00C700C400EF
:10BFD000BD00C200D500DD00CD00D600D900D700DD
:10BFE000D700D500D100D000C300B600AE00B40029
:10BFF000BB00B900B700C500C600CC00D400D40017
:10C00000CD00CB00C400B100A700B100B600A7006E
:10C01000AC00B700C500D300DE00E800F500EF007B
:10C02000E400D900DA00D700CB00B700B700B200B7
:10C03000B300BC00C800CF00D700D900D300CE00A9
:10C04000D600D800C700BA00B300AB00A900AC000E
:10C05000B000B900BC00C200BF00C700D800E000BB
:10C06000D000D100CE00C800C700C800C500CA007B
:10C07000C800C000C100D200DF00DB00D900DE0034
:10C08000D800D000D200D000C900C000BB00AB0077
:10C09000A800B200BF00B800BF00C400C900CF00B4
:10C0A000D200CE00D500CD00BE00B000B500BB0070
:10C0B000BB00B100BD00C500CC00D800E500EB001E
:10C0C000ED00E600D800CE00CE00CE00BE00B400E9
:10C0D000B300AF00B300BF00C700D400D600D50046
:10C0E000CD00CB00D100D200BD00BA00B500AC003D
:10C0F000B000B700BA00C700CD00C900C800D40026
:10C10000E000D800CD00CE00C700BF00C200C200D2
:10C11000C800C900C700C500CC00D800E300D800A3
:10C12000D900D300C900C600C600BA00BD00B600E1
:10C13000AC00A500AD00BF00C900C400CF00D30013
:10C14000D300D600D700D900D500C900BA00B1008D
:10C15000B500C100B600BA00C500C800CF00DC00C1
:10C16000DF00E900E300D900CC00C500C800C6002C
:10C17000B300B600B400B200BC00C900CE00D800C5
:10C18000D800D000C500C600CF00C100B500B40083
:10C19000AD00AF00B700BC00CD00D600D600D40083
:10C1A000D700E100E600D300D100C900BC00B9000F
:10C1B000BC00BB00C300C300C300C300CA00DC0056
:10C1C000DE00D600D600CE00C800C500BE00C0000C
:10C1D000BC00B500AC00AA00B600CA00C400C9008B
:10C1E000D000CF00CF00D400D200D700D000C600CE
:10C1F000B800B700C200C600BF00C900CD00CF0024
:10C20000D400DC00DF00DF00D700CC00BD00BC00A4
:10C21000C300B800B300B500B400BC00C900CE0034
:10C22000DA00DE00D700C900C400C900C900B700A9
:10C23000B300B100AD00B000BB00C700D600D9000C
:10C24000D900D600D800E200DC00D000C900BF0051
:10C25000B900BA00BA00C200C800CA00C700C800CE
:10C26000D300E100D600D100CD00C400BB00BD006A
:10C27000B900BC00BB00B600AF00B600C900D300D7
:10C28000CE00D300D300CF00CE00CF00D000CE0030
:10C29000C600B900B200B700C600C500C900D00092
:10C2A000D000D100DC00DB00DD00DD00D200BF00EB
:10C2B000B700BA00BF00B400B300B700BC00C000B4
:10C2C000CC00D500DF00DC00D100C700C400C800EE
:10C2D000C200B600B500B000AF00B900C400D20083
:10C2E000DD00DF00D900D500D800E000D200C70093
:10C2F000C200B700B100B700BA00C400CC00CB0048
:10C30000C800CC00DA00DE00D200CE00C800BD00BC
:10C31000BA00B700B900BF00BD00B600B800C20047
:10C32000D500D400D300D700D000C900CE00CA0089
:10C33000CB00C900C200B700B500BF00CE00CB00E3
:10C34000CF00D200D200D300D400D500D900D10054
:10C35000C200B500B100BC00BA00B500BD00BF000E
:10C36000C000CA00D100DA00DD00D700CC00C10057
:10C37000C100C700BB00B600B700B400B700C400DE
:10C38000CE00DB00E000DE00D400CD00D600D400FB
:10C39000C600C200BA00B100B500B900C200CD00AD
:10C3A000D200D000D000D700E100D400CE00CA00F7
:10C3B000BB00AF00AC00AF00B600C000C100BE00C3
:10C3C000C800D500E400E000DC00CD00C900CE00CC
:10C3D000C700BD00BF00C600BC00AC00B900BC0077
:10C3E000C900CB00E600D800DC00CF00D900D600A1
:10C3F000CA00DA00BB00AA00B600C000D000C50029
:10C40000C200D000BD00BB00E000D8009B00D700F8
:10C41000BE00B300C200CA00B700A600C300DC0023
:10C42000B700A900DA000A01EC00DB00CB00EC0049
:10C43000CE00D000DC0096008E00B600BD00C50026
:10C44000D20005010801D200EE00B500B400E900F9
:10C450008E00C100F300BE00C6006E009D002E01DC
:10C4600053008700F200060145015C00D900370146
:10C47000A300D600F8000101EF007A00B400170114
:10C48000B600A600D200DE0010017F005800A40014
:10C490008000B800A600D300F60049008700040120
:10C4A000B1009A00CA0040015901C000DC0020011F
:10C4B000F600B700D000FB00AB005A007A00E300A2
:10C4C000AD003E008600E300AC00B2008200A10097
:10C4D000C7009900C9000E01A700A8007B00D50085
:10C4E00014019100B4004301FE000A01C6000101DD
:10C4F0002701B600CC000E01730081007A00BD0058
:10C50000EB007E008E00E1009700E500A7009C0094
:10C51000ED00CA00DE000601B200E800B300C10071
:10C520003E01CE00A600FB00F7001E01CB00B300C9
:10C530001401C7009F00E600A00081005D00880094
:10C54000F300B1007900AD00B900BD00AD00890075
:10C55000D200EC00D200CF00DA00C500A600AE0089
:10C5600009010D0198009F0012011301DE00D100A6
:10C570000601FD00AA00CB00FA008A0065009900C0
:10C58000DA00C40076009100E100AE00B200A00025
:10C59000A700D400BF00CA000501A9009F00AC009D
:10C5A000CA000601BA0094000201E800EE00DB00B8
:10C5B000CB00EA00BD00AB0001018F007C00A900A8
:10C5C000D300E900B300A300F600C700E100D800E3
:10C5D000A700BF00CB00DC00F800C200D000A40020
:10C5E000A800F700DE00A200C700E5001201C400A9
:10C5F000BB00F300D300B600D400B10096006F007A
:10C60000AB00FA00BF009100AD00C300D800BF002E
:10C61000C000DD00D300D500E900EF00D700A9007D
:10C62000C400FF00F100B1009E00F5001401DB0022
:10C63000CF00F300DB00B200B000EA009700540026
:10C640009700E900C2009800A000E200B200B60026
:10C65000D100C800B900C600E2000201AC00B10080
:10C66000B900DB00F900C0009900F200E100FF0012
:10C67000D200CC00E300AC00AA000301A0009400AB
:10C680009200BF00F400B600AF00FB00BF00DE0068
:10C69000D100B200C600BB00DF000D01B800BA0037
:10C6A000A100A600EA00CC00A300B900C50001016A
:10C6B000CB00AE00F200C400A600D100CD00AE0059
:10C6C0007400A1000B01C8009D00C500DC00E30060
:10C6D000D400C800DC00C000D000F600F500C9009E
:10C6E000AA00AD00DF00E400B1009E00E700EB000F
:10C6F000D800C800DA00D700A600A200F5009C0010
:10C7000068009800DB00EF00A8009600F700C80062
:10C71000CB00E600CD00C300B700D1001401B30088
:10C72000B700C400C200E900CD00A400E800D400B6
:10C730000001E400BB00E300BC00A300FE00B70062
:10C7400091008100AF000001C4009B00EC00C40018
:10C75000CB00D500BE00D100BD00C6000001C7005F
:10C76000B500A600A300DC00D500A200AA00C80006
:10C77000F300DC00C000E100CC00B100C700EA001B
:10C78000B70074009E00F900E200AE00B900F800A6
:10C79000E100BD00D300E500BF00BC00DA000401E9
:10C7A000B8008D00A700C900DD00BC008E00D500D8
:10C7B000D700DB00D500CE00D700AF009200F70015
:10C7C000B70078009300D300F500B9009900040188
:10C7D000DA00C800E600DA00C800B200C2001D019D
:10C7E000D100AC00AD00B800E200D200A200D10040
:10C7F000C900EE00DC00C100DE00C200A500DD00C3
:10C80000C800AB007D00A000FE00D500A100D10053
:10C81000D400D900CA00CE00E200AD00B400F70099
:10C82000EA00C3009F00A600DA00D400B700A80009
:10C83000D100F500E100C600E400D800B800B00067
:10C84000EF00CA0079008700E800F200C000A600EF
:10C85000EB00DD00BC00D200E600C100AC00BC0073
:10C86000FE00C5009500A100C900D800BE009900D7
:10C87000CC00CE00DE00D900D800DF00B900A10056
:10C88000E700D200A8009200B600F700D200AE0088
:10C89000EB00D200CD00D500D600D800B000B30028
:10C8A000F400D000C000BA00AE00CE00CB00B00053
:10C8B000BD00B400D100D900CA00DD00CC00AA0040
:10C8C000C700D500C100A600A800D400D600BE0055
:10C8D000CE00DA00CE00D100D800D300BF00BB00EC
:10C8E000D100E100D100C700C200C300C700C700EB
:10C8F000B400C100CF00CD00CC00D500D000C500F1
:10C90000B600CD00CD00AB00AE00C600C800BB0035
:10C91000C000D700D700C700C900CF00C200BE00CA
:10C92000C800D800CC00C900C700C800C900BE00BC
:10C93000BB00C600CF00D500C900C500D300CD00A4
:10C94000C200CF00CB00C100B700C100D100C300BE
:10C95000B600CD00D500D000C900C200C300C4009D
:10C96000C300D200C700C200C800C600C600C00095
:10C97000B600BE00C800D000CF00C100C500CF0087
:10C98000D000CE00CC00C900C300C700CF00CD004E
:10C99000BE00C300D300D500CD00C300C200C50057
:10C9A000C900CD00CA00BF00C100C900C700C30054
:10C9B000BA00BC00C500CB00CC00C600BF00C6005A
:10C9C000CD00D000CC00C300C300C800CE00CD0015
:10C9D000C400C000CC00D400D200CA00C200C50010
:10C9E000CB00CF00CD00C400C200C600CA00C90001
:10C9F000BF00BC00C100C600C900C500C100C20024
:10CA0000C700D000D100C600C200C400CC00CE00D8
:10CA1000C400BF00C500C900CC00C900C400C400E8
:10CA2000C900CE00D100C900C500C500CB00CD00B3
:10CA3000CB00C200C200C700CB00C900C400C200C6
:10CA4000C800CB00CF00CA00C300C100C600CA00A6
:10CA5000C600BF00C100C600C900C900C600C500AD
:10CA6000C800CB00CE00CC00C600C300C600CB007F
:10CA7000CC00C400C300C600CA00CC00C800C60079
:10CA8000C800CB00D000D000C700C400C600C90059
:10CA9000CA00C400C200C400C700C800C600C40069
:10CAA000C700C700CA00CC00C800C200C100C70050
:10CAB000CC00C800C200C500C900CA00C900C80037
:10CAC000C900CB00CD00D000CC00C500C400C80018
:10CAD000CB00C700C300C400C500C800C900C8001F
:10CAE000C600C900CA00CC00CA00C600C200C4000B
:10CAF000C800CA00C400C300C700C900C800C600FF
:10CB0000C700C800C800CB00CC00C600C200C600E9
:10CB1000C800C800C500C400C700C600C900CC00DA
:10CB2000CA00C900CB00CE00CD00C700C400C600BB
:10CB3000C600C800C600C400C500C800C900C800BF
:10CB4000C600C700C700C800CA00C800C300C400B0
:10CB5000C800C800C600C500C700C700C700CA009B
:10CB6000C900C800C800CA00CE00CA00C500C50080
:10CB7000C700C800C800C500C600C800C800C9007A
:10CB8000C900C800C700C700CB00CB00C700C40065
:10CB9000C600C700C800C500C400C500C600C70065
:10CBA000C900C800C600C800CB00CB00C700C40045
:10CBB000C500C800C900C700C500C800C900C8003A
:10CBC000C900CA00C900C700C800CC00C900C50020
:10CBD000C500C800C800C600C400C600C600C60024
:10CBE000C800C800C800C900C800C900C900C50005
:10CBF000C500C400C800C900C400C600C800C70002
:10CC0000C800C800C900C800C600CA00CB00C800E0
:10CC1000C600C700CA00C900C500C700C700C600DB
:10CC2000C800C900CA00C800C800CB00CA00C800BC
:10CC3000C700C500C800C800C700C600C500C700BF
:10CC4000C800C700C800C800C700C900CA00C900A2
:10CC5000C700C500C700C800C700C500C500C600A2
:10CC6000C700C800C900CA00CB00CA00CA00CB0078
:10CC7000C800C600C600C700C800C500C500C60081
:10CC8000C700C800C800C700C800C800C900CA0063
:10CC9000C800C700C600C700C800C600C500C50060
:10CCA000C600C800C800C900CA00C900CA00CA003E
:10CCB000C800C600C400C600C700C500C500C60045
:10CCC000C600C800C800C900C900C700C900CA0022
:10CCD000C800C800C600C700C700C700C600C4001F
:10CCE000C400C700C800C800C800C900C900C90006
:10CCF000C900C800C500C500C600C600C600C50002
:10CD0000C700C900C900CA00C900C900C900C900DC
:10CD1000CA00C800C600C700C700C700C600C600DA
:10CD2000C500C600C900C900C800C800C900CA00C3
:10CD3000CA00C800C700C500C500C700C600C600BD
:10CD4000C700C700C900CA00C900CA00C800C9009E
:10CD5000CB00C800C700C500C600C800C700C70098
:10CD6000C600C600C800C800C900C900C700C80086
:10CD7000CA00C900C700C500C600C700C700C70079
:10CD8000C600C600C800C800C900C900C700C80066
:10CD9000CA00C900C800C600C600C600C700C80057
:10CDA000C700C500C600C800C900C700C800C90048
:10CDB000C900C900C800C700C600C600C800C60038
:10CDC000C600C600C600C800C800C800C800C7002A
:10CDD000C800C900C800C800C700C700C800C80014
:10CDE000C700C600C600C900C900C600C700C7000A
:10CDF000C800C800C800C700C500C400C700C800FC
:10CE0000C700C700C600C800C800C800C900C800E5
:10CE1000C800CA00C800C800C700C600C800C700D4
:10CE2000C700C700C400C600C900C900C800C700C9
:10CE3000C800CA00C800C800C700C600C600C700B6
:10CE4000C700C600C400C700C800C800C700C700AC
:10CE5000C900CA00C900C900C800C700C600C80090
:10CE6000C900C800C500C600C800C900C700C70087
:10CE7000C900CA00C800C800C800C600C500C70075
:10CE8000C800C700C600C600C800C900C800C80066
:10CE9000C900C900CA00C900C900C800C600C7004F
:10CEA000C800C700C600C500C700C900C700C7004A
:10CEB000C900CA00CB00CA00C900C800C600C7002C
:10CEC000C800C700C700C600C600C800C900CA0025
:10CED000C900C900CC00CA00C800C700C700C7000D
:10CEE000C700C700C600C500C500C700C800C8000D
:10CEF000C700C700CA00C900C900C800C600C600F4
:10CF0000C700C700C700C600C600C800CA00C900E5
:10CF1000C800C900C900CA00C800C600C500C500D5
:10CF2000C600C600C600C400C500C600C800C900CF
:10CF3000C600C700C800C700C700C700C700C600BA
:10CF4000C400C600C800C400C400C600CA00CA00AD
:10CF5000C600C800C900C900C800C700C800C60094
:10CF6000C500C600C700C700C400C500C800C8008F
:10CF7000C700C600C600C800C700C600C700C6007C
:10CF8000C500C700C600C800C600C600CB00CB0065
:10CF9000CA00C900C900CB00C900C800C900C6004A
:10CFA000C600C600C600C900C600C600C900C90048
:10CFB000CA00C800C700CB00C900C800C800C6002E
:10CFC000C700C700C800CA00C700C700C900CA0020
:10CFD000CB00C900C900CC00CA00C900C800C70006
:10CFE000C800C700C700C900C700C500C600C90007
:10CFF000CA00C800C700C900CA00C900C800C800EC
:10D00000C900C700C800C900C900C700C700C900DF
:10D01000CA00C800C800C800C900C800C700C600D0
:10D02000C600C600C700C700C700C500C500C600CF
:10D03000C800C800C700C600C900C900C700C700B3
:10D04000C800C700C700C600C700C600C500C700AB
:10D05000C900C800C700C700C900C800C800C70091
:10D06000C600C600C700C700C700C500C500C50090
:10D07000C600C700C600C600C800C900C900C70076
:10D08000C600C800C700C700C700C600C500C7006B
:10D09000C800CA00C800C800C900C900C900C9004A
:10D0A000C700C700C700C800C700C600C600C70049
:10D0B000C600C700C700C700C800C900C900C90032
:10D0C000C800C800C700C700C800C700C500C60028
:10D0D000C700C900C900C900CA00CA00C900C90008
:10D0E000C800C700C700C800C700C600C500C6000A
:10D0F000C600C700C800C800C800C900C900CA00EF
:10D10000C900C800C800C700C800C800C500C600E4
:10D11000C800C800C900C800C900CA00C900C900C9
:10D12000C900C600C500C700C700C600C500C500CD
:10D13000C600C600C800C900C700C800C900C900B1
:10D14000C900C700C800C800C700C700C600C500A6
:10D15000C700C800C800C800C800C900C900C8008E
:10D16000C900C700C500C500C600C600C500C5008F
:10D17000C700C600C700C800C800C800C900C90071
:10D18000C900C700C600C700C800C700C600C50068
:10D19000C600C800C800C900C900C900C900C8004D
:10D1A000C900C800C600C500C700C600C600C6004A
:10D1B000C700C800C800C800C900C800C800CA002D
:10D1C000CA00C900C700C600C800C800C700C60022
:10D1D000C700C900C800C800CA00C900C900C8000B
:10D1E000C800C900C600C500C800C800C700C50007
:10D1F000C600C800C700C800C800C700C800C800F3
:10D20000C900CA00C800C700C700C800C800C700DE
:10D21000C600C800C800C800C800C900C900C800CE
:10D22000C900C900C700C500C500C800C800C500C6
:10D23000C500C600C700C700C700C800C800C700B7
:10D24000C900C900C800C700C600C700C700C600A3
:10D25000C500C500C800C900C800C800C900C80092
:10D26000C800C900C900C500C400C700C800C60086
:10D27000C500C600C800C700C700C800C800C80075
:10D28000C900CA00C900C700C600C700C700C8005F
:10D29000C500C400C600C800CA00C900C800C90053
:10D2A000C700C800CA00C700C500C500C700C90044
:10D2B000C600C500C600C600C800C800C700C6003A
:10D2C000C700CB00CD00C800C700C800C900CA0015
:10D2D000C900C500C500C700CA00C900C800C80011
:10D2E000C800C700C700C600C500C400C700C90009
:10D2F000CA00C600C500C700C800CA00C700C600F3
:10D30000CA00CB00CD00C900C600C600C500C800D9
:10D31000C900C600C500C600C900CA00C900C900CE
:10D32000CB00C900C900CC00C700C400C400CA00BB
:10D33000CD00C800C300C500C500C700C500C500BA
:10D34000C900CB00CC00CC00CC00CB00C700CA0089
:10D35000C900C400BF00BF00C400C900C400BF00B2
:10D36000C300C100C300C600C700C800CB00D10085
:10D37000D500D500CC00C800C900CE00CA00C60048
:10D38000C100C500C100C000C100C400C000C4008D
:10D39000CB00D100CA00D000D500D800D500CF0006
:10D3A000C800C700BA00BA00B600B400B600B700A3
:10D3B000B900BC00BD00C100C500D100DB00DD002C
:10D3C000DC00DE00DC00DA00D100C900BE00BC00D9
:10D3D000BD00C000BA00B700BB00C500CA00CC0049
:10D3E000CF00D400D400D700D600D200CC00C800B3
:10D3F000C000C000BB00B800B600B700BC00BE0053
:10D40000BD00C300CA00D200D400D700D600D300AC
:10D41000CF00CE00C600BF00BD00C400C800C500DC
:10D42000C300C700C900C900CC00D100D200D3009E
:10D43000D500D400CE00C200B800B800BB00C000C8
:10D44000BE00BB00C200C500C700C900CB00CE00B3
:10D45000CF00D200D700CF00C400C200BE00BD0084
:10D46000BB00BC00C200C100C500CA00CB00CD009B
:10D47000D000D700DD00D900D600D400CF00CA000C
:10D48000BE00B600B600BA00BD00BC00BD00C100C1
:10D49000C300C500CB00CD00CE00CF00D600DA001F
:10D4A000D200C600BD00B800B700B900BC00BC0087
:10D4B000BF00C500CC00CD00CD00D100D800DE00FB
:10D4C000E000DB00D300CD00C500BC00B700B80011
:10D4D000BA00BA00BD00C300C300C100C600CF003F
:10D4E000D500D500D500D600D100C800C000B700D7
:10D4F000B300B600BD00C000BE00BF00C600CC0037
:10D50000D000D200D400DA00DE00DE00DA00D00065
:10D51000C500BC00B700BB00BC00BA00BC00C30023
:10D52000CA00C800C600CB00CF00D200D500D4008E
:10D53000D100C900C300BE00B500B200B700BD00F5
:10D54000C200C500C900CA00CD00D000D400D6007A
:10D55000D800D700D600D000C700BB00B300B6008B
:10D56000BF00C200C200C400CB00CD00CD00CE0081
:10D57000D000D000D400D600D500C900BE00B6004F
:10D58000B400B300B600B900BE00C300CA00CC00AE
:10D59000CE00CE00D300D600DB00D800D400CE00F1
:10D5A000CA00C200B800B200B700BD00C000C3008E
:10D5B000CA00CB00CD00D000D600D500D500D500E4
:10D5C000D700D100C800BB00B400B000B300B80061
:10D5D000BA00BC00C200C600CC00CC00CD00D00018
:10D5E000D800DD00DD00D400CD00C300BB00B600D4
:10D5F000B600BB00BE00C200CB00CD00CC00CA000C
:10D60000CF00D500D800D700D700D200CD00C3008E
:10D61000BA00B200B000B600BC00BF00C200C40037
:10D62000C800CD00D000D100D300D500D800D30071
:10D63000CD00C400BA00B500B500BD00BF00BF00FA
:10D64000C500CE00D200D100CF00D300D700D80053
:10D65000D900D500CC00C300B900B600B100B200BB
:10D66000B800BF00C700CB00CB00CD00CD00D0007C
:10D67000D300D400D400D100CC00C700BC00B3005C
:10D68000AE00B500BD00C200C500CC00CF00D20086
:10D69000D300D500D500D500D700D700D100C600F3
:10D6A000BA00B600B400B700BA00BE00C200C9009C
:10D6B000CD00CF00CF00CF00D200D600D700D400DD
:10D6C000CC00C600BE00B800B000B100B700BE007C
:10D6D000C200C900CD00CE00CF00D200D700D700D5
:10D6E000D500D600D500D000C500BA00B300B30005
:10D6F000B800BD00C100C500C900CD00D000D000F9
:10D70000CF00D100D500D700D300CB00C200BB00B2
:10D71000B400B300B800BC00BE00C400CB00CE0013
:10D72000CC00CD00D200D600D600D700D400CE0069
:10D73000C600BF00B800B400B700BE00C300C800F8
:10D74000CA00CC00CD00CF00D100D200D200D3005F
:10D75000D200CD00C600BD00B400B000B500BD00D1
:10D76000BF00C300CA00CF00D000D000D100D3005A
:10D77000D300D500D500CF00C600BE00B800B4006D
:10D78000B500BB00BF00C600CB00D000D000D10068
:10D79000D200D400D300D400D200CE00C700BF0016
:10D7A000B800AF00B000B800BD00C200C800CD0096
:10D7B000CF00D000D100D500D400D500D600D300D2
:10D7C000CC00C200BB00B400B300B900BE00C20070
:10D7D000C800CD00CF00CF00D000D200D200D400CE
:10D7E000D500D100CB00C300BC00B400B100B7002D
:10D7F000BC00C000C500CB00CD00CD00CE00D200E3
:10D80000D200D100D300D200CD00C600BF00B800C6
:10D81000B400B900BF00C300C700CD00D000D000E5
:10D82000CF00D100D100D100D300D100CC00C50081
:10D83000BF00B700B200B500BB00C000C500CC00FF
:10D84000CF00CE00CE00D000D100D000D200D10059
:10D85000CE00C700C100B900B300B500BC00C100D4
:10D86000C600CC00D000D100D100D200D300D1003E
:10D87000D300D300D000C800C100B900B300B3008A
:10D88000B900BE00C200C800CD00CE00CE00CF005F
:10D89000D100D100D300D300D000C900C300BC0028
:10D8A000B500B300B900BE00C300C900CE00CF0070
:10D8B000CF00D000D300D200D300D400D200CD00DE
:10D8C000C600BF00B600B300B800BD00C100C7006D
:10D8D000CC00CE00CE00CE00D000CE00D000D100D3
:10D8E000D100CC00C500BF00B700B300B800BD0038
:10D8F000C100C700CD00CF00CF00CF00D100D000C5
:10D90000D000D100D000CC00C700C300BD00B800DB
:10D91000BB00BF00C300C700CB00CD00CD00CD00D1
:10D92000CE00CD00CD00CD00CD00CA00C700C300A1
:10D93000BE00BB00BD00C000C300C600C900CB00D4
:10D94000CC00CC00CD00CC00CB00CC00CC00CB0078
:10D95000C800C600C300BF00C000C200C500C700A9
:10D96000CA00CB00CB00CB00CB00CB00CA00CA0062
:10D97000CA00C900C800C600C400C100C100C3007D
:10D98000C500C700C900C900C900C900C900CA0054
:10D99000C900C900C900C900C800C700C600C3004B
:10D9A000C300C500C700C800C900C900C900C9003C
:10D9B000C900C900C800C800C800C800C700C70027
:10D9C000C600C500C500C500C600C700C900C90023
:10D9D000C900C900C900C900C800C800C800C70004
:10D9E000C700C700C700C600C500C600C700C80002
:10D9F000C900C900C900C800C800C800C800C700E5
:10DA0000C700C700C700C700C700C600C600C600E1
:10DA1000C700C800C900C900C900C800C900C800C3
:10DA2000C700C700C700C600C600C700C700C600C1
:10DA3000C600C800C800C800C900C900C900C800A5
:10DA4000C800C800C800C700C700C600C600C6009E
:10DA5000C700C700C700C800C800C800C900C90087
:10DA6000C800C800C800C800C700C600C600C6007D
:10DA7000C600C700C800C800C800C800C900C90067
:10DA8000C900C900C900C800C800C800C700C60056
:10DA9000C600C600C600C600C700C700C800C80050
:10DAA000C900C900C900C900C900C800C800C70032
:10DAB000C700C700C700C600C500C600C700C70032
:10DAC000C800C800C800C900C900CA00C900C80011
:10DAD000C800C800C800C700C600C600C600C6000F
:10DAE000C700C700C700C800C800C900C900C900F6
:10DAF000C800C800C800C800C700C700C600C600EC
:10DB0000C600C600C600C700C700C800C800C800DD
:10DB1000C800C900C900C800C800C800C700C800C4
:10DB2000C700C700C600C600C700C700C800C800BD
:10DB3000C800C800C900C900C900C800C800C800A2
:10DB4000C800C800C700C600C600C600C700C7009E
:10DB5000C700C700C800C800C900C900C800C80085
:10DB6000C800C800C800C700C700C600C600C6007D
:10DB7000C600C600C700C800C800C800C800C90069
:10DB8000C900C900C800C800C700C700C700C70057
:10DB9000C600C500C600C600C700C700C700C80051
:10DBA000C900C900C900C900C800C800C700C70033
:10DBB000C700C600C600C600C600C700C700C70031
:10DBC000C800C800C900C900C900C900C900C80010
:10DBD000C800C700C700C700C600C600C600C60010
:10DBE000C600C700C700C800C800C900C900CA00F5
:10DBF000CA00C900C800C900C900C800C600C500E5
:10DC0000C600C600C600C700C700C700C700C700DF
:10DC1000C900C900C900C800C800C700C700C600C5
:10DC2000C400C400C400C300C600C900C800C900C5
:10DC3000CD00CD00C700CB00CD00C800CA00D10088
:10DC4000C600C300C300CC00C400D400C900DC007F
:10DC5000CF00D000BE00AF00B300B300BA00AF00E9
:10DC6000AC00BD00AF00CA00CF00E900EB00F80037
:10DC7000F300F700E600E900D200BE00B000AA0001
:10DC800092009C009300A800AC00AE00CA00DA002D
:10DC9000E000E200E600F000E000C800D400C500AB
:10DCA000AB00B000A500B000B700BB00CD00D700AE
:10DCB000E000DD00DE00E400E100CA00D200CA009E
:10DCC000B400B300AE00BA00C000C600D800D9004E
:10DCD000DC00DB00D400D600CF00B300BA00B600F1
:10DCE0009F009D00A100B000B400BC00D100DE0088
:10DCF000E100E700E600E600E600CE00D000CC0040
:10DD0000B400A900AA00B200B100B400C500D4005C
:10DD1000DA00E000E300E600E900D600D700D60014
:10DD2000C300AF00AB00AD00A500A500B100C0006E
:10DD3000C300C900D000D500DB00CC00CF00D60066
:10DD4000CB00B900BA00BC00B800B600C100D400D6
:10DD5000D700D800E000E000E200D200CF00D300FE
:10DD6000CC00B500B700B800B400B200BB00CD00D5
:10DD7000D200D100D900D800D700C800C400C60026
:10DD8000C400AD00AE00B100B100AE00B600CB00E3
:10DD9000D400D400DF00E200E000D500CF00CF00C7
:10DDA000D100BA00BA00BB00BC00B800BC00CF0074
:10DDB000DA00D600DD00E100DB00D000C700C400BF
:10DDC000C600B000AE00B000B300AF00B200C500A6
:10DDD000D300D100D800E000D900D100C600C200B5
:10DDE000C700B400B100B500BA00BA00BD00CF0052
:10DDF000DF00DF00E400ED00E500DE00D000C7003A
:10DE0000C800B300AB00AB00AE00AD00AE00BD007B
:10DE1000CE00D300D900E800E300E000D400CB003E
:10DE2000CC00B900AE00AB00AC00AB00AA00B6005D
:10DE3000C600CE00D500E700E600E800DF00D8000D
:10DE4000D900CB00BD00B800B600B300AF00B700EA
:10DE5000C300C900CD00DC00DC00DE00D400CD0032
:10DE6000CD00C300B700B300B300B200B000B700EC
:10DE7000C300CA00CE00DC00DC00DF00D800D10007
:10DE8000CF00C800BC00B700B600B700B500BB00AB
:10DE9000C600CE00D200DF00DF00E200DB00D500CC
:10DEA000CF00CA00BC00B500B200B100B000B400A1
:10DEB000BD00C400C900D500D600DA00D600D200EB
:10DEC000CB00CA00BF00BA00B700B700B800BC0062
:10DED000C500CC00D200DB00DC00DD00D900D5009D
:10DEE000CB00C900BD00B800B500B400B600BC004E
:10DEF000C400CC00D300DB00DD00DC00D800D5007E
:10DF0000C700C400B800B100AC00AA00AD00B30067
:10DF1000BC00C600D000DB00E200E200E000E00050
:10DF2000D300CF00C300BB00B400AE00B000B4000B
:10DF3000BC00C300CE00D800E000DF00DF00E0003E
:10DF4000D300CE00C400BB00B300AC00AB00AF00F8
:10DF5000B600BC00C800D100DC00DC00DD00DF0042
:10DF6000D500CF00C700BE00B700AF00AD00B100C4
:10DF7000B700BD00CA00D200E000DE00DF00E30011
:10DF8000DB00D300CD00C400BC00B200AF00B10084
:10DF9000B500B900C400CB00DA00D900DA00DE0019
:10DFA000D700CF00CA00C200BC00B300AE00B10071
:10DFB000B500B800C300C900D900D900DA00DF00FD
:10DFC000DC00D200CF00C800C200B900B300B50029
:10DFD000B700BA00C400C900D800D900DA00DD00DB
:10DFE000DB00D000CC00C500BF00B600B000B2001E
:10DFF000B400B700C000C600D400D700D700DA00D4
:10E00000DA00CF00CB00C600C000B900B200B500F6
:10E01000B700BA00C400CA00D700DC00DD00DD0094
:10E02000DF00D400CD00C700C000B800B000B200CF
:10E03000B300B600BE00C600D200D900DB00DC0091
:10E04000DF00D400CC00C700BF00B600AF00B000B6
:10E05000B100B500BC00C600D000DA00DE00DF0071
:10E06000E400DA00D200CD00C500BB00B300B2006E
:10E07000B200B500BA00C400CD00D700DC00DC005F
:10E08000E300DB00D100CC00C400BA00B100AF0057
:10E09000AF00B100B400C000C800D300DA00DC005B
:10E0A000E300DE00D500D100CA00BF00B600B30017
:10E0B000B100B400B400C000C800D200D900DC0038
:10E0C000E200E000D600D300CC00C100B700B300EE
:10E0D000B000B200B000BC00C300CD00D400D70037
:10E0E000DE00DE00D500D200CD00C200B900B500D0
:10E0F000B200B400B200BD00C400CD00D500D9000C
:10E10000DE00E000D700D400D000C600BC00B6009E
:10E11000B400B600B200BC00C400CC00D300D700ED
:10E12000DB00DF00D600D100CE00C400BA00B3008F
:10E13000B200B400B000BA00C200CA00D100D700DB
:10E14000DB00E000D900D400D100C900BE00B60059
:10E15000B400B500B200B900C200CA00D100D800B6
:10E16000DB00E000D900D300D100C900BF00B5003A
:10E17000B200B300B000B500BF00C800CF00D700A8
:10E18000DA00E000DB00D400D200CA00C100B60013
:10E19000B300B300B100B400BE00C700CF00D80088
:10E1A000DB00E100DE00D700D500CE00C500B800DE
:10E1B000B400B300B100B100BB00C400CB00D40078
:10E1C000D700DE00DD00D600D400CF00C700BA00C3
:10E1D000B500B300B200B100BA00C300CA00D40059
:10E1E000D700DD00DF00D800D400D100C900BD0099
:10E1F000B700B300B400B100B900C200C900D2003A
:10E20000D700DC00E000D900D500D200CC00BF0070
:10E21000B800B300B300AF00B500BE00C500CF002A
:10E22000D400D900DE00DB00D500D200CD00C20052
:10E23000BB00B500B600B200B600BE00C500CE00FF
:10E24000D400D700DD00DB00D500D300CE00C40031
:10E25000BC00B500B600B200B600BD00C400CC00E2
:10E26000D400D700DC00DB00D400D100CD00C50015
:10E27000BC00B400B500B200B500BB00C300CB00C9
:10E28000D400D700DD00DE00D700D400CF00C800E6
:10E29000BF00B600B500B200B400B900C100C900AB
:10E2A000D400D600DB00DF00D800D400CF00C900C6
:10E2B000BF00B600B400B300B300B700BF00C60093
:10E2C000D100D400D900DE00D900D600D100CC00A6
:10E2D000C300B800B400B300B300B700BE00C5006F
:10E2E000D100D400D800DF00DB00D800D200CD0080
:10E2F000C500BA00B400B300B200B500BB00C20054
:10E30000CE00D200D500DC00DA00D700D200CE006B
:10E31000C700BD00B500B500B300B500BA00C0002D
:10E32000CC00D300D500DC00DC00D900D300D00045
:10E33000C900C000B600B500B400B500BA00BF0007
:10E34000C900D100D300D900DC00D900D300D0002F
:10E35000CA00C200B700B600B400B500B900BE00E4
:10E36000C800D100D300D800DB00D900D300D00012
:10E37000CA00C300B800B600B500B600BA00BF00BE
:10E38000C700D100D400D700DC00D900D400D100F0
:10E39000CB00C500B900B500B300B400B700BD00A4
:10E3A000C500D000D400D700DC00DB00D500D100D0
:10E3B000CB00C600BB00B600B400B400B600BC0081
:10E3C000C300CF00D400D600DC00DC00D700D300AF
:10E3D000CD00C800BD00B600B400B400B500BA005E
:10E3E000C000CC00D200D400DC00DC00D800D30098
:10E3F000CE00C900BF00B600B400B300B500BA003B
:10E40000BF00CA00D200D300DB00DC00DA00D50078
:10E41000D000CB00C200B900B500B300B300B80013
:10E42000BD00C800D100D300D900DC00DA00D5005F
:10E43000D100CC00C400BA00B600B400B300B700ED
:10E44000BB00C400CF00D100D800DB00DA00D5004B
:10E45000D200CD00C700BD00B800B600B400B800BF
:10E46000BB00C300CD00D000D600DB00DA00D50031
:10E47000D200CC00C800BD00B800B600B400B8009F
:10E48000BB00C200CD00D000D500DA00DA00D60013
:10E49000D300CD00C900BE00B800B600B400B7007C
:10E4A000BB00C100CB00D100D500DA00DB00D600F4
:10E4B000D300CE00CA00C000BA00B600B400B60057
:10E4C000BA00C000C900D000D400D900DB00D700DA
:10E4D000D400CE00CA00C200BA00B700B400B40035
:10E4E000B900BE00C700D000D300D900DC00D800BE
:10E4F000D500CF00CB00C200BA00B700B500B40011
:10E50000B800BD00C500CE00D200D800DC00DA00A3
:10E51000D600D100CD00C500BC00B700B400B200E9
:10E52000B600BC00C200CC00D100D700DC00DA008D
:10E53000D700D200CE00C700BE00B900B600B300BD
:10E54000B600BB00C100CC00D000D500DA00DA0074
:10E55000D700D300CF00C900C000BA00B700B30095
:10E56000B500BA00BF00C900CF00D500DA00DB005B
:10E57000D700D400CF00CA00C200BB00B800B4006E
:10E58000B500BA00BE00C700CD00D200D800DA0046
:10E59000D700D500D000CB00C400BC00B700B0004D
:10E5A000AD00B500B600CB00CA00D400DE00DE002E
:10E5B000DF00DB00D200D400CB00C700BE00B800F3
:10E5C000B800BD00B900BE00C100C000C800D10045
:10E5D000D700E500E900E300D900C700B700A700B5
:10E5E000A800A400A0009700B000B800CE00DE0094
:10E5F000EC00FD00FC00E700DE00D100BE00B90029
:10E60000A0009200AB00B100CE00DD00DE000001F2
:10E61000F400D400CD00C000AE00B0009B00940018
:10E62000A900AA00BF00CA00DB00F400EF00E4006C
:10E63000D200CF00C900B100A200A700B300AC0017
:10E64000B100B500CF00E000DA00DE00D500D60052
:10E65000E300D100D000E800E600D400CD00C60001
:10E66000C900D000B700AC00C300B700B200AE00D4
:10E67000BD00D100CC00CC00C400C800C900C2005D
:10E68000B100A900B400BC00B600B300DC00ED008E
:10E69000E400E600DE00DC00E100C500A800B900EF
:10E6A000B100A900A700B100D900E300E100E20039
:10E6B000F100EE00E900D100BF00C200B700A100E8
:10E6C0009800B500C700C000C800CB00D200DD0034
:10E6D000D400B800C500C100B500AB00A800C4005C
:10E6E000CD00C100C100CF00D100DE00D500C500C3
:10E6F000D900D900C800B900D300E300D800CE008B
:10E70000CA00CD00D100CA00B200C100C900BD00DE
:10E71000BB00B900D900E000D000CA00CB00C100A6
:10E72000C200B7009C00AB00B500AA00A800C10061
:10E73000DD00E300DD00D900E300E300DA00BC0007
:10E74000BE00BE00B500AA00A500CF00E100DA00BF
:10E75000D800E600E700E400E000BC00C400C2000E
:10E76000A9009900A700C100C600C300C600D700D9
:10E77000DD00DE00D100C700C900C300B0009E006C
:10E78000B800C300BD00B600C200CE00D800E10052
:10E79000C900D800E300D000BD00C400DA00D400F6
:10E7A000C600B900C400C700C300C200BF00CB0050
:10E7B000D000C800BD00D700E400DC00CC00C800D9
:10E7C000C600C000C000A400A600B400AF00A900AD
:10E7D000B400D700E300E000D100DE00E200D30087
:10E7E000CC00B900B900BC00B000A600C500E10033
:10E7F000E000DC00E000E600E300DF00C500BA0056
:10E80000BA00AD009B009C00B800C700CB00C5005B
:10E81000D800E300DF00E000CC00C700CA00BA0067
:10E82000A000B100C200C200BE00BC00CD00D900F3
:10E83000DB00CE00CE00D600CC00BD00B600CC0080
:10E84000D300CD00BD00C700CE00C900CF00C80076
:10E85000C800D200CC00BA00C800D900D800CE0051
:10E86000BE00C200C400BE00B000AE00B700BC00D5
:10E87000B800B300D200E500E400D400D900DD0008
:10E88000CF00CA00B600AF00B500AF00A100B500D0
:10E89000D300DE00E300DD00E600EA00E400D30080
:10E8A000C500BF00B800AA009900B000C500CC00A8
:10E8B000C800D000DD00DD00DF00CC00C400C700D0
:10E8C000BA00A400A500BA00C100C400BE00CC007C
:10E8D000DD00DF00D800D500D600D100C600B100B1
:10E8E000BE00CA00CA00BE00C000C700C800D200F7
:10E8F000C800C800D200D000C200BD00D300D900BB
:10E90000D600C300C500CA00C600BC00B500BA00EE
:10E91000BF00BE00B100C300DC00DD00D500D200A6
:10E92000D200CB00CC00B600AF00B500B300AB0006
:10E93000AE00CB00DE00E700DF00E200E800E2000E
:10E94000D700C400BD00B700B1009C00A700C30001
:10E95000CE00D100D400DC00E000E600D100C7000A
:10E96000C900BB00AD009D00AF00BE00C400BD00EB
:10E97000C700D700DA00DD00D300D200D100CB0001
:10E98000B600B400C800C800C300BF00C300C70081
:10E99000D500CC00C800D100D100CA00BA00C80020
:10E9A000D800D600C600C300C900C400C500B80026
:10E9B000BA00C300C500B900BB00D600DB00D80018
:10E9C000D200CD00CB00CE00BE00B000B500B50037
:10E9D000B400AC00BE00D800E200DC00DC00E200C5
:10E9E000DC00DB00C700BB00BA00B600A600A20036
:10E9F000BE00CF00D600D600DB00E200E700DB005F
:10EA0000CB00C700BF00B4009F00A400BA00C20042
:10EA1000BE00C600D400D600E200D900CF00D1006D
:10EA2000CD00BC00AD00BC00C400C500C000C100EA
:10EA3000C900D400D500CE00D000D400D200BE0062
:10EA4000BD00D100D300C600C000C400BF00C60096
:10EA5000BF00BA00C300C900C200BB00CD00D9008E
:10EA6000DD00D500CD00CE00CA00C400B700B20062
:10EA7000B500BB00B000B500D000DF00DC00D9005D
:10EA8000DF00DC00DC00CE00BD00BA00B900AF0042
:10EA9000A200B400CA00D900D600D800E200E1000C
:10EAA000DE00D200C500BF00BB00A5009F00B4007F
:10EAB000BF00C000C500D200D500E000E000D300D8
:10EAC000CE00CC00C500AA00AF00C900CF00BC003A
:10EAD000BB00C400C500CD00C400C000CA00D00007
:10EAE000C100BC00D400D500DD00D500E100D3009A
:10EAF000DE00E000D100CE00D300D200BF00BA009B
:10EB0000BF00C700BD00A90097009600A300A100A8
:10EB10009900BB00C500C1009F00E300E100EA00CE
:10EB2000E300FC00FF00F300C700CE00B200C80005
:10EB3000C800BE0081009200C500D4009D00B9004D
:10EB4000C000BC00CB00D1009800B600BF00D500CB
:10EB5000BA00BF00E000AD00F0000201FB00CE00F3
:10EB6000D8000A01C700C500D800A8009800C60058
:10EB7000D600A1009200BB00B3009F00C100AB0013
:10EB80008F008D00CD00A700BE00D900C300CA00D1
:10EB9000F3000201D500E500E500E400D500FB002C
:10EBA000EA00D7000401F600D100A100CD00B600B4
:10EBB000B700C100D100A900A100DB00B800B60079
:10EBC000D700D400BE00C900DF00B300B100C3000D
:10EBD000A8008B008C0093009C00C200E500DF00C1
:10EBE000D800FE000001ED00E600DF00C3009F003A
:10EBF000D700C700C100DC00E600D500C300EF006D
:10EC0000BC00BC00CC00D100BF00A600A600A30041
:10EC1000AE00C0009C008900C000D600D700DC0018
:10EC2000EB00CB00AE00D800C500AC00BD00DB009F
:10EC3000BF00BF00F800DD00D100F300F900E300E1
:10EC4000B100CC00CA00D400F300D700BB00B6006E
:10EC5000DE00BF00A500A6009B009500B200C30027
:10EC6000BA00C900E600C300AF00D500AE00A600A0
:10EC7000B600DA00CC00A700D000CA00E200F8001D
:10EC8000F100D400C8000801FE00DC00E500CE0061
:10EC9000BE00B000BF009E00A200D200BC00C000B9
:10ECA000DC00DF00CD00CA00DA00BA008100970066
:10ECB0009100AC00CA00D400BB00AA00F400DF0041
:10ECC000D500C700CF00C300BB00E500BE00C900EF
:10ECD000E200D200C000C800D500D200CF00F7008B
:10ECE000E700C500C800C900D400CF00E000A800BC
:10ECF0009300C600CC00C600B100CC00BA00A8004A
:10ED0000C600A900B300CC00CD00CF00C100DD00DB
:10ED1000C800BF00CC00BA009B009A00B800C90030
:10ED2000E6000201DF00CE00EE00F200E100BA00D2
:10ED3000D500B800A700CC00B400C000CD00E200B0
:10ED4000C800BA00D400C800C300CE00D500B0008F
:10ED50009500B100AB00AF00C300A700A800C00041
:10ED6000F000ED00D800F100D700C000C300B600ED
:10ED7000B400BC00DA00D200C200E000E000DF0016
:10ED8000D900E600C100A700C500C100D900DB0022
:10ED9000C500B000AF00CB00B900A300C000B700B1
:10EDA000B000C500CD00C800D500EE00CE00B9000F
:10EDB000BF00CB00BE00C300E500C500AB00CC0027
:10EDC000CF00D700DA00D500CC00C300F300E90083
:10EDD000D100D000C900B0009D00A800A600C1006D
:10EDE000DA00DB00D000D700E400D600CA00D6006D
:10EDF000AD008D009E00A500BE00C300CD00C60082
:10EE0000C300E500E500CB00D400DA00CD00C1006E
:10EE1000CC00C100CC00DA00C700B500AE00D500C0
:10EE2000CD00D600F500DD00BD00C000C700C10068
:10EE3000C200BC00B700A300CD00D600C200C400D1
:10EE4000D500CB00AB00B900B400C700D300D90097
:10EE5000CB00BB00D500CC00C600D000BB00AB008F
:10EE6000B200C600DE00E800EE00E200CD00DA00ED
:10EE7000DE00B700B400C300BA00A500B300B500BF
:10EE8000C400D800D500CD00B000DC00D400D20012
:10EE9000E200CD00B500A200B400B000B900C0008F
:10EEA000C900BD00D900F500DD00D500E600DB009B
:10EEB000AD00AD00A500B300BD00CF00CA00B20098
:10EEC000DD00DD00DA00DD00D000C400AF00C200CC
:10EED000CE00D100D200C800B900B600CE00B40008
:10EEE000B800D400D300C800C600C700CC00D500CD
:10EEF000D800C8009F00C400C500C300CE00CC00ED
:10EF0000C900AF00C900C700D200CE00D600CD00B6
:10EF1000C700EC00CE00C400D100C900AC009D00C9
:10EF2000A800BA00C900E900E500C900DE00E6005B
:10EF3000D800C900C300B7009A00AA00BA00C500F3
:10EF4000C600D500D300C000E700CE00CB00D7003C
:10EF5000D500CE00AD00B900BB00CD00DA00D40072
:10EF6000A700C100B400B900BA00CC00C100C200C3
:10EF7000BB00AB00B600A000C400D400D7001A014B
:10EF800012010501F5000B01D600B600B400A9007E
:10EF9000A700C400A40095009D00920097009F0068
:10EFA000B300D300E800EF00FB000E01EB00E5002A
:10EFB000DB00B400B500D100A2009F00BF008900B3
:10EFC0008800AB00AE00CB00F500F900F1000901AC
:10EFD000F500DE00E400CD00AC00CF00AD00AA00DB
:10EFE000CE009900A700B900A900C100EB00E9001C
:10EFF000E0000401DD00B600BE00A8008900BA00F0
:10F00000AC00A100C900AD00A700C500BC00CD0048
:10F01000F300F700F2000F01F400D100DE00C000A1
:10F020009500B600AB009700C600AF009F00BA0085
:10F03000BF00CC00F1000201F4000B010901DA006D
:10F04000E200C8009F00AC0099008000A700940077
:10F050008700A400AC00AF00D600ED00ED00110168
:10F060001701E100EC00E000BA00C000BA00940013
:10F07000B400AC009600A900B000AF00D300EA00D5
:10F08000E80002011701E300EC00E100BB00BC0056
:10F09000C0009A00AE00AA008C009600A500A00057
:10F0A000BE00DA00D800F0001501E300E700E3003D
:10F0B000C300BF00C600A300B100B50099009D00C9
:10F0C000B400A700BF00E300E700FA002101F3004D
:10F0D000F100ED00D200C600C900A800A700AD00F5
:10F0E00094008F00A6009800B100D400D900E4007D
:10F0F0001601F000ED00EC00D100BC00C400AA0035
:10F10000A100AD0098008B00A7009F00B200D200C4
:10F11000DD00E60021010401F900F700E100CB0069
:10F12000D400BC00A900B3009F008800A60097008F
:10F13000A000C500D600D4000D01FC00EF00EF00D8
:10F14000E100CA00CD00BD00AB00B600A7008900F9
:10F15000A40099009C00C000D000C600FB00FB008A
:10F16000ED00EE00E600CF00D300D300BE00C600E5
:10F17000BD009600AE00A600A200BF00D200C600EF
:10F18000F300F500E400E000D900C200C400C700AD
:10F19000B000BA00C0009800AE00AA009F00BA00FC
:10F1A000D600CB00F000FB00EB00E300E100C9005B
:10F1B000C200C600B000B700C4009C00AC00AE00A6
:10F1C000A100BA00D900CD00EE000001F400E90072
:10F1D000E900D100C400CD00B800B300C20099001E
:10F1E000A200A8009A00AB00CA00C300DC00F8002F
:10F1F000F100E400E800D200C500D200BC00B50078
:10F20000CB00A800A900B200A100A900CB00CB0050
:10F21000D900F600F300E400E700D600C200CD00FC
:10F22000BA00B100C900AD00A700B800A800AD0049
:10F23000CE00D000D500F400F500E300E200D300DA
:10F24000B600C100B300A500BB00AB00A000B50034
:10F25000AD00AE00CD00DA00DC00FD00FE00EB00EA
:10F26000E900DB00BE00C800BB00A800BB00B30083
:10F270009F00B200AB00A900C400D900D800F6007E
:10F28000FD00EC00E600DF00BD00C200B900A500F3
:10F29000B400B3009A00AE00AC00A700BE00D800D6
:10F2A000D200EE00FF00EF00E700E400C100C20062
:10F2B000C000AC00B500BA00A000B000B200AD00C4
:10F2C000BB00DA00D300ED000001F000E700E7002A
:10F2D000C600C300C100AC00AE00BA009F00A7008A
:10F2E000AC00A600AC00D200CE00E200FD00F400AD
:10F2F000E900EE00CD00C400C400AF00AD00BD00C9
:10F30000A200A500AD00AB00A900D300D100E00031
:10F310000001FA00EC00F300D500C800C900B700F6
:10F32000AC00BD00A2009F00AA00AD009C00CE0072
:10F33000CE00D700FB00F800E800F200DA00C600BB
:10F34000C700B600AC00B900A8009F00A800AB0041
:10F350009C00C600CB00D400FA00FD00EC00F900D0
:10F36000E500CD00CD00C000AB00BC00AD009C00AE
:10F37000A500AF009A00C000CD00CE00F000FF0055
:10F38000EC00F400E500CB00C900C300AA00B60001
:10F39000AE009F00A400B2009B00BA00CC00CD00DC
:10F3A000EB00FC00ED00F100E700CB00C900C70056
:10F3B000AE00B900B900A400A800B8009D00B400D8
:10F3C000CD00CB00E400FB00ED00EF00ED00D1002C
:10F3D000C800C900B000B500B900A300A100B60084
:10F3E000A000AE00C800C400DA00F500EE00ED0099
:10F3F000F000D400C800CD00B500B500BE00AA00E2
:10F40000A400BB00A600AB00C800C500D600F400F5
:10F41000EF00E900F000D700C800CF00BB00B50046
:10F42000C200AF00A200B700A600A300C300C30043
:10F43000CF00EC00F000E700F200DC00C700CE00D7
:10F44000BF00B400C200B000A100B300AA00A20037
:10F45000C200C400CE00EC00F500E800F400E300B8
:10F46000C900CF00C200B000C000B400A100B400C9
:10F47000B100A000BC00C300CA00E500F300E40036
:10F48000EF00E400C900CE00C500B000C100B90023
:10F49000A400B000B400A000B900C500C700DE00A1
:10F4A000F500E700F300EC00CC00CB00C800B10091
:10F4B000BE00B900A200AB00B400A200B800C900B1
:10F4C000CB00DE00F700E800ED00ED00CC00C60048
:10F4D000C600AC00B600B900A700AB00BB00A60098
:10F4E000B400C900CC00DB00F600E800E900EE0043
:10F4F000D100C800CB00B000B800BB00AA00A80033
:10F50000BA00A800B000C600C800D100F300EC00AB
:10F51000EA00F300D600C500CB00B200B500BB0086
:10F52000AB00A300B600A900AC00C400C900CF0026
:10F53000EF00EC00E700F300DD00C900D100B700E8
:10F54000B400BE00B500A700BA00AE00A900BF001D
:10F55000C700CB00EB00EC00E300F000E000C900C6
:10F56000D200BC00B700BD00B500A200B300AF00E0
:10F57000A500BB00C500C400E500F000E700F300F3
:10F58000E800CA00D000BD00B400BB00B600A20075
:10F59000B100B100A600BC00CA00C800E400F2003F
:10F5A000E800F200ED00CE00D100C000B200B600CD
:10F5B000B800A300AF00B400A300B300C500C400AE
:10F5C000DF00F100E600EE00F000D100D200C6003E
:10F5D000B500B700BB00A400A900B400A700B200AA
:10F5E000C500C100D600F000EB00EF00F500D5002B
:10F5F000D100C800B600B600BD00A600A600B40049
:10F60000A500B000C700C400D500EF00EA00EA0082
:10F61000F400D900D000C900B700B000BB00AC00B6
:10F62000A600B600A800AC00C300C500CF00EB00E8
:10F63000EA00E700F300DC00D100CF00BD00B50018
:10F64000BF00B100A500B600AD00AB00BF00C30015
:10F65000C900E600EC00E800F300E100D000CF00B4
:10F66000BD00B200BD00B200A100B300AB00A80015
:10F67000BE00C400C700E200EC00E500F100E700B6
:10F68000D300D100C200B300BC00BA00A700B40090
:10F69000AE00A600B900C300C400DE00EB00E50028
:10F6A000EF00EA00D400D500CA00B700BB00BC00E0
:10F6B000A400AF00AF00A500B300BE00BE00D6009E
:10F6C000E900E800EF00EE00D700D600CB00B7005D
:10F6D000BA00BE00A600AF00B100A800B400C5008B
:10F6E000C200D400E800E800EB00F100D900D4002B
:10F6F000CB00B600B500C000A900AE00B100A70065
:10F70000AF00C200C100D200E700E900E900F1004B
:10F71000DA00D400D000BC00B400C000AA00AB00E6
:10F72000B200AB00AC00BE00BF00CC00E500ED00B5
:10F73000EB00F400DE00D600D200BE00B300C10032
:10F74000AE00A900B100AB00AB00C000C300C9000F
:10F75000DF00E800E600F200E100D600D000C000C3
:10F76000B300C200B300AC00B400AE00AA00BD00FC
:10F77000C100C600DC00E800E300F000E100D400B6
:10F78000D400C500B300BF00B700AC00B400B300A4
:10F79000A900B900C000C200D800E900E500F000EF
:10F7A000E600D700D400C800B400BE00B900AA002B
:10F7B000AF00B000A700B700C200C200D300E7004E
:10F7C000E200EF00EA00D900D400CB00B600BD0093
:10F7D000BC00AE00B000B200A800B300C000C00082
:10F7E000D000E500E100EC00EB00DB00D700D10029
:10F7F000BB00BA00BE00AD00AE00B300A700AE0073
:10F80000BC00BE00CA00E400E400EE00EF00DE0031
:10F81000D800D200BC00B900BE00AE00AB00B20000
:10F82000A900AD00C000C100C800E200E300EB0089
:10F83000F100E100D700D100BE00B600BE00B1006B
:10F84000AC00B300AA00AB00BD00C100C700E000DF
:10F85000E300E800EF00E100D700D500C300B500E9
:10F86000BE00B300AB00B300AD00A800BA00C000FA
:10F87000C400DD00E500E800F100E400D900D40098
:10F88000C500B500BD00B500AA00B200AF00A900D8
:10F89000BB00C200C200D800E200E400F000E700B4
:10F8A000D900D400C900B600BE00BA00AE00B30053
:10F8B000B100A800B700C000BF00D300E000E00026
:10F8C000EC00E600DA00D700D000B900BE00BD00B1
:10F8D000AF00B400B500A700B200BD00BD00CF006E
:10F8E000E000E100ED00E900DD00D600D100BB0042
:10F8F000BD00BE00AE00B000B400A800B200C00061
:10F90000BD00CB00DE00DF00EC00EC00DF00D70024
:10F91000D400BF00BE00C100B300B300B800AA000D
:10F92000AE00BD00BC00C400D900DB00E400E9006B
:10F93000DE00D600D900C100B900C000B400AF009D
:10F94000B900AB00AB00BB00BE00C500DC00DF00AF
:10F95000E800EE00E400D800D800C300BA00BF0001
:10F96000B400AD00B800AD00AD00BD00C000C300E4
:10F97000DB00DE00E600EC00E400D600D500C500A8
:10F98000B900BD00B500AC00B300AD00AB00B700DE
:10F99000BF00C300D800DD00E300EB00E600D800A4
:10F9A000D700C200AD00B900B900B400CD00C70057
:10F9B000B700BD00C100B900CA00CF00DB00DB000A
:10F9C000D200B600BD00CB00D500CF00DE00C600DF
:10F9D000D000C500BE00C800C300B500B500B4002B
:10F9E000B100D200E300D900D300D400B200D200AD
:10F9F000BC00C400AF00CD00A200A700A700AE006D
:10FA0000CB00E500EE00F000F800EA00EB00D400C7
:10FA1000BE00B700B100A100950095009B00B800A2
:10FA2000D100CE00E600ED000101F7000101D60093
:10FA3000D600C100A1009500A200A500AC00BD0049
:10FA4000BE00BB00D200CA00CF00DB00DA00D1004C
:10FA5000D600C300C100D100D200D300D600CE0032
:10FA6000BF00D500B700BA00AD00A900A500B700DF
:10FA7000B500CE00F400F300F500FB00DD00E5006A
:10FA8000D500C800A700AA008D00860091009D0047
:10FA9000B300DA00E600F000FE00F900F800E5002F
:10FAA000D700B600AD009C008F009100A200B90005
:10FAB000CC00D100DA00E300FF00F100FF00DC0021
:10FAC000CB00B700AC009700A800BA00BC00CA0089
:10FAD000CE00C200D200DD00CC00D500C900BC00C1
:10FAE000C100C200B500C400D000CC00D000D900D5
:10FAF000C100DC00C400BC00A700AD009C00B00049
:10FB0000B400C600EC00FC00F300F600E900E600DB
:10FB1000DB00CF00AD00A30094008B008C009B00A5
:10FB2000A900D200EE00F600060101010001E60086
:10FB3000DC00B300A1009B0090008B009A00AE0097
:10FB4000BB00D200D900DF00FD00F100F500E800A5
:10FB5000DA00C100BB00A200A400BA00BF00C600CA
:10FB6000CB00C700C500DB00C600C700C700BD0052
:10FB7000BE00CA00BF00C300DD00DF00D900E20004
:10FB8000CA00D600C600BF009E00A20090009E00E2
:10FB9000A800BA00D700F800FC00F700F500F1005B
:10FBA000E300D800BE00AB009C00930089009500E4
:10FBB000A400C100DE00EA00F900FD000F01EE0024
:10FBC000E700BF00A700A0009E008C009800B100D5
:10FBD000BA00CD00D600D400F200F400EB00E20041
:10FBE000D900BB00B900AD00A100B100C100C60042
:10FBF000CB00D700C900DC00CD00C600C300C400A4
:10FC0000BB00C900C500BF00D600DF00D400DA0089
:10FC1000D100D800C800C500A100A1009B009C0035
:10FC2000A200B500CC00EC000301FC00FA00F300D8
:10FC3000E500D300C400AC00990094008C00900053
:10FC4000A100B800D500EC00F900F7001101F500A3
:10FC5000EB00D200BA00A200A30091009000AC001B
:10FC6000BA00C200CD00CC00DF00EF00E700DA00F0
:10FC7000DD00C500BC00B600AA00AF00C900D1007D
:10FC8000CC00D900C900D300CB00C400B500BA0035
:10FC9000B200BC00C800C800D600E700E200DD00EA
:10FCA000D800DD00CD00C800AF00A4009D009A0080
:10FCB0009700AB00C400DC00F900F700F600F40088
:10FCC000F400D400C700B3009F00970098008E0096
:10FCD0009A00B300C900E200F500EE000A01FE0040
:10FCE000EE00D700C500A600A8009F009600A70060
:10FCF000BC00C000CA00D100D200E400E500D8007A
:10FD0000DD00D400C100BA00B300AB00BF00CD00DD
:10FD1000C800D100CB00D100C900C600B300BA00B2
:10FD2000B900BC00C200C900D200E400ED00DE0052
:10FD3000D500DB00D200C700B900A9009F009F00DA
:10FD40009900A500BD00D400F000F900F900ED0015
:10FD5000F700DA00CB00BD00AB0096009C009100DC
:10FD60009600AF00C000CF00E700E600FC000201F3
:10FD7000F700DB00D300B500AA00A3009C00A3009D
:10FD8000BD00C600C400CF00CD00DD00E200D900F8
:10FD9000D300D700C700BD00BE00B300BA00CB003F
:10FDA000CC00CD00CC00D400C700C800B500B30023
:10FDB000B200B800BA00C600D200DD00EC00E300DB
:10FDC000DA00DE00DE00CB00BE00B100A0009F0024
:10FDD0009A009A00AF00CC00E400F400FF00EF00AE
:10FDE000FC00E900D300BF00B6009D009E00990012
:10FDF0009100A500B900C700DB00E400EF00FC00A3
:10FE0000FB00DF00D900C500B000A500A1009E00E6
:10FE1000B200C500C100CD00CE00DC00DF00E20072
:10FE2000D500D600D000BF00B600B300B000C400BB
:10FE3000CD00CB00C400D600CC00C900BB00B4008C
:10FE40009C00B700B300C900DB00DB00DA00FB0058
:10FE5000D400DB00E000EA00CC00B600A800C3003C
:10FE6000A1009700A400D000EE00CD000301DB004C
:10FE7000FC00E900E200B100C200A000BC009D004F
:10FE80008D009D00A900BD00B300B100CD00E400CD
:10FE90000E01F8000301FB00DF00DD00B900AA003D
:10FEA000C400CD00BD00C500BF00BF00DB00F800EE
:10FEB000D800F700E6009C00AF00C5009500650083
:10FEC0000A0104017200C5001901A3005D00FD00D4
:10FED0009C0047005900C700BA00C3000D0138015B
:10FEE000F900DF001201F900E200E700F100B000C4
:10FEF000A300B000B900A600DC000801E900A400DE
:10FF0000B000E0008A008700DB00B7004D008500EC
:10FF1000DD00940085001001E700B800C90033013E
:10FF20002701F5002901F000DE00AB00BC00B9009C
:10FF3000A900B700B100C300AE00D600DC00B100DC
:10FF40009F00DB00B00098009200C1007500940093
:10FF5000F000E000A900D6002201EB00A900E300B8
:10FF6000C40085009600FA00FB00E20028010301AE
:10FF7000F000E600FD00F600AC00A4007F00960053
:10FF8000760094009F0091009700EC00DA00BA0020
:10FF9000D8000B01BF00A000EE00C7009400A00035
:10FFA000EF00C400AD00F300DD00BA00BD001A018F
:10FFB0001501FB000201F100C700C000C000C40031
:10FFC0008500A3009500AC009800C000D600A200F8
:10FFD000A000CF00CA00A500B100D100A4009C0081
:10FFE000FA00F300CC00D3001301FB00BF00ED00CA
:10FFF000B9009E009400D900CC00D600FD00F300AB
:020000040802F0
:10000000EA00E800FB00F100B500A1009C008D00B3
:100010007D008900A80078009800D700E200C500A4
:10002000D7000A01D900B600E700DC00AF00AD0040
:10003000D900D100AB00EE00CC00C200C300F80034
:10004000FF00E9000301DA00CB00C300CF00B100DC
:1000500092009900AD00A800A700C000E400B50020
:10006000A100D600D000AB00A500D900AA009E00D8
:10007000E700E500CE00CB00FF00F500D300E7006D
:10008000C000AB00B300C000D300C000FD00E3001F
:10009000E600DF00F000DF00AF00A400AA0095003A
:1000A0008A00A100BE00A300A000E500E700C50093
:1000B000C500F400DB00A700E300CF00BB00AC00EC
:1000C000E200C900BE00E000CD00C000C900D000C1
:1000D000E100D000F000D500CE00CE00D500D10068
:1000E000A000A400BA00AE00A100B300D900BE0079
:1000F000AF00DD00DC00B100BA00DC00CF009800EA
:10010000E000D700CF00C200E900DC00C700DE003D
:10011000BE00B100B800C400C600BA00D800DB00C1
:10012000DC00D900DB00DC00B800AE00C400A90090
:100130009E00AA00DB00BD00AE00E200E700C300A5
:10014000C400E000D500A100D600C900B500BE0083
:10015000DD00D600BA00DD00C300BE00C100C7004C
:10016000C500BA00CE00D100CE00C000D200DC0035
:10017000BC00AA00D100BE00AE00B800E200CD0075
:10018000B800EA00DC00C000BB00DF00D000A70020
:10019000CF00C700B900CB00DE00D500B900DB00FE
:1001A000C400B200BA00C200C400B400C400D3004E
:1001B000D400C500CD00DD00C300AB00D300C900F2
:1001C000A400B300E100DA00B700EF00DD00CB00CF
:1001D000C400DF00CE00AC00CD00C000B500C200FE
:1001E000DB00D800BB00D600CB00B600BC00C600C8
:1001F000C000AD00B700D500CB00BF00C200E300D7
:10020000CA00AC00D200D300A800B100DB00DA00C5
:10021000B300ED00DF00CA00C700E000D700B8005F
:10022000CD00BC00B800C400D700D500B700CE0098
:10023000CA00BB00B500C600C400B400B200DA00BA
:10024000CD00C400BE00DF00C800A500D000D30070
:10025000A700A900D700DD00B900EB00E100CE0047
:10026000CE00E100D600BB00C900BE00B400C10052
:10027000D300D900BC00CC00CC00BE00B300C70046
:10028000C300B000A800D600D200C200BE00E1004A
:10029000D300A900D400D500AB00A400D000D60044
:1002A000B100E200DF00CA00CA00E300DB00C300C7
:1002B000CB00C600B600C300D400DA00BF00C30004
:1002C000D000C400B300C400CC00B600A800D50024
:1002D000D800C100BD00DE00D100A300D200D800CC
:1002E000AD00AC00D300CE00B800DC00DF00CA00D7
:1002F000C900E100CF00C600CD00C100B900C200B6
:10030000CD00D400CB00BC00CC00CC00BF00C200AC
:10031000CB00C300B600C200DC00CD00C600E30085
:10032000D900B100D200BE009D009D00B200B60011
:10033000B200CD00DE00D400D600DF00DF00D9001F
:10034000E500E700F100EA00E800E300D200A900C0
:1003500091008A008B007B009100A000A100BA00F0
:10036000CC00CA00CE00E300EC00F6000D01140141
:100370000201F900F000D800AD009C009700880051
:100380008B009F00AC00B500B200BA00C400C500ED
:10039000D300F8000A0108010A010801FA00D90097
:1003A000C2009F007D00850088008C009300A8009B
:1003B000A600A400B700BE00C200D60007010F01CE
:1003C000190116011201FA00D800C100A5009D0014
:1003D00098009C00A300B100B400B200B800B500C2
:1003E000BA00C500ED00020109010A01FC00F40099
:1003F000D700BB009E00930096009500A200AC00C1
:10040000B600AD00B400B100B300BD00D000F700ED
:10041000FE000601FD00F500E200C000AF009D00F7
:10042000A900AC00BD00C100D000CC00C900CA00CA
:10043000C200C600CE00E800F200F400ED00E100CA
:10044000CF00B0009E008B0094009D00A900B30077
:10045000C400D000C400C900C200BE00C200D90060
:10046000F100F300F200E700D900C100A9009900F3
:100470009500A600B100C800D200E500E100DC0054
:10048000DA00D100CE00D500E600E800EA00E20084
:10049000D300C200A500930089009700A100B4001A
:1004A000C100CF00D200CF00CD00C000BF00C2000D
:1004B000D900E600ED00EB00DF00D200B900A80093
:1004C00099009F00AD00BB00CB00DA00E700DE0022
:1004D000DA00D100CA00C800D600EA00EC00EA0049
:1004E000E400D500BD00A30092008B009700A4009B
:1004F000BA00C400D300D000CD00CA00BF00C000C5
:10050000C500E200EB00F300F100E600D700BD00FB
:10051000AA009800A200A600B600C000CB00CD0043
:10052000C900CB00C200C100C900E300F200FB001B
:10053000FE00F400E300CB00B600990093009900A0
:10054000A000AF00B800C000B900BA00B700B30007
:10055000BA00CC00EF00FA000101FF00F500E10055
:10056000C600B300A000A300A400B600BB00C200F8
:10057000BE00BA00B800B000B800C100E200F70049
:1005800005010201FA00EE00D000BC00A4009F00AB
:100590009D00A500AE00B900BA00B000B700B000E1
:1005A000B100B800D200EE00F9000101FB00EE003E
:1005B000D700C500B100A400A800AC00BA00C2007A
:1005C000CD00C100BD00BB00B400B500C100E40017
:1005D000F100FB00FA00F100E100C500B100A1004C
:1005E000A200A200B400BD00C800C300BE00C0004D
:1005F000B500B500BB00D400E700F300F600EE0044
:10060000E300C700B2009D00A100A600B100C10038
:10061000CE00D500CC00CE00C600BD00BE00D0008C
:10062000E600ED00F100ED00E400CC00B800A6000B
:100630009C00A100A700B900C200CE00C800C20003
:10064000C000B900B900C200E000EA00F200F20008
:10065000EA00DA00BE00AB009A009E00A200B300E0
:10066000BF00D000D100CB00CB00C400C100C2004D
:10067000DA00E800F100F300ED00E000C700B4008C
:10068000A0009E00A300AB00B800C700CF00C500CB
:10069000C500BE00B700B600C700E100ED00F200E3
:1006A000F000E800D400BE00A8009D00A300A70051
:1006B000B500C100D000CC00C900C700C000BF0019
:1006C000C600E200EF00F600F500EE00DF00C30018
:1006D000AE009C009D00A100B000BB00C900CD0091
:1006E000C600C600C000BB00BC00CF00E300EE00A7
:1006F000F100ED00E200CC00B700A3009E00A400D2
:10070000AB00B800C400CF00C900C800C600C000DC
:10071000C000CD00E600EF00F300F200E600D600D6
:10072000BE00AB009B00A100A400B400C000D0003C
:10073000CE00C800C500BF00BC00BF00D700E50068
:10074000EC00ED00E600DC00C400B2009F00A00059
:10075000A600B300BF00CB00D200CB00C900C00090
:10076000BC00BD00CD00E300ED00F000EC00E400B3
:10077000D100BC00AB00A400A900AD00BC00C600C5
:10078000D000CC00C700C300BA00B800BF00D8003A
:10079000E300E900EA00E100D300BF00AE00A100E1
:1007A000A800AD00BA00C500D200D400CB00C7003D
:1007B000BE00BA00BA00D000E100EA00ED00EA0095
:1007C000E100C900B800A700A700AC00B500C20056
:1007D000CC00D200CC00C900C000B900B900C400F0
:1007E000D900E400EC00E900E100CF00BA00A80065
:1007F0009F00A900AD00BB00C500D200CF00CB0018
:10080000C800BE00BD00C100D900E400EA00EC0051
:10081000E500DA00C300B300A300A600AB00BB00F4
:10082000C400CE00D100CA00C600BC00BA00BB00A4
:10083000CD00DE00E700EC00E700DF00C800B500F7
:10084000A300A100A700B000BE00CA00D200CE00E5
:10085000CC00C600BE00BE00C900DD00E500EC0013
:10086000EA00E100D000BE00AD00A100A800AC008D
:10087000BA00C500D400D200CD00C800BF00BC0043
:10088000BE00D600E200E800E800E200D700C000A9
:10089000B000A200A300A700B600C200D000D5009F
:1008A000D000CF00C500C000BE00CD00DC00E800D5
:1008B000E900E400DB00C600B500A300A200AA0026
:1008C000B400C100CD00D800D400D100CA00C000DF
:1008D000BB00C200D700E000E600E500DE00CE006D
:1008E000BB00AA009E00A600AC00BA00C400D30062
:1008F000D300D000CB00C600C200C100D400E1008C
:10090000E600E700E200D700C100AF00A000A300AE
:10091000A900B600C400D200D700D200D000C700A2
:10092000C000BE00C800D800E200E600E300DC0022
:10093000CA00B700A500A000A800AF00BD00CA0013
:10094000D500D100CE00CA00C200BE00C400D8004D
:10095000E400E800E800E100D300BE00AC009F0026
:10096000A400AA00B800C400D200D600D200CD0076
:10097000C600C100BF00CF00DE00E300E400E000DD
:10098000D800C300B200A300A300AA00B400C000B6
:10099000CD00D600D300D000CA00C000BB00C60006
:1009A000DA00E200E500E600DF00CD00BB00AB00AE
:1009B000A100A700AF00BC00C800D500D600D10040
:1009C000CD00C500C100C000D100DE00E400E4009D
:1009D000DD00D300BD00AB00A000A700AC00BA0052
:1009E000C900D400D800D400D100C700C000BD00A9
:1009F000C900D700E000E400DF00D700C500B40064
:100A0000A500A400AC00B700C400D000DA00D600F6
:100A1000D100CA00C400BD00C300D400DD00E10065
:100A2000E100DC00CC00B800A8009F00A700AE00E9
:100A3000BF00C900D800DB00D400CF00C600C10051
:100A4000BE00CE00DA00DF00E100DC00D400C1000F
:100A5000B100A400A800AE00BB00C700D500DB00B9
:100A6000D400D000C700C000BB00C700D500DF0025
:100A7000E300DE00D900C700B600A500A200A80070
:100A8000B000C000CD00D900D700D400CE00C40013
:100A9000C000C300D300DD00E200E200DA00CE00B7
:100AA000BB00AB00A100A700AD00BD00C900D7008E
:100AB000DB00D500CF00C600C100BC00CB00D800D1
:100AC000E000E300DF00D700C200B100A200A600F2
:100AD000AA00B700C200CF00D900D600D300CD00D5
:100AE000C500C000C800D600DF00E200DF00D8006B
:100AF000C800B500A400A000A700B000BF00CC0053
:100B0000DB00DA00D600D100C800C100C100D0006F
:100B1000D900DF00DF00DC00D100BE00AD00A10085
:100B2000A700AD00BB00C700D500DA00D500D0009B
:100B3000CA00C300BD00C900D700DF00E100DE002D
:100B4000D500C300B100A300A300A800B400C200F8
:100B5000D100DD00DA00D700CF00C700C000C6001A
:100B6000D300DC00DF00DB00D700C900B700A8001D
:100B7000A200AA00B100BF00CD00DA00DA00D60062
:100B8000D000C700BF00BE00CC00D800DD00E000F0
:100B9000DC00D200BF00AF00A300A600AC00BA008A
:100BA000C500D400DC00D800D500CD00C600BE00D2
:100BB000C800D600DD00E000DC00D800C400B200B0
:100BC000A400A300A800B300C200D000DB00DB003B
:100BD000D700CF00C600C000C300CF00D900DE00A0
:100BE000DE00D900CC00BA00AA00A200A800AE0026
:100BF000BC00CB00D900DB00D600D300C900C30085
:100C0000BF00CC00D800DD00E000DC00D200BE0058
:100C1000AF00A100A300A900B700C300D400DE000C
:100C2000DC00D700D000C800BF00C600D200DA0048
:100C3000DD00D900D500C500B500A700A400A900BB
:100C4000B200C100CE00DB00DC00D900D200C80039
:100C5000C100C200CE00D800DD00DE00D800CD000B
:100C6000BB00AB00A100A700AD00BA00C700D600D2
:100C7000DD00DA00D600CE00C600C000CA00D400F5
:100C8000DA00DD00D900D100BE00AF00A200A40050
:100C9000AA00B800C600D400DF00DD00D800D000F4
:100CA000C800BF00C300CE00D700DC00DB00D600C8
:100CB000C900B800A900A400A900B000BE00CC0083
:100CC000D800DB00D800D300CB00C400C300CD00A7
:100CD000D700DB00DC00D700CE00BD00AE00A100D5
:100CE000A500AB00B900C500D400DE00DA00D600D4
:100CF000CF00C700C000C700D400DA00DD00DA0072
:100D0000D400C500B500A500A400A800B400C1002F
:100D1000CE00DA00DC00D800D100C900C100C40058
:100D2000CF00DA00DE00DA00D700CA00BB00AA005C
:100D3000A100A600AB00BB00C900D800DE00DB00AC
:100D4000D700CF00C800C300CE00D800DB00DD0014
:100D5000D600C900BE00B000A000A100AD00BB00DD
:100D6000C200D200DE00D900D800D100C600BC000D
:100D7000C500CC00DB00DE00D900D400C800B700FD
:100D8000AA00A400AA00B700C800CD00DB00E10063
:100D9000E100DA00D100C500C100C800D000D300D6
:100DA000D300CB00C700BA00A90098009E00A6009F
:100DB000BB00C800DB00E400ED00E800DF00CA0073
:100DC000C400C600CA00CC00D000CB00C700B700EA
:100DD000AB009700A200B300CC00DE00F200F900E7
:100DE000F900EE00DD00C800BA00B900C200C00082
:100DF000C000B300B700B200A2009D00A100B00087
:100E0000BE00CB00D700E300EB00E500D200C70036
:100E1000C400B800C200D200DA00E000E200DF0047
:100E2000D200BA00AD00AC00B600C000C500D100D1
:100E3000D800D000CF00C900C600C700D700E1002D
:100E4000DF00DB00D300C200B500AA0095009200CD
:100E500099009D00A100B700D400E000E900EB007C
:100E6000E500D700D900DE00E600E900E000DA0086
:100E7000C900B100990095009F00AB00C300D700E6
:100E8000E700EC00EB00E000D300CE00C300C3009D
:100E9000C800CB00C100BE00C000B000A500A0008B
:100EA000A800AB00B500C200CF00E000E000DC000D
:100EB000D400CC00BA00C000D400DF00E800EE008F
:100EC000EA00D500C300B200A800AF00B900BE0020
:100ED000C600D600CE00C500C700C800C400CB00C5
:100EE000D800DC00D800D600CD00C400B200A000BD
:100EF00095009C009C00A800BD00D400E000EA0022
:100F0000ED00E500D800D200D000D700E000DF00FF
:100F1000D500D200BC00A6009C00A700AF00BF0017
:100F2000D100E300E600E500DC00D000C700B90016
:100F3000B600C100C200BE00C000C600BE00BA00BC
:100F4000B400B300B000BA00C100CB00DD00E10086
:100F5000D600D000C900BA00B900CC00DE00E9001C
:100F6000EF00F300E200CC00B800A800AA00AC003B
:100F7000B000B900C400C300C200C800C700C5006B
:100F8000C900D500DD00E100E400DA00D300C400B0
:100F9000AC009B009A0098009D00AE00C800DC00E9
:100FA000E700EE00EA00E000D600D300DB00E0003E
:100FB000DE00D900D400BF00A9009D009E00A30060
:100FC000B200C500D200D900E000D800D300CF00A5
:100FD000C400B900BF00C600C300C700D000CE00E7
:100FE000C300BA00B400B100B500BD00CA00D9000A
:100FF000DF00DB00D800CD00BE00B700C600D40083
:10100000E000EB00EC00E100D100BE00AB00A60068
:10101000A800A900B300C000C700C700CC00CD00E5
:10102000CA00C700D000D500D900D800D700D4002E
:10103000CB00B600A800A0009B00A000B400C9002F
:10104000DC00EB00F200EB00E000D400CA00CC00B2
:10105000D700D400D400CD00C400AD00A400A2008D
:10106000AB00B400C500D200DB00DE00DD00D8001C
:10107000D000C000B400B700BC00BD00C700D00065
:10108000D300CD00C900BE00B500B600BD00C4004D
:10109000D300DB00DA00D600CE00C000B700BE00EF
:1010A000CD00DA00E500EC00E700DA00C600B3008E
:1010B000A900A400A300AF00B600BB00C300CC0091
:1010C000D000CE00D000D200D200D900DC00DC007D
:1010D000DA00D300BE00AF009F0099009800AA007C
:1010E000C000D400E600F100EE00E300D700CB0022
:1010F000CE00D400D200D500D200C700B600AF00A9
:10110000A800A500AB00BE00C900D200DC00DF00D3
:10111000DB00D500C700BC00B700B900BC00C500AB
:10112000D000D500D200CF00C400B900B300B40095
:10113000BF00CA00D100D700DA00D200C200BB0055
:10114000BD00C600D300E400EB00E600DB00CA00EF
:10115000BA00AC00A600A400AB00B200B800C30007
:10116000CF00D700D400D600D000D100D100D300EA
:10117000D300D300D100BD00BE00A4009A009E00A1
:10118000B000C800D600E700FA00F800F000DF0069
:10119000D200CB00CC00C400C600C100B100AC003E
:1011A000AC00A800B800C700DA00DE00CF00C7001E
:1011B000CF00DB00CA00AB009B00A9009B00BB0076
:1011C000D200F100F500FA00F300E600C8009E002E
:1011D000BE00A7009F00B400CA00F000EC00E000D1
:1011E000F100E000D300D800DB00CF00DD00BB0041
:1011F000A600A9009B0093009400AB00BA00B400C5
:10120000B000C400C100D500CC00B300CD00DC00AC
:10121000E000E300E5000D01FE00CC00CA00A400E0
:101220008E00AC00C900BF00FC002001FE00EE00F3
:10123000E800F700A700B600DA00CB00C400BA004F
:101240008A009E00A50088008300B300FE00CD0048
:10125000EF00C600C300C300A60097009300C400BF
:10126000D300E800D000A800EB00D8009000C10037
:10127000DE00C800D800D500AE00E0000F01B500C8
:10128000C500FD00EF00F600CF00DB00EF00D90045
:10129000C700CA00EC00E600FF00D8008400C500CB
:1012A000A60050008F00BD00A400B400E3009E0023
:1012B000AB00FB00BB00BD00F6000D010B01EA0016
:1012C000B4009300B5009F009200D90005012B01E6
:1012D0001901BE00DC00E10087006C00AC00B20028
:1012E0008500D30093009200E6009B008600BF00BB
:1012F000F900E300F000EA00C500E000AD008C005A
:10130000BE00D700FC000901DE00F4001501E20078
:101310009300CA00BE007900C70087008700CE0096
:10132000B30073009200E900BE00DB00D900C700E3
:10133000EF00C600B400E400F100F700E700C200CF
:10134000B200DC00D2009800F300FB00C1000501F0
:10135000D900B700D800EC009C00AE00FF00C80028
:10136000D200AC007D008D006C007500A500E0008F
:101370000A010F01F900D200F900DC008E00DC0048
:10138000E500C400E700EF00D800D600F5009F009C
:10139000A500F300D900F500E700D300BB008F00E3
:1013A000860072009900BF00D800E000BC00EE008B
:1013B000DC009A00A600B900B800AF00DC00D6003F
:1013C000CB000601BB00A600F300FF00EF00E70022
:1013D000FB00D800B700B9009E00D000D500C800BF
:1013E000C2009D00B400AD009D009900D000DF0058
:1013F000AE00E400CF00A600E100BA008700C500FF
:10140000F700CB00B500CA0097009200A2008F0041
:10141000EA0014011B011501FD00FE00E300C600F7
:101420008D00C900D5008A00CB00D400AC00C800F4
:10143000B10074009900E000BB00C600F400BC00DD
:10144000B200A3007A00A700C600E100E900EF00A7
:10145000F300FB00EB009A00C400D5009500C1002A
:10146000DD00CF00E200EF00B400B8000A01E400A4
:10147000CE00F600D500BE00A9009D00B100BD0061
:10148000C300A400A3009900A900BD009900CF00EB
:10149000F000CF00DB00F200DF00D6000001CB003F
:1014A000AC000401F700C000D000BE009D008D001C
:1014B0009B00AA00E4000E01EF00F800E200D1005A
:1014C000C7008E009900B900B300A300D400E1006A
:1014D000BC00DF00BA008400D800F600D500EC00A4
:1014E000FC00CA00A900A3008200B100E100D20004
:1014F000EB00E400E700EA00AD009000AB00AC00B8
:101500008100B300D700B900E900CE009800D900EF
:10151000FF00D300D9000001D300B700BE00A50032
:10152000C700DE00C200C000AF00B900CC00B800A8
:10153000B000D500E900B300C700DF00BB00DA004F
:10154000C9009900B600E400C500A700CE00AD00B8
:101550009300A300A400D200FB000A010101EF00E8
:10156000EC00DC00BB009B00AC00CA00AC00C40077
:10157000ED00D900DD00CC00A8009F00DC00E800F1
:10158000C500EF00D700A80098008F009800B500B4
:10159000E900DE00DD00F200EC00D600B400AA0095
:1015A000BA00A400A700CB00D300D900E100D70007
:1015B000B200EA00FF00CD00EC00E600C600B50076
:1015C000BE00B300BD00E500B500A600B500B9003F
:1015D000C300BB00C300DC00D400C000CA00D400BC
:1015E000C000CA00CA009C00CB00EE00BF00C500CE
:1015F000C800AE009500B900BB00D5001801FF007F
:10160000F100E800D800C4009F009B00A900BA00C8
:10161000B200CB00E600CA00C800C0008C00B200D7
:10162000E200D300D200E900C9009100A6009D00AD
:10163000A500E800EC00EE00F100F600E300C500B4
:10164000B900A400AD00A100AC00CD00C200D500DF
:10165000D700BC00BE00DE00DD00C700DE00D20007
:10166000AD00BE00BE00B100C500C400BB00B700A5
:10167000C400C400CB00DD00D400D900C900CE00F6
:10168000E000D000CC00CB00C900B600C900CD00FE
:10169000B200CB00C900A900B200C400C600DB0044
:1016A000E900D200C700D200CA00BA00B000B300FF
:1016B000C500C200C800CE00C900D200D300C600D9
:1016C000B200C700DC00D100D500CC00B700C200DA
:1016D000D200BF00BD00D800D600D600D600C000A2
:1016E000C200C600C000BA00AD00BC00D000D000EF
:1016F000C400C100C800CF00D800CC00C100C800A1
:10170000D700CF00BA00BC00C500CA00CA00BB00A9
:10171000B600C900CF00CD00C600C000CF00D40085
:10172000CE00C900C700C500CB00CA00BA00C00087
:10173000C700C800C200C000C400C600CE00CF0071
:10174000CA00CE00D200CF00CC00C800BF00C0004D
:10175000C300C200C500C600CA00CD00C800C30057
:10176000C700C900CF00CE00C400C200C300C30040
:10177000BF00BF00C100C600CD00CB00C800CA003A
:10178000CE00CB00C900C700C600CE00CD00C80007
:10179000C900CB00C800C900C700C500CB00CB0002
:1017A000C800C700C800C600C300C200C200C50010
:1017B000C600C700C800C800C800C700C500C400F4
:1017C000C700C700C600C900CB00C800C800C600DB
:1017D000C400C900CA00C700C800CD00CE00CE00BA
:1017E000CC00C900CA00CA00C700C500C700C900B4
:1017F000C900C400C100C200C400C400C400C500C8
:10180000C600C800C900CA00CA00CB00C900C50094
:10181000C400C400C600C700C900CA00CA00C9008D
:10182000C900CA00CA00CA00C800C700C800CA0070
:10183000C600C400C500C600C500C500C700C90079
:10184000CC00CD00C700C700C900C600C300C2005D
:10185000C200C400C700C700C800CA00CC00CA004C
:10186000C800C800CB00CA00C900C800C700C60035
:10187000C700C500C300C500C700C600C700C90037
:10188000CA00CA00C900C700C700C600C500C6001C
:10189000C700C900CB00C900C700C800C700C70007
:1018A000C700C900CA00CA00CA00C800C800C800F2
:1018B000C600C400C300C400C400C600C800CA00FB
:1018C000CA00C900C800C700C700CA00CA00C900D2
:1018D000CB00C900C700C600C600C400C600C700D0
:1018E000C700C900CD00CC00CA00C900C800C600AE
:1018F000C600C500C500C700C800C800C700C800B2
:10190000C900C700C600C600C800C700C800C7009D
:10191000C600C600C500C300C400C800CA00CA0093
:10192000C900CB00CC00CC00CA00C800C800C7006A
:10193000C700C500C500C700C800C700C500C70074
:10194000C700C700C800C700C800C900CA00C70058
:10195000C600C700C500C300C400C400C500C7005E
:10196000C900C900C900CA00C800C600C700C80035
:10197000C700C800CC00CB00CA00C900C600C60022
:10198000C800C800C700CA00CB00C900C700C50016
:10199000C300C400C400C300C400C700C800C8001E
:1019A000C700C700C900C900C800C900CA00CA00F2
:1019B000CA00C800C600C600C600C300C400C600F6
:1019C000C900CB00CB00CB00CB00CB00C900C800C6
:1019D000C700C800C800C500C400C600C700C600D4
:1019E000C600C700C700C700C700C600C800C900BE
:1019F000C800C600C700C700C600C600C700C800B0
:101A0000C900CA00C900C900CA00C900C700C8008F
:101A1000C800C900C800C700C800C800C800C60088
:101A2000C600C500C700C800C700C900CA00CA0078
:101A3000C800C600C400C400C500C400C600C7007A
:101A4000C900C800C800C800C900C900C800C90052
:101A5000CA00C900C900C700C500C500C500C40050
:101A6000C600C800CA00CB00CB00CA00CA00C9002B
:101A7000C600C500C500C600C600C500C500C70039
:101A8000C700C700C700C800C900CB00CA00C90012
:101A9000C900C800C700C600C500C600C600C70010
:101AA000C700C800C900C900C800C800C800C700F6
:101AB000C600C600C800C800C800C800C800C800EA
:101AC000C800C800C700C800C900C800C700C700D8
:101AD000C800C800C700C600C500C600C600C600D2
:101AE000C700CA00CA00C900C900C800C800C900B0
:101AF000C900C900CA00C900C700C500C400C400AD
:101B0000C400C400C600C800CA00CA00CA00CA0097
:101B1000CA00C900C800C600C700C800C800C60087
:101B2000C600C700C600C600C600C700C900CB007B
:101B3000CB00C900CA00C800C500C500C500C6006A
:101B4000C700C700C700C900C900C800C800C80056
:101B5000C800C700C600C700C800C800C800C6004B
:101B6000C700C800C800C700C800CA00CA00C90032
:101B7000C800C700C800C700C500C500C700C7002F
:101B8000C700C700C700C900C900C700C600C80019
:101B9000C800C700C700C800C900C900C700C50009
:101BA000C600C600C600C600C800CA00CA00CA00F7
:101BB000C800C900C800C700C600C600C700C800EA
:101BC000C700C600C700C700C700C700C700C800DD
:101BD000C900C900C900CA00C900C700C500C500C6
:101BE000C500C600C800C800C900CA00C800C700B8
:101BF000C600C700C800C700C700C800C900C800A9
:101C0000C800C700C800C800C700C500C700C90099
:101C1000C900C800C800C700C600C600C500C5008E
:101C2000C700C800C800C800C800C900C900C80073
:101C3000C900C900C800C800C800C800C800C70063
:101C4000C600C500C600C600C600C700C900CA005D
:101C5000CB00CA00C900C900C700C500C500C60046
:101C6000C700C700C600C600C600C600C700C8003F
:101C7000C900CB00CB00CB00CA00CA00C900C70016
:101C8000C600C500C500C600C800C800C900C8001D
:101C9000C700C600C600C600C600C600C700C80010
:101CA000C800C700C800C800C800C700C700C800F7
:101CB000C800CA00C900C900C900C800C700C600E2
:101CC000C700C700C800C800C900C900C900C800D3
:101CD000C800C700C600C600C700C800C800C700CB
:101CE000C600C500C500C500C500C600C600C700C7
:101CF000C700C800CA00CB00CA00C900C900C7009D
:101D0000C800C800C900C900C800C700C600C60096
:101D1000C700C800C900C900CB00C900C800C8007E
:101D2000C700C600C600C500C300C500C700C70085
:101D3000C800C900C800C900C700C600C700C70066
:101D4000C600C600C700C700C800C800C600C7005C
:101D5000C800C800CA00CA00CA00C900C900C5003E
:101D6000C500C600C600C600C600C700C900C9003D
:101D7000C800C800C800C800C800C700C900CB0020
:101D8000C900C600C700C700C500C400C600C60021
:101D9000C700C900C800C900CA00CA00C900C700FE
:101DA000C800C800C700C700C700C800C800C700F7
:101DB000C600C600C800C800C800C900C900CA00E3
:101DC000C800C700C700C600C600C500C500C800DF
:101DD000C900C800C700C900C900C800C800C700C2
:101DE000C700C700C700C700C800CA00C900C700B5
:101DF000C700C700C800C800CA00CA00C800C800A1
:101E0000C600C300C400C600C600C600C800C800A3
:101E1000C800C800C800C900C900C800C700C80081
:101E2000C900CA00C900C700C700C600C500C50078
:101E3000C600C700C800C900C800C900CA00C90060
:101E4000C700C700C700C800C700C700C700C6005A
:101E5000C600C500C500C600C800C800C800CA004A
:101E6000C900C800C800C700C700C700C700C60037
:101E7000C700C900C900C800C900C900C800C70020
:101E8000C700C600C600C700C700C700C700C8001B
:101E9000C800C600C600C700C800C900CA00CA0002
:101EA000C900C900C600C500C600C700C600C800FA
:101EB000C900C900C900C900C800C800C700C700E0
:101EC000C800C800C900C800C700C700C600C600D7
:101ED000C500C600C600C600C900C900C800CA00C7
:101EE000CA00C700C700C800C700C800C900C800B2
:101EF000C800C700C700C600C700C900CA00CA00A2
:101F0000C900C900C800C700C800C700C600C60095
:101F1000C500C500C600C800C800C900C900C80087
:101F2000C800C700C700C700C700C700C800C80076
:101F3000C800C800C700C700C800C800C800CA0061
:101F4000CA00C900C900C800C600C500C600C50057
:101F5000C500C800C800C800C800C800C700C70046
:101F6000C700C700C700C900C900C800C600C60036
:101F7000C600C400C500C700C700C900CA00C90028
:101F8000C900CA00C900C700C700C700C700C80011
:101F9000C800C700C600C600C500C600C700C8000C
:101FA000C900C800C900C900C700C700C800C700F1
:101FB000C600C700C600C600C800C800C800C900E7
:101FC000CA00C900C800C800C700C600C700C700D3
:101FD000C700C800C900C800C700C700C800C800C3
:101FE000C900CA00C900C700C700C600C500C600B6
:101FF000C600C600C700C900C900C900CA00C900A0
:10200000C800C800C700C700C800C900C800C70092
:10201000C700C700C600C600C700C900CA00CC0080
:10202000CB00CA00C900C800C600C500C600C60073
:10203000C600C600C600C400C500C500C700C80071
:10204000CA00CA00C800C800C600C400C400C3005B
:10205000C500C600C500C700CC00CD00CB00CC0039
:10206000CC00CA00C900D200C700BF00BE00CD002E
:10207000C600C700CD00E800CD00CC00C600B60009
:10208000A900AE00C000AE00A400BC00B200C300B6
:10209000C900E300E900FD00F700FB00EB00EF00E2
:1020A000D600BF00AD00A9008F009A009500A400E3
:1020B000AA00A900C500D800DE00DF00EA00F10098
:1020C000E400CE00D900C900AE00B000A400AC000E
:1020D000B200B700CB00D500DB00D900DE00E6007F
:1020E000E300CE00D500CD00B900B400B000B900C7
:1020F000BA00C200D300D500DA00DD00D900DA0052
:10210000D200B400BA00B800A0009D00A300AD004A
:10211000AF00B700CD00DB00E100E700EA00EB0014
:10212000E800D300D300CE00B700A800AA00B10099
:10213000B000B400C400D100D200DA00E200E60032
:10214000EB00DC00DA00D800C500AE00AD00B00046
:10215000A600A400AF00BF00C000C400CD00D100A5
:10216000D800CE00D100D900D100BF00BE00BB0016
:10217000B500B500BE00D100D600D500DD00E000FE
:10218000DF00D300D400D500CD00B600B900B900FF
:10219000B400B100B800CA00CF00CD00DA00DD0005
:1021A000DB00CF00C700C500C400AD00AE00B0002A
:1021B000AE00AA00B400C600D200D500DF00E300E4
:1021C000DF00D800D300D200D300BA00BA00B900B3
:1021D000B800B600BE00CF00D900D300DA00E2009C
:1021E000DC00D300CE00C800C700B200AD00AD00D7
:1021F000B000AF00B000C000D000D000D700E000B9
:10220000D700D200C900C400C900BB00B800B800A4
:10221000B700B400B800CB00DA00DF00E500ED0045
:10222000E500E000D400CB00CC00B700AD00AD006D
:10223000AD00AC00AD00BA00C700CE00D600E4008F
:10224000E300E500DA00D000CB00BC00B100AC0038
:10225000AC00AA00A800B300C200CB00D400E80084
:10226000E600E800E200DD00DA00CF00C200B900BD
:10227000B500B200AD00B600C300C800CD00D80064
:10228000D800DC00D600D100CE00C600B800B400F3
:10229000B100B000B100B700BF00C800D000DB0043
:1022A000DB00DF00D700D100CE00C800C000BE00B8
:1022B000BA00B700B400B900C200CC00D200E00000
:1022C000E000E100DD00D700CE00CB00BE00B6008C
:1022D000B100B000AF00B300BB00BF00C600D20029
:1022E000D400D900DC00DA00D000CC00C000BB0074
:1022F000B700B400B500BA00C100C900D100DA00CF
:10230000DD00DF00DC00D800CF00CC00C100BC0045
:10231000B500B100B300B800C000C900D300DA00B6
:10232000DC00DA00D900D800CB00C700BB00B40045
:10233000AD00A900AB00B200BB00C200CC00D900C8
:10234000E100E000E100E100D400CF00C500BE00E4
:10235000B800B400B200B400B800BE00CA00D40097
:10236000DF00DE00E000E100D500D000C600BF00C5
:10237000B500AA00AC00B100B500BB00C600CD009E
:10238000D800D800DA00E100DB00D300CA00C000AA
:10239000B800AE00AC00B000B500BB00C600D00075
:1023A000DF00DE00E100E500DB00D400D000C60065
:1023B000BE00B300AD00AF00B200B600C300CC0059
:1023C000DA00D800D900DE00DA00D100CC00C50068
:1023D000BE00B300AD00AF00B200B700C200C6003F
:1023E000D700D900DB00E000DE00D200CE00C9003B
:1023F000C200BA00B600B800B700B700C100C700FD
:10240000D500D800DA00DF00DF00D300CE00C8001E
:10241000C200B700AE00B000B400B600BE00C500F8
:10242000D000D300D400D800DC00D400D100CB0011
:10243000C200BA00B200B300B400B600BF00C800CA
:10244000D400DA00DD00DF00E200D600CF00CC00CF
:10245000C500BA00B300B200B100B200B900C300B9
:10246000D000DA00DB00DB00E000D600CF00CA00BD
:10247000C200B800B100AF00AF00B200B800C400A5
:10248000CD00D600DC00E000E500DD00D400CE0089
:10249000C600BC00B400B400B600B600B700C2006D
:1024A000CA00D400D900DB00E200DD00D400CE0079
:1024B000C600BC00B200AE00AC00AF00B300BF006D
:1024C000C700D100D700D900E000DD00D700D6005A
:1024D000CF00C200B700B300B000B200B100BD0031
:1024E000C600D000D700DB00E200E100D800D20037
:1024F000CD00C500BC00B700B400B400B200BB0002
:10250000C100C900D100D500D800D800D300D00048
:10251000CD00C600BF00BB00B900BA00B800BF00C4
:10252000C400C900CE00D100D600D800D300D1002D
:10253000CE00C700C100BE00BD00BF00BD00C0008E
:10254000C300C800CB00CD00D000D200D000CD0029
:10255000CC00C700C300C000BE00BE00BC00C0006D
:10256000C500C800CA00CD00CE00D100CF00CD000C
:10257000CD00CB00C600C200C100C100BF00C20038
:10258000C400C700C900CC00CD00CF00CE00CC00F5
:10259000CB00C900C700C300C200C200C100C20016
:1025A000C300C600C900CC00CD00CE00CD00CC00D9
:1025B000CB00C900C600C400C300C300C200C300F2
:1025C000C400C700C800CA00CA00CD00CD00CC00BE
:1025D000CB00CA00C800C500C400C300C300C300CC
:1025E000C500C600C700C900C900CA00CB00CB00A7
:1025F000CA00CA00C900C700C600C500C400C400A4
:10260000C500C600C700C800C900CA00CA00CA0089
:10261000C900C900C900C700C500C500C500C50084
:10262000C500C600C700C900C900CA00CA00CB0067
:10263000CA00C900C900C800C600C600C500C50060
:10264000C500C500C600C700C800C900CA00CB004D
:10265000CA00CA00C900C800C700C600C600C5003D
:10266000C500C600C600C700C700C700C900C90032
:10267000CA00CA00CA00CA00C900C700C600C60016
:10268000C600C600C600C700C800C800C800C80011
:10269000C800C800C800C800C800C700C700C600FE
:1026A000C600C600C600C700C700C800C800C900F1
:1026B000C900C900C900C900C800C600C600C600DC
:1026C000C600C600C600C700C700C800C900C900D0
:1026D000CA00C900C900C900C800C800C700C600B8
:1026E000C600C500C600C600C600C700C800C900B5
:1026F000C900C900C900C900C800C700C600C6009B
:10270000C600C600C600C700C700C800C800C90090
:10271000C900C900C900C900C900C800C700C60077
:10272000C500C500C600C600C700C700C800C90074
:10273000C900C900C900C800C800C700C700C70059
:10274000C600C600C600C600C700C700C800C90052
:10275000C900CA00CA00C900C900C800C700C60035
:10276000C500C500C500C600C600C700C800C80037
:10277000C900C900C900C900C900C800C700C70016
:10278000C600C500C500C600C600C600C700C90017
:10279000C900CA00CA00CA00C900C800C700C700F3
:1027A000C600C600C600C600C700C700C800C800F3
:1027B000C900C900C900C900C900C800C700C700D6
:1027C000C600C500C500C500C600C700C800C900D6
:1027D000C900CA00C900C900C800C800C700C700B6
:1027E000C700C600C600C600C600C600C700C800B5
:1027F000C900C900CA00CA00CA00C900C800C70091
:10280000C600C500C500C600C600C600C700C70098
:10281000C800C900C900C900C900C800C800C70075
:10282000C700C600C600C500C600C600C700C80075
:10283000C900C900CA00CA00CA00C900C800C70050
:10284000C600C500C500C500C600C600C700C80058
:10285000C900C900C900C900CA00C900C800C80031
:10286000C700C600C500C500C500C500C600C7003A
:10287000C800C900CA00CA00CA00C900C800C80010
:10288000C700C700C600C600C600C600C600C70015
:10289000C800C800C900C900C900C900C900C800F3
:1028A000C700C600C500C500C600C600C700C800F6
:1028B000C900C900C900CA00C900C900C900C700D1
:1028C000C700C600C600C600C500C600C600C700D7
:1028D000C800C900CA00CA00CA00CA00C900C800AE
:1028E000C700C600C500C500C500C600C700C700B8
:1028F000C800C900C900C900C900C900C900C80092
:10290000C800C700C600C500C500C600C600C70095
:10291000C800C900C900CA00CA00C900C900C8006F
:10292000C700C600C600C600C600C600C600C70075
:10293000C700C800C900C900CA00CA00C900C90050
:10294000C800C700C600C500C500C500C600C70056
:10295000C800C900C900C900CA00C900C900C9002F
:10296000C800C700C600C600C600C600C600C60034
:10297000C700C700C800C900C900CA00C900C90013
:10298000C800C700C600C500C600C600C600C70014
:10299000C800C800C800C900C900C900C900C900F2
:1029A000C800C700C700C600C600C600C600C600F3
:1029B000C700C700C800C900C900C900C900C800D5
:1029C000C800C700C700C900CE00E500E000DA007B
:1029D000DB00B400A9009D009100AF00B400BE0070
:1029E000B400C000B200BE00C900DA00E700060172
:1029F0000B010A010501FE00DD00D900AE00B800A0
:102A0000A3009D008C00970089008C009400A30017
:102A1000B500E000EE00FF0013011101EC00F3002F
:102A2000C900C000C000B200A600AA009D0093002B
:102A30009F00A800AF00D400E600F70002010801E3
:102A4000E800F000D400C600C600C300B500BC001A
:102A5000B900A600AB00B300AD00C800D900E20089
:102A6000EA00F000CE00D300BA00A400A500AF0039
:102A7000A800B100B700A500AD00BA00B900D500AC
:102A8000EB00F400FB000901E800E500CE00BA000D
:102A9000AD00B200A800A800B000A100A600B800D8
:102AA000B600D100E900F800FE001101F600F100C7
:102AB000DB00C500AF00A9009A009600A0009200BC
:102AC0008F00A300A000B700CF00E100F4001101C7
:102AD000FF00FD00EE00DC00C400C200B400A7004F
:102AE000B100A3009900AB00A600B600CE00DF0045
:102AF000EC000801FE00F800ED00DF00C600C20097
:102B0000B600A500AD00A0009000A1009D00A900A6
:102B1000BF00D100DB00F900F400EE00E700DE00AA
:102B2000C600C200BB00A800B200A9009800A8001F
:102B3000A700B000C700DC00E50002010301FB00B4
:102B4000F300EB00D200C900C300AB00B000A80046
:102B500093009F009D00A400B900CE00D800F400AF
:102B6000FC00F200EB00E600CD00C300BE00A500B3
:102B7000AA00A80094009D009F00A500B800CF0007
:102B8000DB00F6000601FE00F700F500DF00D300D1
:102B9000D100B900B700B30099009D009D009B00D3
:102BA000AB00C100CB00E000F800F200EB00ED004C
:102BB000DC00D000D200BC00B900BA00A0009F0029
:102BC0009F009A00A500B900C200D300F000F000F9
:102BD000E900EE00E000D400D900C900C600CB0037
:102BE000B300AD00AE00A600AA00BC00C500CF0037
:102BF000EB00EC00E300E600D800C900CD00BE0009
:102C0000B800C000AF00A700AB00A500A900BB0042
:102C1000C700CD00EB00EF00E600E900DD00CB00CF
:102C2000CE00C100B700BF00B300A800AE00AA00EC
:102C3000AC00BE00CE00D100EE00F500EC00EE00CE
:102C4000E300D100D200C500B800BC00B200A20071
:102C5000A700A400A300B200C500C500E100EE007B
:102C6000E700E900E200CF00D000C900BD00C100CC
:102C7000BD00AB00AF00AC00A900B500C900C700A3
:102C8000DF00EE00E700E700E100CD00CC00C60069
:102C9000BB00BE00C100AF00B300B100AD00B50085
:102CA000CB00C800DD00EB00E500E200DD00C8005D
:102CB000C200BD00B100B200BB00AB00AF00B3006A
:102CC000B000B600CF00CE00E000F200EE00EB0056
:102CD000E700D300CA00C600BA00B400BD00AD00D2
:102CE000AD00B100AE00B000CA00CA00DA00EE00CC
:102CF000EC00E800E700D500CA00C500B900B0004C
:102D0000BA00AC00A900AE00AC00AA00C500C80023
:102D1000D400EB00EC00E900E900D900CC00C900C8
:102D2000BF00B300BD00B200AB00B100B000AB000B
:102D3000C500CB00D500EC00F000EC00EB00DD009E
:102D4000CE00CA00C000B000B800AF00A500AC00C3
:102D5000AC00A500BD00C600CF00E600EF00EC000F
:102D6000EC00E100D000CB00C300B100B800B3001C
:102D7000A600AC00AF00A600BB00C800CF00E60074
:102D8000F100EF00EF00E700D500CF00C800B5006C
:102D9000B800B500A600AA00AD00A400B500C300AD
:102DA000CA00DF00EE00ED00ED00E800D400CD0029
:102DB000C800B500B500B500A600A800AD00A4008D
:102DC000B100C200C800DB00EE00F000EF00EE0032
:102DD000DB00D100CE00BD00B900BB00AA00AA00F4
:102DE000AF00A600AD00BF00C400D500E900EC00B4
:102DF000EB00EE00DB00D000CE00BE00B700BB0051
:102E0000AC00A900AF00A700A900BB00C100CE0024
:102E1000E400EA00E900EE00DE00D100D000C200CC
:102E2000B900BF00B100AC00B200AD00AB00BC0007
:102E3000C300CD00E200EB00E800EF00E200D200AA
:102E4000D100C400B800BF00B200AA00AE00AB00C1
:102E5000A600B600BE00C800DC00E900E600EE00F7
:102E6000E400D400D100C800BA00C100B600AE0032
:102E7000B000B000A700B500BF00C700DA00EA004C
:102E8000E600EE00E700D600D300CB00BC00C20095
:102E9000B900AF00AF00B100A600B200BC00C20094
:102EA000D300E600E300EB00E700D600D100CB0042
:102EB000BB00BE00B900B000AE00B300A900B10075
:102EC000BD00C300D200E600E500EB00EB00DA0035
:102ED000D300CF00BE00C000BC00B300AE00B50000
:102EE000AB00AF00BC00C100CD00E300E300E80090
:102EF000EA00DA00D100CE00BE00BD00BC00B30085
:102F0000AD00B400AC00AD00BB00C100CC00E200DD
:102F1000E500E800EB00DD00D100CF00BF00BD0000
:102F2000BD00B600AC00B500B000AE00BE00C400ED
:102F3000CC00E100E600E600EA00DF00D000CD00B2
:102F4000BF00B900BA00B500AC00B400B100AD00DC
:102F5000BC00C200C900DD00E400E500EA00E100B9
:102F6000D200CF00C100BA00BA00B800AE00B50070
:102F7000B500AF00BB00C300C700DB00E600E50002
:102F8000EA00E500D400D000C400BA00BB00BB00DA
:102F9000AE00B100B300AC00B600BF00C300D40067
:102FA000E200E200E700E600D600D100C900BD0063
:102FB000BD00BE00B100B200B500AC00B400BE0060
:102FC000C100D100E000E200E700E900DB00D5002D
:102FD000CE00C100BD00BE00B200B000B600AD0022
:102FE000B200BD00BF00CC00DE00E200E600EA0057
:102FF000DC00D300CD00BE00B900BC00B100AD00C4
:10300000B500AE00B200BD00C200CC00DF00E5009C
:10301000E700ED00E100D600D000C100B900BB0020
:10302000B200AC00B300AD00AF00BB00C100CA00ED
:10303000DE00E600E700ED00E400D700D200C300A8
:10304000B800BA00B300A900B000AC00AC00B700F3
:10305000C000C700DB00E500E600EC00E600D7009A
:10306000D300C600BB00BC00B700AC00B200B0008B
:10307000AF00B900C100C600D700E300E400EA00D9
:10308000E700D700D300C700BA00BA00B800AD000F
:10309000B200B100AE00B600BF00C300D200E00035
:1030A000E200E700E900D900D500CB00BD00BC007C
:1030B000BC00B000B300B300AF00B400BE00C1005C
:1030C000CF00DF00E200E600E900DB00D600CE0022
:1030D000C100BE00BE00B100B100B300AF00B2003D
:1030E000BD00BF00CB00DB00E000E300EA00DC0035
:1030F000D700D000C300BD00BF00B300B000B200D5
:10310000AE00AF00BB00BE00C800DA00E100E30083
:10311000EC00E100DB00D400C600BE00C000B4003B
:10312000AF00B100AE00AD00B800BC00C500D700D4
:10313000E100E300EC00E300DB00D500C800BD00C7
:10314000BF00B600AF00B200AF00AD00B800BD00D8
:10315000C300D500E000E200EC00E400DB00D50095
:10316000C900BD00BF00B800AF00B100B000AC00A6
:10317000B700BE00C300D400E000E100EA00E500B3
:10318000DC00D600CB00BD00BD00B800AE00B00032
:10319000B000AC00B500BE00C100D100DF00E0000F
:1031A000E900E600DC00D700CD00BF00BE00BB0098
:1031B000B100B200B300AE00B500BE00BF00CD004C
:1031C000DC00DE00E700E700DD00D700CF00C10033
:1031D000BE00BE00B400B300B500AF00B300BC0039
:1031E000BE00C900D900DD00E400E700DD00D70023
:1031F000D000C200BD00BF00B500B300B500AF00F5
:10320000B100BB00BD00C700D800DD00E400E8004D
:10321000E000DA00D400C700BF00C100B600B20071
:10322000B400AF00AF00B900BC00C300D400DB00A5
:10323000E100E800E200DB00D600CA00BF00C200E7
:10324000B800B200B400AF00AD00B800BB00C200CF
:10325000D100DB00E100E900E400DD00D700CC0094
:10326000BF00C100B900B200B400B000AC00B600AD
:10327000BB00C100D100DC00E100E900E600DD0098
:10328000D800CE00BF00C000B900B100B200B1004C
:10329000AC00B500BB00C000CE00DB00E000E800E1
:1032A000E600DE00D800D000C000C000BB00B200C5
:1032B000B200B200AD00B500BC00C000CC00D90027
:1032C000DD00E600E700DF00D900D200C100BF004A
:1032D000BC00B300B300B300AE00B400BB00BF003D
:1032E000CA00D800DC00E500E700DF00D900D30009
:1032F000C300BF00BD00B400B300B500AF00B30011
:10330000BA00BE00C600D500DB00E300E700E00025
:10331000D900D500C600C100C100B800B500B60094
:10332000AF00B000B800BC00C200D200D800E0007E
:10333000E600E100DB00D800CA00C200C200B9000C
:10334000B400B600B000AF00B600BB00C000D000B3
:10335000D600DF00E600E200DC00DA00CD00C300AA
:10336000C200BA00B400B600B100AF00B500BA00A8
:10337000BE00CD00D500DD00E600E400DE00DB008D
:10338000CF00C400C300BB00B200B500B100AF0065
:10339000B600BC00C000CF00D600DC00E600E300B1
:1033A000DB00D700CC00BF00BF00B900B300B40001
:1033B000B300B100B800BE00C300D100DA00DF00E6
:1033C000E700E400DB00D900CE00C300C300BB006F
:1033D000AF00AE00B100AD00BA00BE00C700CB0028
:1033E000D100CF00DC00E200D700DC00D900CD0026
:1033F000D000CE00C000BE00AD00A900A700AD0007
:10340000B100B700C800CF00D100D700D100E10063
:10341000F200D300DA00DC00CD00C800C200BF001B
:10342000C200D300B900B300C700C700D200D50066
:10343000C100BE00BC00B100A900BC00AF00C300C9
:10344000B300AF00B500BF00DC00E700DA00E60023
:10345000DF00DE00D900D300CA00CB00C300B800F3
:10346000AE00B300C700D100CD00C600C800C70041
:10347000D700D700E100E300EC00D100C800C10094
:10348000BB00CA00C600A100A000980093009E00E7
:10349000AD00A800CC00CE00D400E300E700F900A6
:1034A000FE00E000D300C600C000BE00B900B500B9
:1034B000B200C100B600B200CA00D900F000FB00A3
:1034C000E600DC00D500CD00C000C500B800C0009B
:1034D000B400A900AA00AB00C000C900B800BE003B
:1034E000C000C500D200CC00C700CB00C700C000A0
:1034F000BF00C100D200DB00D300C500C400C10082
:10350000CC00CF00D900DA00F100DD00D300D400F8
:10351000CA00D600DE00BA00B400B000A500A700C3
:10352000B100A800C000C600C700CF00D800E3006B
:10353000E900D900C300B600B200AF00AA00B00095
:10354000AA00BD00BD00BA00CD00DE00F100000100
:10355000F200E500DC00D500C600C700BB00C600D5
:10356000BC00B400B300B000C700D200C400C70064
:10357000C600C600D300CF00C900C800C900BB0008
:10358000B500B600BB00C800C900B400B100B0006F
:10359000B800C000D100D000F100EB00DF00E30074
:1035A000DB00DD00EA00CE00BC00B600AB00A600E8
:1035B000AE00AB00B700C700CB00CE00DC00ED00D2
:1035C000F100EA00D400BF00B700B500A800AD00CC
:1035D000A300B200B000AB00B500C600DA00EF00F7
:1035E000E700DF00D700D400CC00CB00C100CF0043
:1035F000C900C100BF00B700C500D600C900C600A1
:10360000C700C400CF00D200D100CA00D600C80055
:10361000BC00C000C100C800D100BB00AF00B000BA
:10362000B000B200C500BF00DC00E200D600D70049
:10363000D500D400E200D300BE00B600B200AE0058
:10364000AF00B600BA00CD00D500D200DB00EE001E
:10365000F400F100DF00C700B800B700A900AD001A
:10366000A100B200B000AE00B300BF00D200EB007A
:10367000E500E000DB00D400CD00C900BC00C400C0
:10368000C400BA00B700B300BA00CF00CC00C3003A
:10369000C500C700CF00D700E000D400E500DC0083
:1036A000C800C700C900C800D200C300AD00AB000D
:1036B000AA00A600B800B500CB00DC00D800D600F8
:1036C000D500D800E200D900C600B900B200B000B1
:1036D000AA00B200B100C000CB00CB00CF00E500D3
:1036E000F200F600E900D600C500C200B800BB0039
:1036F000AC00BD00BA00B300B500BA00C700E200DC
:10370000E000D700D700D000CA00C700BB00BC0053
:10371000C300BB00B300B300B600C800CE00C300B6
:10372000BF00C300CA00CE00E000D300E200E50005
:10373000CF00C800CC00CA00D300CE00B600B10054
:10374000B200AC00B800BB00CA00DA00DE00DA004C
:10375000D700DB00E100DA00C800B800AD00AC0023
:10376000A200AB00A700B600C000C200C500D80090
:10377000EB00F600EE00DD00CD00C700BC00C1008C
:10378000B000BD00C100B700B800BB00C300DD0041
:10379000E300D900DA00D700D100CD00C700BC009B
:1037A000C500C200B500B200B600BF00CA00C30029
:1037B000B700BA00C200C100D800CF00D900E300B2
:1037C000D300C600CA00CA00D200D300BF00B300B5
:1037D000B500B100B400BA00C600D600DF00E000BA
:1037E000D900DE00E700E200D300C200B600B3005B
:1037F000A800AD00A500B200BB00BC00BE00CC001C
:10380000DE00EF00ED00DD00D000C700BB00BF0010
:10381000B100B600C100B700B500B900BC00D200CD
:10382000E100DA00D900DC00D800D100D400C400E7
:10383000C800CB00BF00B400BA00C000C800C80078
:10384000BA00B600C100BC00D000CD00D400DF003B
:10385000D800C800C700C700CF00D100C300B50022
:10386000B300B200AE00B000BA00C900D600D90063
:10387000D400DC00E900E600DE00C900BC00BA00AC
:10388000A700A8009F00AF00CC00DD00D900DA003F
:10389000D600F200FA00E300BD0099009400BA00DF
:1038A000B300C500D200E400EF00DA00DE00E6005D
:1038B000D400BF009F00AE00C000C000CF00BD001C
:1038C000C500CB00B600A300A600A900A200E70037
:1038D000F40001010501FE003E012C01EF000A0188
:1038E000B1007B00830094007500BA00B900940019
:1038F0009900B500B8009A00B200C000B900BB0042
:10390000F50026012E012D011501E900CE00AE00C3
:103910009E0067001F00720088009C00AC00F5004C
:10392000E100D8000B01E800BC00D600E300DB009A
:10393000A600EE000401110105010A01E700C20022
:10394000C1009200A2007F008000A300D200C90045
:10395000D800BB00AC00B6007A00A500C000C600CD
:103960008C00B800F400E200E9001F011701E1003B
:1039700097008D0092006E00A200B600A5008B009B
:103980007100A6007D00BE00C7009800B500C3000E
:1039900013012A0156016C0163011B010F01330160
:1039A0001C01D500B100820068007D00B100D2008A
:1039B000D400CC00E600A7007B0068007E00690010
:1039C0008400A8009C00B300B100D500C100D7005E
:1039D000E100AB00B900BF00DD00F00031012901BA
:1039E0000C0103011C010B01E400C400BA00A0009B
:1039F0009A008F00AF009D00BD00D500C200B60048
:103A0000B500A50075008400B300D700E000BE003B
:103A1000DD00EC00DF00D500DF009D009400BD005C
:103A2000BB00E1001A012A0116010D01FE0005018B
:103A3000FF00C100AA0080008E008D00B500B0001C
:103A4000C100ED00CA00CA00C100AC007A007700D6
:103A500084008300C200CC00E000DF00F800EE002C
:103A6000F000D300B500D900BF00C300FC0007017F
:103A7000DF00EA000201DF00EA00CA00B20096009F
:103A800098009A00BD00C300BD00FD00D300C20035
:103A9000DC00E900A3009800A0009700D000CB0054
:103AA000D000DF00E400DA00BF00B4008F00D000D7
:103AB000B400B600E2000601FE00FC00F800D800E9
:103AC000E600CD008B007000790091009600B500F3
:103AD000BF00F900F100EC00F200E400BB00B5000B
:103AE000AB008600B300E500DE00DC00F300FD0063
:103AF000D900D500AE00CC00BD00AA00CC00DE008D
:103B0000CA00D800FF00D500D300E5009C008D005E
:103B100089009F009000AB00B100D800EB00CF00FF
:103B2000E600EA00BD00A900A6009E00B800EF0074
:103B3000CC00D700E100EC00CD00CA00AB00B8001B
:103B4000C800B500CC00E5000101FC00FD00E0006C
:103B5000D600F7009C00740078009E008500A40049
:103B6000C000C1000001FF000301E800DF00BD004C
:103B7000A1008B008B00E800D300BE00D000ED0058
:103B8000D700D900D500A200B900A600AE00C3003E
:103B9000D700E000F800DC00C600FB00CD009C0070
:103BA0009D00B1009300B100CB00B800F000EF0021
:103BB000F700F200F500CF00B100B000A600ED0064
:103BC000DF00C800D200D000CD00BF00CA009D00B9
:103BD000AE00B4009D00B800EF000701F600DF0062
:103BE000D400E500D4008C008C009400870096007F
:103BF000C000AD00E20013010001DE00EF00DF00B5
:103C0000B0009D008600BA00E200BD00CF00D300E6
:103C1000DF00D600F300AE00A800C6009C00AC0098
:103C2000C500EF00F000EE00E100D900FE00BF008B
:103C3000C100A7009C00A200B600AC00BF00FA00C3
:103C4000E400D900E100D500B400AD00A900B30044
:103C5000D000C200CC00B800D200BF00CD00A5004B
:103C60009A00C700A100AB00CE000601EF00E800FB
:103C7000F600D100F200BF00B10091009D00A40049
:103C8000B200BB00C10018010E01E400EA00E80028
:103C9000BF00A500A1008E00C500C900C300BF0081
:103CA000D800E300EC00C4009700C100AB00A00006
:103CB000AC00D400D800E300E800C200EA00E30052
:103CC000C4009C009400A400A100B500A900E70076
:103CD000EA00E400EA00E000CC00BD00CB00A9004F
:103CE000BD00E300CD00BE00C900E200CF00CC0063
:103CF000A800B600B400A700C700EE00EE00E70081
:103D0000F500D000D500EB00B7008D0087009A00C9
:103D10009400B400B300E500FF00E100E500E1001D
:103D2000CC00B500B10086009C00DD00C200C100DF
:103D3000CA00F300E900EA00C000B100BE00AA001A
:103D4000B900C200DB00EA00E800D100C900FE00B3
:103D5000D900BC009D00A700A200B300C100C000B4
:103D6000D900DC00E200D300D000D100CC00B600C6
:103D7000A300D000C900C000BE00D200C500CA0028
:103D8000D000B900BB00B700C400CB00D800E000F1
:103D9000DB00D200BE00D800CB00B500AF00AF0002
:103DA000AE00B200C800CF00DC00DD00D300D900B7
:103DB000D400D700C800B300B500C600CE00C300D1
:103DC000C500CB00CD00D200CC00CA00C800C200A4
:103DD000BC00B600C700D500D600C600C300D600A0
:103DE000CA00C400BD00BD00BB00BB00C500BD00D3
:103DF000CD00CB00CB00C800CF00CF00C800C6006C
:103E0000BF00CD00CD00C400C900C900C800C60075
:103E1000CF00C500D100D700C600C200CB00D4003F
:103E2000C700C400C200C900CA00B900BE00BD007E
:103E3000C300C200C500BF00C600D700C800C30051
:103E4000C900D700CD00C100C200C600D100C70024
:103E5000C300C300C300C500C500C500C600D7002D
:103E6000D400C400C700D100D000C500C400C70002
:103E7000CA00C900C200C300C700C700C700C40011
:103E8000C300C800C900C100C200CD00CC00C600FC
:103E9000C200C500CA00CA00C500C100C600C600F5
:103EA000C500C500CA00D200D100CA00C700CF00BB
:103EB000CE00C500BF00C100C600C800C700C500D5
:103EC000CA00CC00CA00C600C600CC00CA00C300AD
:103ED000BF00C700CE00CB00C400C300C900C900AA
:103EE000C300BF00C000C300C300C300C600CC00B5
:103EF000D100CD00C900CB00D100CD00C500C1006C
:103F0000C400C900C700C500C700CA00C900C80076
:103F1000C700CA00CC00C600C300C500C900CC0061
:103F2000C800C300C500C900C600C200C300C70066
:103F3000C600C400C600CB00CF00CC00C800C9003A
:103F4000CB00CA00C600C100C200C900CA00C70039
:103F5000C700CA00CC00C900C700C800CB00C80019
:103F6000C200C400C900CC00CC00C800C600C90013
:103F7000CB00C500C200C300C500C500C400C70017
:103F8000CD00CE00CA00C900CB00CA00C900C500E0
:103F9000C100C400C700C600C500C700C900CB00EF
:103FA000CA00C700CB00CB00C700C700C900CB00C8
:103FB000CB00CA00C600C700C900C600C400C200CA
:103FC000C400C500C600C600C900CD00CA00C700B5
:103FD000C700C800C700C400C100C400C800C800B2
:103FE000C800C900CB00CB00CC00C800C700C90086
:103FF000C700C500C500C900CA00CA00C700C60086
:10400000CA00C700C500C200C200C300C700C80084
:10401000C800CE00CE00CC00CA00C900CA00C8004B
:10402000C200BF00C300C400C400C500C500C80072
:10403000CB00C900C700C800CA00C800C600C7003E
:10404000CA00CB00C800C700C900C900C900C6002B
:10405000C500C500C800C900C800CB00CC00CC001A
:10406000C800C600C700C700C500C100C300C60025
:10407000C600C600C700C800CA00CA00C700C60004
:10408000C900C800C600C600C800CC00CA00C700EE
:10409000C700CA00CA00C700C500C400C700C800E6
:1040A000C700CA00CD00CE00CB00C800C800CA00BF
:1040B000C900C300C100C200C400C600C400C600DD
:1040C000CA00CB00C900C900CA00CA00C800C500A8
:1040D000C400C800C900C700C400C600C900C900A8
:1040E000C600C400C700C800C700C800CC00CD008F
:1040F000CC00CB00CA00CA00CC00C800C300C2007C
:10410000C500C600C400C400C600C800C600C50083
:10411000C800C800C900C500C400C600CA00CA0063
:10412000C700C800C900CA00C900C400C500C80053
:10413000C600C500C800CB00CB00CA00C900CA0039
:10414000CC00C900C400C200C300C600C500C50041
:10415000C600C900CA00C900C900CA00CB00C80017
:10416000C400C400C700C800C400C600C700C8001F
:10417000C900C600C600C700CA00C700C700CA0001
:10418000CB00CC00C900C900CC00CB00C600C300E6
:10419000C500C600C700C600C500C700C900C800EA
:1041A000C900CA00CB00C900C600C300C700C900CF
:1041B000C600C700C800C800C900C700C600C700C5
:1041C000C800C700C600C700CA00CC00CA00CA00A9
:1041D000CB00CB00C800C400C400C500C600C400AA
:1041E000C400C600C800CA00CA00CB00CB00CB0088
:1041F000C800C500C600C900C800C600C600C70088
:10420000C800C800C700C600C900C700C600C60075
:10421000C800CA00CA00C900C900CB00C900C60056
:10422000C600C500C600C600C400C400C600C90060
:10423000C800C900CA00CA00C900C600C700C9003A
:10424000C900C800C600C700C700C800C600C50036
:10425000C600C700C600C500C800CA00CA00C90021
:10426000C900CA00C900C700C600C400C500C60016
:10427000C500C400C700CA00C900CA00CA00CA00FD
:10428000C900C800C600C700C900C700C600C500F5
:10429000C600C800C800C600C700C800C700C500E7
:1042A000C600C800C900C900C800CA00CA00CA00C8
:1042B000C800C600C700C700C700C400C500C800CA
:1042C000C700C800C800C900CA00C900C700C700AD
:1042D000C900C900C800C700C700C900C800C7009E
:1042E000C700C700C800C700C700C700C800C90092
:1042F000C800C800C900C900C800C600C600C60082
:10430000C700C600C600C700C900C900C900CA006E
:10431000C900C900C700C500C700C700C700C60064
:10432000C600C700C800C800C700C800C700C70053
:10433000C800C700C700C900C900C800C900CB0039
:10434000C800C800C700C600C600C500C500C6003A
:10435000C600C800C900C900C900CB00CA00C70018
:10436000C700C800C700C500C500C500C500C6001D
:10437000C600C600C600C700C800C700C700C80006
:10438000C900C800C800CA00C900C900C800C800E8
:10439000C700C800C700C600C800C700C700C800E3
:1043A000C700C800C900C700C600C700C700C700D3
:1043B000C800C700C700C900C800C800C800C800BE
:1043C000C900C700C700C600C700C700C700C800B3
:1043D000C700C700C700C500C500C600C600C500AD
:1043E000C600C700C800CA00CB00CC00CC00CA0081
:1043F000C900C800C700C700C700C600C500C80084
:10440000C700C500C800C900C800C800C800C70070
:10441000C900C900C800C900C800C800C900C80058
:10442000C700C700C800C600C600C600C600C70057
:10443000C800C800C800C800C700C700C600C70041
:10444000C700C800C700C600C700C700C800C80032
:10445000C900C900C800C700C700C900C800C9001A
:10446000C800C600C700C600C600C500C600C6001A
:10447000C500C600C700C900CB00CB00CB00CB00F5
:10448000CA00C900C900C900C800C900C700C500EA
:10449000C600C600C700C700C800C700C600C500E8
:1044A000C400C600C600C700C700C600C700C700DA
:1044B000C700C700C800C700C600C700C700C800C3
:1044C000C900CA00C900CA00C900C900C800C800A4
:1044D000C800C800C700C600C600C500C600C700A7
:1044E000C700C700C800C700C500C700C900CA0090
:1044F000C800C700C700C700C700C600C700C60085
:10450000C500C600C600C700C900CB00C900C9006D
:10451000C900C900C900C800C800C800C800C70059
:10452000C700C700C700C800C800C700C800C8004F
:10453000C600C600C700C800C800C800C700C80041
:10454000C800C700C800C800C600C600C600C70033
:10455000C800CA00C900C800C900C800C900C80016
:10456000C800C800C800C600C600C700C700C70012
:10457000C700C700C800C800C700C700C800C900FE
:10458000C900C800C700C800C900C800C700C700EC
:10459000C700C600C600C700C900CA00C900C700DE
:1045A000C800C800C800C700C700C500C700C600D3
:1045B000C500C600C700C800C800C800C800C900C0
:1045C000C800C600C800C800C900C900C800C800AB
:1045D000C900C900C800C800C700C600C600C600A0
:1045E000C700C800C700C600C700C800C800C70091
:1045F000C700C600C700C600C500C600C600C80088
:10460000C700C800C800C900C800C600C800C9006B
:10461000C900C800C800C800C800C900C800C80058
:10462000C700C700C600C600C700C900C900C8004F
:10463000C700C900C800C800C700C600C600C60041
:10464000C600C500C600C700C700C800C800C90032
:10465000C900C700C700C700C800C800C800C8001C
:10466000C800C900C800C900C800C700C600C6000D
:10467000C700C700C800C800C800C900C800C900FA
:10468000C900C800C700C700C600C600C700C700F1
:10469000C600C800C900C900C800C800C800C700DB
:1046A000C800C800C800C700C700C800C700C800CD
:1046B000C700C700C600C500C700C800C800C800C2
:1046C000C800C900C800C900C800C700C600C600AD
:1046D000C600C500C700C700C700C800C800C900A1
:1046E000C800C800C700C600C700C700C700C70091
:1046F000C800C900C800C900C800C800C600C6007C
:10470000C600C500C600C500C700C700C800CD0070
:10471000CC00CB00CD00CA00C600C700C400C40056
:10472000C600C600C500CA00C800C500C800C70052
:10473000C800C600C600C400C800CB00CF00C90036
:10474000CB00CD00CC00C500C600C700C700C40028
:10475000C300C200C800C800C200C500C500C40034
:10476000C600C300C500C700C900CE00CD00D00000
:10477000D000D000CF00CC00C900C700C300C200E9
:10478000BF00C100C500C800C400C300BE00BE0019
:10479000C800D000CE00CF00D500D100D900D30092
:1047A000C900C800CE00BB00C200B700AA00AF001D
:1047B000B500BF00C600C700E000DD00D100E20088
:1047C000D200B800C100C400AD00AF00B600C60002
:1047D000C100C600D100E400E000E300F300D60011
:1047E000D600D700D000C000BD00C600C300A9009D
:1047F000AF00CB00C100BC00C900C500B500AB00D4
:10480000B100B700A700B500CD00B800B800E100C6
:10481000D100D700F800F100DB00D000C500C800CF
:10482000C100AC00CC00C000AA00CD00D300CF0076
:10483000EE00F600EA00DC00C200CB00CD00AF00C5
:10484000B900C500AA00AD00C800BB00C300DF006E
:10485000D700C900AB00A300B000A100A300C500B1
:10486000BA00AC00C700C500C900F100FF00F200AB
:10487000E000C800CF00CA00BF00D200D200B900DB
:10488000BF00C400BD00D600F000ED00E600CA0085
:10489000C100C500B100B600CC00B500AA00BC0044
:1048A000AB00B300DA00E100DF00CC00B100B700DC
:1048B000A400A000BF00B500A500BC00BA00BA006B
:1048C000DE00F800F700F000D700D700D300C100E9
:1048D000CF00D900C100C100CC00BB00C600EA0077
:1048E000ED00E400CF00BA00C100AB00A700C80093
:1048F000BA00AB00BE00AF00AD00CE00E000DF00AC
:10490000D100B600BE00B300A800C500C900B400C5
:10491000BE00BB00B200C600E200EA00EC00DB0013
:10492000D500D900C500CA00E400CE00C300D10004
:10493000B900BA00DA00E000E200D900BF00C70009
:10494000B400A700C500BE00A600B900B000A600D4
:10495000C200DA00DF00DA00C200C200BC00AE0014
:10496000BD00CB00B900BC00C900B900C100E30024
:10497000EE00EC00DF00CE00D300C200BF00DB0081
:10498000D200C000D000BC00B300CF00DD00E000CA
:10499000D700BA00C400B500A600C100C900B40029
:1049A000BF00BE00AD00BC00D400DA00D900C800D2
:1049B000C400C600B400B900D100C400BC00CC00E3
:1049C000B900B600D700E200E600E500CD00D60051
:1049D000C700BA00D500D400BC00C900BF00B100B8
:1049E000C500D900DE00DA00C200C300BB00AA0087
:1049F000B900C600B400B800C200B400B900D500C8
:104A0000E000E000D600C500C900B700B300CE004A
:104A1000CA00BE00D100C100B600D100DF00E40032
:104A2000E200C700CF00C600B300CA00D500BE0038
:104A3000C800C600B300BF00D400D900D600C8002B
:104A4000C100C300B200B300C900BE00B700C5007A
:104A5000B600B100CC00D900DD00DE00CA00D100F4
:104A6000C400B700CE00D400BE00CC00C300B60026
:104A7000C700D800E200E200CC00CC00C600B300C2
:104A8000C100D000BC00C000C600B700BC00D2000E
:104A9000DC00DD00D300C200C500B400AC00C100E2
:104AA000BF00B300C700BD00B100C900D700DF00E0
:104AB000E200C800CE00CA00B600C900D800C3009A
:104AC000CC00CC00B900C200D600DE00DC00CC0077
:104AD000C700CA00BA00BC00CF00C600BE00C700B5
:104AE000BA00B400C900D400D600D500C200C90085
:104AF000BE00AF00C100C900B700C400BE00B100D5
:104B0000C200D100DD00E300CD00CE00CD00B70033
:104B1000C300D500C200C400CB00BD00C000D5005A
:104B2000DF00E100D900CA00CD00BE00B600C80019
:104B3000C600B600C600BF00B200C300D100D60058
:104B4000D900C300C500C300AF00BD00CD00BB004D
:104B5000C500C700B700BD00CE00DB00DD00CB0004
:104B6000C800CD00BB00BF00D300CB00C600CF0003
:104B7000C300BC00CD00D900DC00D800C900D000C3
:104B8000C700B500C500CC00BA00C500C000B10028
:104B9000BE00CB00D300DB00C800C800CB00B200D1
:104BA000B900CD00BD00BD00C400B800BA00CC0003
:104BB000D900DF00D600CC00D100C200BA00CC0082
:104BC000CD00BF00CC00C900BE00CA00D700DC0089
:104BD000DD00CB00CB00C700B400BE00CC00BC00A1
:104BE000C300C700B800BC00C800D400DB00C90087
:104BF000C400CA00B600B700CA00C200BE00C900A7
:104C0000C000B900C700D500DB00D700CA00D10042
:104C1000CA00BB00C800D100C100CB00CB00BA0065
:104C2000C400D000D700DD00CC00CB00CE00B70020
:104C3000BA00CC00BF00BE00C500B900B800C60075
:104C4000D100D900D000C700CE00BF00B600C6001A
:104C5000C600BC00C600C500BA00C500D200DA001C
:104C6000DB00CD00D000CE00BA00C300CF00C000F2
:104C7000C600CC00BD00C000CD00D500DD00CE00D8
:104C8000C900D000BC00B900CA00C200BD00C70006
:104C9000BE00B700C200CD00D500D100C600CE00D6
:104CA000C600B600C400CC00BE00C700C900BB00EF
:104CB000C300D000D600DB00CD00CC00CF00BC008C
:104CC000BE00CF00C300C300CC00C000BF00C900BD
:104CD000D200DB00D000C800D000C100B600C60082
:104CE000C500BA00C500C200B900C000CC00D500A4
:104CF000D500C900CE00CB00B900C100CD00BF0077
:104D0000C400CB00BC00BF00CC00D300DC00CF004F
:104D1000CB00D200C100BC00CE00C700C100CB0058
:104D2000C300BD00C500CF00D800D100C500CD0034
:104D3000C500B500C100C800BC00C400C700BB006E
:104D4000BF00CC00D300D800CB00CB00CE00BB000E
:104D5000BC00CC00C300C200CB00C100C100CA002F
:104D6000D000D800D000C900D100C600BD00CA00E4
:104D7000C900C200C800C600C000C400CA00D000FC
:104D8000D000C700CA00C800BD00C200CA00C200EF
:104D9000C400C900C100C100C800CB00D100CA00D6
:104DA000C700CC00C300C000CA00C700C500CA00CD
:104DB000C600C400C800CB00D000CD00C700CB00A7
:104DC000C700C100C600C800C400C700C900C500B4
:104DD000C600C900CC00CD00C800C800C900C20090
:104DE000C200C700C500C500C800C500C500C80096
:104DF000C900CD00CA00C800CA00C600C300C80070
:104E0000C800C600C800C700C600C700C800CB0065
:104E1000CA00C700C900C800C400C600C900C60057
:104E2000C700C900C700C700C800C800CA00C80042
:104E3000C700C800C500C400C700C600C600C8003F
:104E4000C700C700C800C800CA00C900C800C90020
:104E5000C700C600C700C700C700C800C800C80018
:104E6000C800C800C900C900C700C800C700C50005
:104E7000C600C700C600C700C800C700C800C900F8
:104E8000C800C900C800C700C800C700C600C800E5
:104E9000C700C700C800C700C800C800C800C800D5
:104EA000C800C700C800C800C600C800C800C700C6
:104EB000C800C800C800C800C700C700C700C600B7
:104EC000C700C700C600C600C700C700C800C900A9
:104ED000C800C900C900C800C800C800C700C80091
:104EE000C700C600C800C700C700C800C800C80087
:104EF000C900C800C800C800C700C800C700C60075
:104F0000C700C700C600C800C800C700C800C80066
:104F1000C700C700C700C700C700C600C600C7005B
:104F2000C700C700C900C700C800C900C800C80042
:104F3000C800C800C800C700C700C800C700C70035
:104F4000C900C800C800C900C800C700C700C70022
:104F5000C700C700C600C700C700C700C800C90017
:104F6000C800C900C900C800C800C800C700C70001
:104F7000C700C600C700C600C700C900C700C800F8
:104F8000C900C800C800C800C700C800C800C700E2
:104F9000C700C700C600C800C800C700C800C800D6
:104FA000C700C800C700C700C800C700C700C800C6
:104FB000C700C700C900C800C800C900C800C800B1
:104FC000C800C700C800C700C600C700C700C700A8
:104FD000C900C800C800C900C800C800C800C70090
:104FE000C700C700C600C700C700C600C800C90088
:104FF000C800C900C900C800C800C800C700C70071
:10500000C700C600C700C600C700C800C800C70068
:10501000C900C800C800C900C700C700C700C70052
:10502000C700C800C700C800C800C700C800C80043
:10503000C800C800C700C700C800C700C700C80034
:10504000C700C700C800C700C700C800C700C70026
:10505000C800C700C800C700C700C800C700C70015
:10506000C800C800C700C900C800C800C800C70001
:10507000C700C700C600C700C700C700C700C800F8
:10508000C700C900C900C800C800C800C700C800E0
:10509000C700C600C700C600C600C800C700C700DA
:1050A000C800C800C700C800C700C800C800C700C3
:1050B000C800C800C700C800C700C600C700C700B6
:1050C000C800C900C800C900C900CA00C900CA0098
:1050D000C800C800C700C600C700C700C600C70098
:1050E000C700C600C600C500C600C800C800C6008C
:1050F000C800C700C600C800C400C400C600C50080
:10510000C800CA00C600C800D000CC00C400CA0055
:10511000CC00C900CC00D500C300C100C100CD0047
:10512000C100E000CB00DC00D000CE00B800A4003D
:10513000B200B400B400A900AA00C100AA00CF00C8
:10514000D500F700F2000101FA00F900E100ED00DE
:10515000C900B500A700A100850099008B00AE0032
:10516000AD00B200D700E200E700E800EB00F50078
:10517000DF00C100D300C100A000AE009D00AC0064
:10518000BB00C000D400E000E700DE00E100E90061
:10519000E400C400D200C900A900AD00A700BA0015
:1051A000C200C900E000DE00E000DC00D100D70052
:1051B000CF00A700B700B300950098009D00B00095
:1051C000B600BF00D900E500E800EE00E800E70007
:1051D000E900C600CE00CC00AD00A300A500B200DF
:1051E000AE00B400CA00DB00E000E400E500E90026
:1051F000ED00D100D700D800BD00A600A500AB008F
:105200009F00A000B200C600C400CB00D300D600AF
:10521000E100C900CE00D900CA00B200B800BC004D
:10522000B600B400C300DB00DC00DA00E300E300FA
:10523000E500CD00CC00D400CB00AD00B300B6003B
:10524000B200AE00BC00D500D700D400DE00DA000A
:10525000DA00C400BF00C400C300A300AA00AE006F
:10526000AF00AA00B500D300DD00D800E400E700DD
:10527000E400D300CC00CE00D200B000B500BA00EC
:10528000BC00B400BD00D600E100D800E200E5009B
:10529000DE00CE00C200C000C600A600A700AC0021
:1052A000B200AC00B000CA00DB00D400DC00E500B6
:1052B000DB00D100C100BD00C900AD00AD00B500EC
:1052C000BB00B900BC00D600EA00E400E800F3002F
:1052D000E700DE00CB00C100C600AB00A300A700C2
:1052E000AD00AC00AB00C100D600D700DC00EE0082
:1052F000E600E200D000C700CD00B300A700A80080
:10530000AB00AA00A700B800CD00D300D800EE0083
:10531000EA00ED00DE00D600DA00C700B700B300F7
:10532000B500B300AC00B700C900CE00CE00E1006C
:10533000DE00E100D300C900CD00BF00AF00AD002A
:10534000B000B100AD00B600C800CF00D000E20050
:10535000E000E400D800CE00CE00C500B500B200E9
:10536000B400B600B300BC00CB00D500D600E60008
:10537000E300E700DC00D300CD00C700B400AF00BD
:10538000AD00AE00AC00B100C000C900CC00DB0035
:10539000D900DF00D800D100C900C900B900B500AC
:1053A000B300B500B600BC00C800D200D600E000D3
:1053B000DF00E000DA00D400C800C900B800B30084
:1053C000B100B200B500BB00C800D100D700E000BA
:1053D000E000DF00D900D300C200C200B100AB0082
:1053E000A800A700AC00B300BF00CA00D600E000D0
:1053F000E500E400E200E000CE00CE00BF00B60011
:10540000B000AC00AE00B400BF00C600D400DD00A8
:10541000E600E200E000E100D000CD00C000B600F0
:10542000AF00A800A900AE00B700BE00CC00D500B8
:10543000E200DD00DE00E100D100CC00C400B900D4
:10544000B300AA00AB00B000B800C000CF00D70086
:10545000E700E200E200E600D900D000CA00BF0089
:10546000B700AE00AB00B000B600BB00C900CF0073
:10547000E100DC00DC00E100D600CB00C700BD008D
:10548000B700AD00A900AF00B300B800C700CD0061
:10549000E100DD00DD00E300DD00CF00CC00C40052
:1054A000BD00B400AE00B200B600BA00C800CD0026
:1054B000E000DE00DD00E000DD00CD00CA00C1003C
:1054C000BB00B100AB00B000B300B600C300C80021
:1054D000DA00DB00D900DD00DD00CD00C900C2002C
:1054E000BC00B500AE00B300B700BA00C700CD00E5
:1054F000DD00E100DF00E000E200D200CB00C400EC
:10550000BC00B400AC00B000B300B600C100C900DC
:10551000D700DF00DE00DE00E300D200C900C400D7
:10552000BB00B200AA00AD00B000B400BE00C800CD
:10553000D500E000E100E000E700D900D000CB009A
:10554000C200B700AE00AF00B100B400BB00C8009D
:10555000D100DD00DF00DE00E700DA00CF00CA0086
:10556000C000B400AB00AB00AC00B000B400C3009E
:10557000CC00D900DE00DE00E800DF00D300CF0061
:10558000C600BA00B000AF00AF00B300B300C40063
:10559000CB00D800DF00DF00E700E200D500D1003B
:1055A000C900BC00B100AE00AD00B000AF00C0004B
:1055B000C600D200D900DA00E200E100D300D10039
:1055C000CB00BE00B300AF00AE00B300AF00C00020
:1055D000C700D200DB00DC00E300E400D600D3000B
:1055E000CF00C100B500B100B000B400AF00BE00F4
:1055F000C700D000D800DA00DE00E200D500D000FD
:10560000CC00C000B500AF00AF00B400AE00BB00DE
:10561000C500CE00D600DA00DE00E400D700D200DC
:10562000D100C500BA00B200B000B400AF00BA00AB
:10563000C600CF00D600DC00DE00E500D900D200B5
:10564000D100C600BA00AF00AE00B100AC00B5009A
:10565000C400CE00D500DB00DC00E500DB00D1009B
:10566000D100C700BC00B000B000B200AE00B40072
:10567000C200CD00D400DD00DE00E500DF00D50073
:10568000D400CC00C000B200B000B000AE00B0004A
:10569000BD00C800CF00D900DA00E300E000D5006B
:1056A000D200CD00C400B300B000B100AF00AF0025
:1056B000BD00C900CE00D800D900E000E100D6004E
:1056C000D400CF00C500B700B400B200B400B000F1
:1056D000BB00C600CD00D700DA00DF00E200D80032
:1056E000D200CF00C800B700B200B000B200AB00DB
:1056F000B400BF00C800D300D900DE00E300DC0026
:10570000D500D200CB00BE00B800B200B400AD009E
:10571000B500C000C900D300D900DB00E200DD0005
:10572000D400D300CE00C000B800B100B400AD007A
:10573000B300BD00C700CF00D700D800DF00DD00F8
:10574000D500D400CE00C200B700AF00B300AD005A
:10575000B300BB00C400CF00D900D900E200E400D0
:10576000D900D600CF00C400BA00B000B300B0002A
:10577000B100B900C500CC00D700D900E000E200BC
:10578000D800D200CD00C400BA00B100B300B00010
:10579000B100B700C000CA00D800D800DD00E100A9
:1057A000D800D400CF00C900BF00B300B200B200DF
:1057B000B000B700C200CA00D800D900DC00E30086
:1057C000DB00D700D100CB00C000B500AF00B000B7
:1057D000B000B500BF00C700D300D500D700E0007F
:1057E000DB00D700CF00CB00C100B600B100B40091
:1057F000B200B600BD00C400D200D600D800E1005F
:10580000DE00D900D300CE00C500BC00B300B40058
:10581000B200B300B900C000CE00D600D600DE0052
:10582000DF00D900D000CF00C700BE00B200B20038
:10583000B000B100B800C000CD00D500D600DC003B
:10584000DE00DA00D400D100C900C000B300B4000B
:10585000B200B300B900C000CA00D600D600DA001A
:10586000E000DC00D500D200C900C100B300B100E7
:10587000B100B200B500BD00C700D300D500DA000A
:10588000E100DD00D500D000C900C300B500B200C2
:10589000B100B100B500BD00C500D400D800D900EA
:1058A000E100DD00D600D100CB00C600B800B30097
:1058B000B300B200B300BB00C300D100D700D500D5
:1058C000DE00DC00D600D200CD00C700BB00B30074
:1058D000B100B100B300BB00C100CE00D600D500BE
:1058E000DE00DE00DA00D300CE00C900BD00B30048
:1058F000B300B300B300BB00C000CC00D600D5009D
:10590000DE00DF00DA00D400CF00C800BF00B50021
:10591000B400B300B100B700BC00C800D400D4008C
:10592000DB00DE00DB00D400D000CC00C400B700F8
:10593000B500B300B000B600BB00C600D300D30072
:10594000DB00DF00DC00D500D200CC00C600B800D0
:10595000B400B300B000B600BC00C500D300D50051
:10596000D900DE00DD00D600D200CB00C500B800B3
:10597000B400B300B100B500BA00C300D000D3003A
:10598000D800DF00DE00D700D400CD00C800BB0087
:10599000B500B400B100B400B900C000CD00D4001F
:1059A000D800DE00DF00D800D300CD00C900BD0064
:1059B000B600B400B200B200B800C000CC00D40001
:1059C000D700DC00DE00D800D400CE00CA00BE0044
:1059D000B700B500B200B200B800BE00C900D300E5
:1059E000D400DB00DE00DA00D600D000CC00C2001C
:1059F000B800B400B300B100B600BC00C500D000D0
:105A0000D300DA00DF00DB00D700D200CD00C300F6
:105A1000B900B600B400B100B600BC00C400D000AC
:105A2000D300D900DE00DC00D600D100CD00C600D6
:105A3000BB00B600B500B100B400BA00C100CF0091
:105A4000D200D700DD00DC00D700D400CF00C900B1
:105A5000BE00B600B500B000B200BA00BF00CC0076
:105A6000D100D700DD00DD00D800D500CF00CA008E
:105A7000BE00B600B500B000B200BA00C000CF0052
:105A8000D200D500DC00E000D700D800CF00CB006A
:105A9000C000B400B300B100AF00B200BA00C5004E
:105AA000CC00D500DB00E200DE00DF00D600CF0036
:105AB000C700BC00B900B600AE00B500B700C70013
:105AC000CC00D100D600D900CF00D300CF00CC004D
:105AD000CA00B700B300B700AD00B400C800C300EF
:105AE000D400D700D200E600DC00E500D700C200F9
:105AF000C700B800AA00AD009C00AE00B600B1001F
:105B0000C000D500E100F800EA00EE00F300E80074
:105B1000DB00D300BE00C000B400A600A700A900AF
:105B2000C000B600BA00CC00C900C100C600C60063
:105B3000C000B600BF00C200A900B800D400CA006F
:105B4000D900DE00DA00EA00E700D700CD00D0007F
:105B5000CE00C000A800C000C100BB00C900C90041
:105B6000D200E200E400D800D600E100D700B8007F
:105B7000B200BB00AC00A800A800A400AB00AD00C0
:105B8000B800BB00C700DB00E400CA00D500D800A5
:105B9000D700D900D100C800CF00C100B800B700BD
:105BA000CF00DB00CF00C800DE00D800D600DB004D
:105BB000D800D200C700BE00B000AB00BF00C600D6
:105BC000B100BD00C900C800D300D400CD00D10091
:105BD000C200B300A300AB00B300AD00A200B6004A
:105BE000C000CF00E300EA00EF00F600EF00DB00AA
:105BF000D300E000D900B800B000B300B100B50098
:105C0000C200CD00DC00D400D500CC00D100D7000C
:105C1000D300B700B700AB00A700AD00B200B000E2
:105C2000C000C300C000BF00D900E700D800CB000F
:105C3000D100CB00C400C700C900CA00C600C40020
:105C4000BB00C400DC00E500D400DD00DC00D300B4
:105C5000D100D400C700C900BC00AE00A300B10051
:105C6000BD00BE00B600C500C700C900D400D60004
:105C7000D000D000C600B000A900B900C300B20037
:105C8000B500C300CD00D500E300E900F700EA004D
:105C9000DC00CF00CF00D000C700AE00B300B000E2
:105CA000AA00B900CB00CD00D800D700CE00C400B8
:105CB000CE00D900C600B600B600B100AB00B600F9
:105CC000B800C800CD00CD00C600CD00E000E50062
:105CD000C900CE00CB00BF00BE00C800BF00CD0091
:105CE000C700C200C300D500E400E000D300D90023
:105CF000CE00C400C600C200BD00BB00B000A600BC
:105D0000A400B700CE00C300C900D100D200D60065
:105D1000DB00D200DD00CF00BB00AE00B000C00051
:105D2000C100B000C300CC00CB00D700E600E90002
:105D3000EA00DE00D100C300C200CD00B700AF0012
:105D4000B300AF00B500C800C900D800DA00D20027
:105D5000C600C200CF00D100B100B500B100AB0059
:105D6000B100C100C400DA00DA00D500D100DC00C7
:105D7000EB00DC00CB00CC00BE00B600BA00B900DE
:105D8000C200C400C000C200C600D700EA00D600AE
:105D9000D800D300C700C400C600BA00C200B800D3
:105DA000AD00A400AB00C600CE00C000CE00D20003
:105DB000D000D000D500D800D600C800BC00B30089
:105DC000BC00CD00BF00C400CF00CB00D100DF007D
:105DD000DE00E300DD00D000BD00B500C100C3005F
:105DE000AC00B300B500B700C100D000D600E100A0
:105DF000DC00CF00C200C500D100BE00B000B10081
:105E0000AB00AE00B900C200D500DE00DA00D3005E
:105E1000D500DF00E700CE00CC00C300B800B3001F
:105E2000BE00BD00C800CA00CA00C500CC00E10029
:105E3000E200CE00CE00C600C000BA00BA00BB002F
:105E4000BE00B600AD00AE00C100D900CE00D0004B
:105E5000D800CF00CA00D300D000CF00CC00BE00D5
:105E6000B000B000C200CD00C300CD00D100D20010
:105E7000D600DF00DE00E000D700C200B500B400AD
:105E8000C200B800B000B600B700BD00CB00D20021
:105E9000DE00E400D800C600C200C600CD00B50098
:105EA000B100B300AF00B000C300CF00DD00E000E0
:105EB000DB00D400D400E000DD00C800C300B9005E
:105EC000B000B300B800C000CE00CF00C600C700CD
:105ED000D300E700D500CB00CD00C000B400BA006D
:105EE000B800BC00C000B900B200BB00D000DE00AA
:105EF000D100D600D400CC00CA00CD00CB00CF002A
:105F0000C700B700B200B700CE00CE00CA00D5006F
:105F1000D100CF00D700D500D700D700C800B5000A
:105F2000AD00B400C400B400B500BF00C100C4009F
:105F3000D100D900E200DD00CF00C300BC00C800E2
:105F4000C300B200B800B300B100C100CC00D7005C
:105F5000E300E300D600CE00CE00DE00CC00BF00A0
:105F6000BF00B300AD00BA00C000CE00D400D20024
:105F7000CD00D000E000E300CB00CC00C000AF00BB
:105F8000AC00AA00AE00BB00BC00BC00BE00CA0052
:105F9000EA00F000E100E000D400C900D300C50031
:105FA000C300C500B800B500AC00B200C900BD0018
:105FB000D200CB00BE00D200CD00D400D000D8006B
:105FC000D300A7009A00CF00E500CA00D200DE008F
:105FD000E400CF00EE00EB00B900AF00A60099008E
:105FE0009700C700B000B600C300C100A1009E002A
:105FF000B600DC00EB00EE00EF00E400CA00D100C8
:10600000DB00BC007000C1000401E900BA00CC0054
:10601000EF00CD00B900F600F300C200BF00C300DE
:10602000B30089008700B600C600D100C100890016
:106030007D00C800E300E300ED000001E600C100C0
:10604000F600CF00BA00CA00EB00EA00DB00BE0099
:10605000C600B100BA00DA009F008B00BE00AB00A2
:10606000BD00B0009700AF009F00D7001501B3003E
:10607000AE000001170123010101FF002701D1003B
:10608000C400EB00A80080008200A800D8008500B2
:106090006800B500B500C200B5009F00B9009E00C1
:1060A000B800EE00C200AE00AE00C0000601CD0098
:1060B000A1000F0124010601F000F9002E01E50006
:1060C000BA001A01B5006F009100BB00E600AB00FA
:1060D0006900BF00A600A800D100A200AF00B40074
:1060E000A500F000CA00A600CB00BF00E800F30046
:1060F0009D00CC00F90008010B01ED00F800FE0046
:10610000BC00D700E300950087009400D600E200B1
:1061100084009200C100A900D500B600A800E000EC
:10612000CB00BF00C900AE00CD00AD00CB00200108
:10613000BF008000DC0003011B01EE00E30016013C
:10614000BD009300F400B0007B008700B000F000B9
:10615000A2006B00CD00D100C300C6009900E20090
:10616000D800B000ED00DB00AE00B500B1001301B7
:10617000F6008E00C200F300FC00EF00C80004012E
:10618000DD008F00D300CB007D008A00A500F30066
:10619000C5007600BC00D600BA00E100B400B4002F
:1061A000D000BB00ED00EE00C400CB00A900CE0083
:1061B0001301B400A700EC00FC000201CB00C900F1
:1061C000FE00C000B800D70097008C009800BB000C
:1061D000ED00A7008E00BE00C900E100CE00AB00BC
:1061E000DB00C800C300E600D700CF00B400B10058
:1061F0000801D8008600C10001011D01D900AA00D4
:106200000001D5008900CF00C5008D0083009E00ED
:106210000101CD008400C600D200CC00E400B8002B
:10622000D900DA00B900E600D800C000C300B4000D
:10623000F700F80089009C00E300FA00EA00BD00C6
:10624000D900D8009000B500D100A00090009C00BB
:10625000D700E800A100B400CB00CB00E400C400EC
:10626000B100D400CD00EF00DE00B500CB00BA00D5
:10627000BF000501CC00A100BB00E5000F01CF006D
:10628000B600F700C1009300C400B2009B008B0071
:10629000AA00F400C2009100C200D500F700E3009C
:1062A000A400C700DE00CD00E400CE00D600B5009B
:1062B0009900EA00F2009D00B100E2000C01DF004D
:1062C000AD00E600D8009800C100C300A8008D0012
:1062D0009D00FF00EA009500B900D800E700EC003F
:1062E000BE00C900C800B400E100D600BF00D00065
:1062F000AB00C400E800B100A500C600ED00080135
:10630000C300C100DC00AF00BB00D400A8009700B0
:106310009B00D700F300B600B700CA00C700F0002A
:10632000E000BE00CE00CB00DA00CC00B200D0000E
:10633000B400A600E200CE00A100A000CC0017012E
:10634000EC00AF00DA00C700B000C500B100B1003A
:1063500098009D00F700DD00AA00CF00D400ED00FA
:10636000E700B800D300CC00C700E600C100BE00C3
:10637000BA009800D400ED00AC009D00B800FE000B
:10638000FA00B200D200D600A100B700C600B300E8
:10639000A0009A00E600E500A700CA00D800D900D6
:1063A000F400D200C700BE00B300F100E800BB005B
:1063B000C900A800BE00E300B900B500B600CD00DA
:1063C0000901D600B900D600B500B800C300A60088
:1063D000B0009F00B700F000C300B600CD00C600BB
:1063E000EF00F700C900C300B000D800EB00B60012
:1063F000C700C500A200CD00D200B500AE00BD00B0
:106400000B01F900B200DC00CF00AE00C600B800FE
:10641000B3009D009400ED00EA00B200C900C10085
:10642000DC00F500C900CD00C100B000E500C700E8
:10643000B300C300AD00C900D900AA00BA00BF0074
:10644000D700FA00CF00CA00D500B100C100CE00CD
:10645000BB00B400A400CA00E300B900C400D80027
:10646000D300DE00D300D100C900BA00D600D200AC
:10647000B000C400C700C600CA00B700BE00C0001C
:10648000BB00DD00D600C800D200C500C300CE00AE
:10649000B400B800BC00B900CE00BF00BC00CF0003
:1064A000D300DC00D800C800D000D000C600CF0068
:1064B000C100BF00C500C800D200C900C200C600AC
:1064C000C200CA00D000C600CE00CC00CE00D10071
:1064D000BE00B900BA00B600C600C600BD00C500C7
:1064E000C700D100D600C600CA00C800BF00CB005C
:1064F000CC00C300C500C300CD00D200C200C30061
:10650000C700C400CD00CD00CC00CA00C800D30035
:10651000D500C500BC00BD00C400CA00C800C7004B
:10652000C800CA00D000CE00CB00C800C300C50020
:10653000CA00C700C100BA00C300CA00C300C0003F
:10654000BF00C000C700CA00C900CB00C600D00011
:10655000D800CF00C800C300C400C900C800C800EC
:10656000C900C700CE00D300CC00C900C500C500DB
:10657000CA00CA00C500C000BE00C700C900C300F1
:10658000BF00C100C600C700C600C700C400C400E9
:10659000CC00CF00CA00C300C200C800C600C600BD
:1065A000C900C700CC00D200D100CF00C800C6008F
:1065B000CD00CB00C900C700C200C600C900C5009D
:1065C000C400C000C200C600C500C400C600C600AA
:1065D000CA00CD00C900C800C600C600C900C70077
:1065E000C400C300C500C700CA00CA00CA00C70073
:1065F000C700CA00CA00C600C400C800CB00C9005A
:10660000C700C500C600CA00C900C900CA00C90049
:10661000CB00CD00CA00C800C500C400C600C4003D
:10662000C200C200C100C500C900C700C800C9003F
:10663000C800CB00C700C400C400C400C800CB0021
:10664000C600C500C800C900CA00C900CA00CB0006
:10665000CB00CC00CD00CA00C600C600C800C800F0
:10666000C600C500C400C700C800C700C600C500FA
:10667000C700CA00C800C400C400C300C500C800E9
:10668000C700C500C500C700CB00C900C700CB00CC
:10669000CA00CA00CD00CA00C800C700C600CA00B0
:1066A000C800C400C600C800C900CB00C800C800AC
:1066B000CA00CA00CB00C900C600C600C700C70098
:1066C000C700C500C400C600C700C800C600C60099
:1066D000C700CA00CB00C800C600C400C400C70081
:1066E000C800C600C500C600CB00CC00C900CA0067
:1066F000CB00CB00CD00CA00C700C700C600C80051
:10670000CA00C500C500C600C600C900C800C60052
:10671000C700C700CA00CB00C600C300C600C60041
:10672000C700C500C400C400C600C900CA00C70035
:10673000C700CB00CB00CA00C800C700C600C60017
:10674000C900C800C600C500C700C900C900C8000C
:10675000C800C700C900CB00C800C700C600C500FC
:10676000C700C600C400C500C400C600CA00C800F7
:10677000C800C900C900CA00C800C500C600C300DF
:10678000C400C800C600C400C500C700CA00CA00D3
:10679000C800C900CA00CA00CB00C900C700C800B1
:1067A000C800C800C700C500C500C700C900C800B0
:1067B000C900C800C700C900C900C700C500C4009F
:1067C000C500C700C500C700C600C600C900CA0092
:1067D000C800C700C700C800CA00C600C700C7007D
:1067E000C600C800C900C600C700C600C700CB006D
:1067F000C900C900CB00CA00CC00CB00C800C7004C
:10680000C600C600C800C600C500C600C700C90053
:10681000C900C800C700C700CA00C800C600C6003B
:10682000C700C700C600C700C700C500C600CA0031
:10683000CA00C900C900CA00CC00CB00C900C8000A
:10684000C500C600C700C500C500C500C600C90018
:10685000C900C800C900C800C900CA00C800C600F5
:10686000C600C500C700C700C600C600C500C600F8
:10687000C900C900C700C700C900CA00C800C600D7
:10688000C500C600C600C700C600C500C600C700D8
:10689000C900CA00C900C800C800CA00C900C800B1
:1068A000C700C600C600C700C700C600C500C600B6
:1068B000C900C900C800C700C700C900CA00C70096
:1068C000C600C600C600C600C500C600C600C5009A
:1068D000C800CA00C900C900C800C900CB00C9006F
:1068E000C700C700C600C700C800C700C500C50074
:1068F000C800C900C800C800C800C900C900C80055
:10690000C800C500C500C700C700C600C600C60055
:10691000C800C900CA00CA00C700C800CB00C9002F
:10692000C700C700C600C800C800C700C600C50031
:10693000C600C900C900C900C900C900CA00CA0010
:10694000C900C800C500C600C800C700C500C50012
:10695000C700C900C800C800C800C700C900CA00F5
:10696000C900C600C600C800C800C600C600C600F0
:10697000C500C700C800C900C900C700CA00CA00D6
:10698000C800C900C600C600C800C700C600C500D0
:10699000C400C800C900C900C900C700C800CA00B7
:1069A000C800C800C800C500C700C700C600C600B0
:1069B000C500C600C800C700C700C700C700C9009F
:1069C000C900C800C600C400C600C700C700C60092
:1069D000C600C700C800C800CA00C900C900CA0074
:1069E000C800C800C800C500C700C800C700C7006D
:1069F000C500C600C800C800C900C900C600C8005C
:106A0000C900C900C700C500C500C700C500C40053
:106A1000C600C600C700C800C800CA00C800C90038
:106A2000CB00CA00C800C600C600C800C800C80025
:106A3000C800C500C700C900C900C800C800C90017
:106A4000C900C700C800C700C600C800C800C6000B
:106A5000C600C600C800C900C800C900C900C800F7
:106A6000C900C900C900C800C400C700C800C600EA
:106A7000C600C600C700C900C800C900CA00C900D6
:106A8000CB00CB00C900C800C600C600C900C800C2
:106A9000C700C600C600C700C800C900CA00C900B8
:106AA000C900C900CA00C800C600C600C800C700A7
:106AB000C500C500C600C700C800C800C900C8009E
:106AC000C700C900C900C800C600C600C800C80089
:106AD000C700C800C700C800C900C900CA00C90073
:106AE000C900C900C800C800C600C400C600C8006C
:106AF000C700C500C500C600C700C700C800C80061
:106B0000C700C700C700C700C600C500C500C60053
:106B1000C700C500C400C600C800C800C800C8003F
:106B2000C800C900C900C900C800C500C600C80027
:106B3000C800C700C500C500C600C600C600C70023
:106B4000C700C700C700C700C700C500C400C60013
:106B5000C700C700C500C500CA00CA00C900CA00F6
:106B6000CA00C900C800C800C900C600C400C600E9
:106B7000C800C600C600C600C700C800C800C800DC
:106B8000C800C900C900CA00CA00C800C600C700C2
:106B9000C900C900C700C500C800CA00CA00CA00B1
:106BA000CB00CB00CA00C900C900C900C600C7009D
:106BB000C900C900C700C500C700C900C900C90095
:106BC000C900C900C900CA00CA00C900C800C8007D
:106BD000C800C900C800C600C700C900C900C90074
:106BE000C900CA00CA00C800C800C800C600C50065
:106BF000C600C900C800C400C500C700C800C8005E
:106C0000C700C800C900C700C700C800C700C60049
:106C1000C600C700C700C500C400C700C800C70041
:106C2000C800C800C900C800C800C800C600C40029
:106C3000C500C700C700C500C400C600C700C60025
:106C4000C700C700C800C800C700C700C700C6000B
:106C5000C600C700C800C700C400C600C800C900FD
:106C6000C800C800C900C900C700C900C900C600E3
:106C7000C600C700C700C600C400C600C800C700E1
:106C8000C700C700C800C900C800C800C800C700C6
:106C9000C600C600C800C900C600C500C800C900BB
:106CA000C900C900CA00CB00C900C800C900C8009B
:106CB000C700C700C800C800C500C500C800C8009C
:106CC000C800C800C800C900C900C800CA00C80080
:106CD000C700C700C700C900C700C500C800C90079
:106CE000C800C800C900CA00CA00C700C800C70061
:106CF000C500C600C700C800C700C500C600C70061
:106D0000C800C800C800C800C900C800C800C90041
:106D1000C800C700C700C800C700C400C600C8003C
:106D2000C900C800C800C900C900C800C800C80020
:106D3000C600C500C600C700C700C500C500C60024
:106D4000C600C700C700C700C900C900C800C80006
:106D5000C800C700C700C700C800C600C400C600FE
:106D6000C900C900C800C900CA00C800C800C900DD
:106D7000C800C500C500C700C700C600C600C700E0
:106D8000C800C800C700C800C900C900C900C900C0
:106D9000C800C700C700C800C900C800C600C600B8
:106DA000C700C900C900C900CA00CA00C800C9009C
:106DB000C900C700C600C700C800C600C500C6009D
:106DC000C800C800C800C800C800C800C900C90081
:106DD000C900C800C700C700C800C800C700C60077
:106DE000C700C800C800C800CA00C900C900C9005F
:106DF000C800C600C600C600C800C700C600C5005F
:106E0000C600C800C900C800C900C800C800C90041
:106E1000C800C700C700C600C600C700C600C5003E
:106E2000C600C800C900C700C800C900C800C90022
:106E3000C800C600C500C500C600C700C600C50022
:106E4000C700C700C800C700C800C900C900C80003
:106E5000C900C700C700C700C600C800C800C500F9
:106E6000C500C700CA00CB00C800C900C900C800DF
:106E7000C900C800C600C400C400C700C600C500E1
:106E8000C600C600C600C700C600C500C600C900CF
:106E9000CD00CB00C700C800C700C900CB00C800A8
:106EA000C600C700C900CC00C900C700C900C700A0
:106EB000C800C900C600C500C600C700CA00C60099
:106EC000C500C700C700C900C900C500C600C90089
:106ED000CB00CC00C800C600C700C500C700C70073
:106EE000C400C600C700C900CA00C900C900C90063
:106EF000C900CC00C900C600C600C800C900CB004C
:106F0000C500C600C600C600C800C700C400C9004E
:106F1000CA00CF00CC00CB00CA00C900C700C70020
:106F2000C000C100C200C500C900C200C000C0004E
:106F3000C000C700C700C400CA00CF00D200D30001
:106F4000D100CB00C900CA00CE00CA00C300C100F6
:106F5000C400C300C100C100C300C200C800CF000C
:106F6000CD00CD00D500D600D500D200CB00C700A3
:106F7000BF00BA00BA00B400B300B700B500B80053
:106F8000BB00BF00C400C900D500DE00DC00DC008F
:106F9000DE00DD00D800CD00C200BE00BC00C00095
:106FA000BE00B800BA00BF00C700CC00CE00D100C0
:106FB000D400D600DA00D500CD00C900C300BD0062
:106FC000BB00BA00B900B500B600BD00BE00BD00F0
:106FD000C600CF00D600D800D500D400D000CB002A
:106FE000C900C200BF00C200C500C800C500C4007F
:106FF000C800C700CD00D100D000D200D500D40019
:10700000D200C600BF00B900B600BE00C200BD007D
:10701000BD00C200C800C800C700CB00CF00CF0031
:10702000D400D300CC00C400BF00BC00BC00BB0037
:10703000BE00C100C400CA00CC00CA00CF00D3000B
:10704000DB00DB00DA00D900D300CB00C600B900BA
:10705000B400B600BB00BF00BD00BE00C400C3004A
:10706000C700CB00CE00D000D300D600D800CD00A2
:10707000C100B900B700B800BB00BA00BC00C20034
:10708000C900CC00CD00D100D600D900DF00DF0060
:10709000D800CF00CA00C300BB00B500B900BB00D8
:1070A000BA00BF00C300C500C500C800D200D600AA
:1070B000D400D400D400CD00C700BA00B400B4009E
:1070C000B900BE00BD00BF00C600C700CD00D100A2
:1070D000D300D600DB00DF00DF00D300C900C00012
:1070E000B900B700BB00BE00BD00BD00C500CA00AE
:1070F000C800C700CC00D200D600D500D200CD0019
:10710000C700C000B900B400B700BB00BD00C30099
:10711000C800C800CA00CE00D500D700D500D700EF
:10712000D800D100CA00C000B900B500B800C20044
:10713000C400C200C600CB00CF00D000CD00D000FC
:10714000D400D600D700CF00C600BB00B200B1000B
:10715000B500B900BB00BF00C900CE00CC00CC0018
:10716000D100D500D700D900D900D300CA00C5008E
:10717000BE00B400B200B900C000C400C600CA001E
:10718000CC00CE00D100D500D600D700D600D30069
:10719000CD00C200B600AF00B000B900B900BA001F
:1071A000BF00C500C900CB00CC00D100D400D9007D
:1071B000DE00DB00D100C700BF00BB00B600B70097
:1071C000BB00C000C500CB00CC00CD00CD00D0007E
:1071D000D500D800D700D500CF00CB00C000B40048
:1071E000AF00B300B800BC00BF00C600C800C900B3
:1071F000CD00D200D200D400D600D900D300C80000
:10720000BE00B700B300B800BC00C000C300C90096
:10721000CF00D300D100D100D300D900DB00D700CC
:10722000CF00C700BE00B700B100B200B800BC007C
:10723000C100CA00CC00CC00CB00D000D400D400E8
:10724000D200D300CF00CA00C100B700B200B10025
:10725000B800C000C300C900CD00D000D500D500E3
:10726000D300D500D600D800D300CB00C200B800B0
:10727000B200B400B900BD00BE00C500CC00D10012
:10728000CD00CE00D000D500D600D600D200CB0075
:10729000C100BA00B400AF00B300BA00C100C8001A
:1072A000CA00CD00CE00D100D400D600D600D80050
:1072B000D500D200CB00BF00B600B000B500BD00C5
:1072C000BE00C200C700CC00CF00CF00CF00D2006C
:1072D000D200D500D600CF00C700BD00B700B40073
:1072E000B500B900BD00C100C800CC00CD00CE0083
:1072F000CF00D300D500D700D600D100CA00C3000C
:10730000BC00B400B400BB00C000C400C900CD0084
:10731000CE00CE00D000D200D200D200D300D000E8
:10732000CA00C000B900B200B200B800BD00C10080
:10733000C800CD00D000D100D100D200D300D400CD
:10734000D600D200CB00C300BC00B500B300B8002B
:10735000BE00C300C800CE00D000D100D100D300D1
:10736000D400D300D400D100CC00C300BB00B200D5
:10737000AF00B400BB00BF00C500CB00CE00CF0003
:10738000D100D300D400D400D700D500CF00C60070
:10739000BF00B700B200B600BC00C000C500CB0003
:1073A000CF00D000CF00D000D300D300D500D30051
:1073B000CF00C700C000B800B200B300B900BE00E3
:1073C000C300C900CD00CD00CE00D000D200D10056
:1073D000D300D300D100CA00C300BB00B500B50084
:1073E000BC00C100C500CA00CF00D000D000D00052
:1073F000D100D000D300D300D000C900C200BA0031
:10740000B300B300B900BD00C200C900CD00CF0079
:10741000CE00CE00D100D000D200D300D000CA00F0
:10742000C400BD00B600B300B800BE00C400CA006E
:10743000CF00D000D100D100D400D200D200D300C0
:10744000D200CC00C500BD00B500B100B600BB0045
:10745000C000C500CB00CE00CE00CF00D100D100CF
:10746000D100D300D200CD00C600C000B800B300E8
:10747000B600BB00C000C500CC00CF00D000CF00DC
:10748000D100D200D300D400D300D000C900C30083
:10749000BB00B300B500BB00BF00C400C900CC00F6
:1074A000CE00CD00CF00D000CF00D100D100CF0062
:1074B000C800C200BB00B400B500BA00BF00C400E1
:1074C000CA00CD00CF00CF00D000D000CF00D00048
:1074D000D100CF00C900C500C000BA00BA00BD008D
:1074E000C100C500C900CC00CD00CC00CD00CE004D
:1074F000CD00CD00CC00CC00C900C500C100BC004F
:10750000BB00BE00C200C500C800CB00CC00CC0050
:10751000CC00CD00CB00CB00CC00CC00C900C70014
:10752000C400C100BF00C100C400C600C800CA003A
:10753000CB00CB00CA00CB00CA00CA00CB00CA00F7
:10754000C800C700C500C300C100C200C400C60017
:10755000C800C900C900C900C900CA00C900C900E3
:10756000C900C900C900C800C700C500C300C400E5
:10757000C600C700C800C900C900C900C900C900C9
:10758000C800C800C800C800C800C700C700C600BF
:10759000C400C500C600C700C800C900C900C900B2
:1075A000C800C900C800C800C800C700C700C7009D
:1075B000C700C600C600C600C700C800C800C90092
:1075C000C900C900C900C900C800C800C700C70079
:1075D000C700C700C700C700C600C600C700C80074
:1075E000C800C900C900C800C800C800C800C7005A
:1075F000C700C600C600C600C600C600C600C70059
:10760000C800C800C900C900C900C800C800C80037
:10761000C800C700C700C600C600C600C700C70034
:10762000C700C700C800C800C900C900C900C80019
:10763000C800C700C700C700C600C500C500C60017
:10764000C700C700C700C800C900C900C900CA00F8
:10765000C900C800C800C800C700C700C600C600EF
:10766000C600C600C600C700C700C800C800C900E1
:10767000C900C900C900C900C800C800C700C700C8
:10768000C700C600C500C500C600C700C700C800C7
:10769000C800C800C900C900C900C900C800C800A6
:1076A000C800C800C700C600C600C600C600C700A4
:1076B000C700C700C800C800C900C900C900C80089
:1076C000C800C800C800C700C700C700C600C60081
:1076D000C700C700C700C700C800C800C800C8006E
:1076E000C900C900C800C800C700C700C700C7005C
:1076F000C600C600C600C700C700C800C800C70053
:10770000C800C900C900C800C800C800C800C70038
:10771000C800C700C600C600C600C700C700C70033
:10772000C700C800C900C900C900C900C900C80015
:10773000C800C800C700C700C600C600C600C60013
:10774000C600C700C800C800C800C900C900C900F9
:10775000C900C800C700C700C700C700C700C600EF
:10776000C600C600C700C700C700C800C900C900DE
:10777000C900C900C900C800C800C800C800C700C7
:10778000C600C600C700C700C600C700C800C800C2
:10779000C800C900C900C900C900C800C800C700A6
:1077A000C700C700C600C600C600C500C600C700A7
:1077B000C600C800C800C900C900CA00CA00CA0083
:1077C000C900C800CA00C700C700C500C600C50080
:1077D000C600C600C700C700C700C600C800C90071
:1077E000C900C700C700C800C600C600C500C40065
:1077F000C400C300C600C900C800C700CB00D00049
:10780000C900C400C500D500C500CE00CC00B8003A
:10781000BB00CB00CD00C900E300DB00D600B00008
:10782000D200B6009500BA00D3009F00B100B700A7
:10783000C700C000C400F600FD00FA00FB00F00025
:10784000E600D100D100B700C50097009300930077
:10785000A4008D00A300B400D100E400E400F10016
:10786000FA00D800E000CD00CE00BB00AE00A400BE
:10787000B4009500A200CF00CE00D700E700F700CB
:10788000E700D500DA00CF00C700C700B900A600A6
:10789000C100A900B200CE00DC00DA00D600EF0083
:1078A000E600C300C900BD00AE00AF00A50099000E
:1078B000B500A100AB00C200CF00DD00DA00F80087
:1078C000FC00DC00DE00DD00C600C500BB00A2003D
:1078D000BC00A300AC00B600C200D200D200ED0094
:1078E000F900E100DF00E700CF00C900C600A900F1
:1078F000B800A200A500A600B100BC00BE00CE00EA
:10790000E100D300D000E000C700C500CE00B70002
:10791000C600B600BA00BB00C500CD00D100D9003A
:10792000EC00E000D300E500CB00C400CA00B600C4
:10793000BC00B100B600B800C000C700CF00D30043
:10794000E200DB00CB00DE00C100B800BE00AF00EB
:10795000AC00A900B000B400BB00C700D400D9003F
:10796000E700E700D500E800CF00C400C700BE0074
:10797000B300B200B700C000C400CC00DA00DF00E2
:10798000E200E200D100E100C800BB00BA00B7008D
:10799000A600A700AC00B700B900C300D100DC000E
:1079A000DC00DF00D100DF00CB00BD00BA00C0006A
:1079B000AC00AB00B100C000C400CB00DC00EB00A9
:1079C000E800E900DF00E700D600C500BB00C10009
:1079D000A500A000A200B000B300B900CB00E000F9
:1079E000E100E300E000E600DD00CB00BE00C800DF
:1079F000AB00A1009E00AC00B100B300C200DA00F1
:107A0000E000E100E400EB00E800D800CA00D90083
:107A1000BF00B000AA00B300B600B200BD00D300A2
:107A2000D900D400D900DC00DD00CD00BD00D000BD
:107A3000BC00AE00A700B000B700B300BB00D3008D
:107A4000DD00D600DB00DC00E100D100BE00D2008A
:107A5000C300B300AB00B300BD00B800BE00D60049
:107A6000E400DB00E200DE00E500D500BE00CE0051
:107A7000C300B100A700AC00B600B200B400C9005A
:107A8000DA00D300DA00D600E100D300BB00CA0060
:107A9000C800B800AE00B200BE00BB00BC00D00001
:107AA000E200D900E100D800E200D500BD00C4002A
:107AB000C700B600AD00AF00BC00BA00BB00CD00EF
:107AC000E100DB00E300D900E300D600BE00BB000C
:107AD000C100AF00A400A500B100B200B300C50012
:107AE000DB00DC00E800E000EB00E200CE00C500B7
:107AF000CC00B900AC00AA00B300B500B300C200CE
:107B0000D600DA00E500DF00E900E200D200C200A2
:107B1000CC00BA00AB00A700AF00B000AF00BA00C5
:107B2000CD00D300DF00DC00E500E200D600C3009A
:107B3000CD00BE00AF00AB00B000B300B100BC0090
:107B4000CD00D500DF00E100E600E500DE00C80062
:107B5000D000C400B400AE00B100B300B000B90062
:107B6000C700D000D700DD00E000E000DC00C60068
:107B7000CB00C300B300AE00AF00B200B000B8004D
:107B8000C500D000D400DF00E000E000E100CC0040
:107B9000CE00C900B900B300B300B500B400BB000B
:107BA000C500D200D100DF00DF00DE00E000CD0024
:107BB000CB00C800B700B100B000B100B100B80000
:107BC000C000D000CC00DD00DC00DB00DF00CF0017
:107BD000C900C900B900B300B300B200B400BA00D4
:107BE000C300D500D000E100E200DF00E100D600D4
:107BF000CB00CA00BA00B100B000AE00B000B600C1
:107C0000BD00D100CD00DE00E100DE00DF00D800C5
:107C1000CA00CA00BA00B000AF00AB00AE00B400AA
:107C2000B900D000CD00DD00E400E200E100DF009B
:107C3000D000CF00C200B600B300AD00AF00B3006B
:107C4000B700CD00CB00D800E200E100DE00E0008C
:107C5000D000CE00C200B500B100AB00AB00AF0059
:107C6000B200C600C800D400E000E200DE00E3007D
:107C7000D400D200C800BB00B600AF00AE00AF0019
:107C8000B300C400CA00D200DF00E300DD00E4005E
:107C9000D700D200CB00BE00B600AF00AE00AD00F2
:107CA000B000BD00C700CD00D900E000D900E2005F
:107CB000D700D000CC00BF00B800B100B100AE00CA
:107CC000B300BB00C900CD00DA00E200DB00E20037
:107CD000DA00D100CE00C300BB00B200B200AF009A
:107CE000B400B800C800CC00D700E000DA00E00023
:107CF000DB00CF00CC00C300BA00B000B000AD0084
:107D0000B300B500C600CA00D500E000DB00E0000B
:107D1000DF00D200CE00C700BD00B300B300AF004B
:107D2000B500B300C500CA00D400E000DD00DF00EC
:107D3000E100D200CD00C800BE00B300B000AD002D
:107D4000B500B000C100C700D200DD00DD00DE00DC
:107D5000E300D400CD00CA00BF00B400B000AD0005
:107D6000B500B000BE00C700D100DD00DF00DE00BE
:107D7000E700D900CF00CE00C300B800B000AC00CF
:107D8000B500AE00BA00C300CE00D800DC00DA00B7
:107D9000E500DA00CF00CF00C500BA00B000AC00AB
:107DA000B500AF00B800C200CD00D600DC00D9009D
:107DB000E600DD00D000D000C700BE00B100AE007C
:107DC000B500B200B600C100CD00D500DC00D9007E
:107DD000E500E000D100D000C900C100B200AD0054
:107DE000B200B100B200BD00C900D100DA00D60077
:107DF000E200E200D300D100CB00C500B500AF0027
:107E0000B300B500B200BC00C800D100DA00D60053
:107E1000DF00E300D500D000CC00C700B600AF0003
:107E2000B200B600B100BB00C700CF00D900D70038
:107E3000DD00E300D500CE00CB00C800B700AF00E6
:107E4000AE00B600B000B900C500CF00D900D80020
:107E5000DC00E500DA00D100CD00CB00BB00B100B2
:107E6000AE00B700B000B600C200CD00D700D90008
:107E7000DA00E400DC00D100CD00CC00BD00B2008F
:107E8000AC00B600B000B400BF00CA00D400D900F6
:107E9000D800E200DF00D300CF00CE00C100B60062
:107EA000AC00B500B100B300BE00C900D200DA00DA
:107EB000D700E100E200D500D000CE00C400B90038
:107EC000AD00B500B100B100BA00C600CF00D900C6
:107ED000D500DD00E200D500D000CF00C700BC0017
:107EE000AF00B400B300B200B900C400CC00D900A8
:107EF000D600DC00E400D700D100CF00C900BF00ED
:107F0000B100B300B400B100B700C300C900D6008F
:107F1000D500D900E300D800D200CF00CA00C000CD
:107F2000B300B300B500B200B600C100C800D6006F
:107F3000D700D700E200D900D300CE00CB00C100AB
:107F4000B500B100B500B300B600C100C700D50050
:107F5000D900D700E200DA00D400CE00CC00C30084
:107F6000B700B000B400B100B300BE00C500D2003D
:107F7000D900D700E100DD00D600CE00CC00C30060
:107F8000BA00B000B400B200B300BD00C300D0001E
:107F9000D900D700E000DF00D800D100CE00C50036
:107FA000BD00B000B300B200B200BA00C100CC0006
:107FB000D700D700DD00E000D900D100CF00C60017
:107FC000C000B100B300B100B100B900C100C900E8
:107FD000D600D700DB00E000DB00D300D100C800F2
:107FE000C300B400B300B200B100B600BF00C700C8
:107FF000D400D800D900E000DC00D400D100C900D2
:10800000C400B600B300B300B100B500BE00C300A9
:10801000D100D700D700DF00DD00D500D200CB00B3
:10802000C700BA00B400B400B300B400BE00C20080
:10803000CE00D700D500DE00DD00D600D100CB0099
:10804000C600BC00B400B400B300B400BE00C2005F
:10805000CD00D800D500DC00DD00D700D200CC0078
:10806000C700BE00B400B300B300B200BC00C10042
:10807000CB00D800D600DC00DE00D900D200CE0054
:10808000C800C100B500B300B300B100BB00C00020
:10809000C800D700D500DB00DE00DA00D200CE0039
:1080A000C800C200B600B300B400B000B900BF0001
:1080B000C600D500D600DA00DE00DC00D400D00017
:1080C000C800C400B600B300B400B000B700BE00E2
:1080D000C400D300D600D900DE00DE00D500D200F7
:1080E000CA00C700B900B300B300AF00B400BC00C1
:1080F000C100D000D500D700DD00DF00D600D300DE
:10810000CB00C900BC00B400B400B100B300BB0098
:10811000C000CE00D500D600DC00DF00D700D300C1
:10812000CC00CA00BF00B600B500B200B200B90072
:10813000BF00CA00D500D500DB00E000D800D400A5
:10814000CD00CB00C100B700B500B300B200B9004C
:10815000BE00C700D300D400D900DF00D900D4008E
:10816000CE00CB00C300B800B400B300AC00AD003B
:10817000BC00C000D400D200D800E100E300D5006C
:10818000D400D400CA00C600BD00B800B600B800D4
:10819000C200BE00C900CC00C700CC00D100DA008C
:1081A000EA00DF00DD00CA00B000AC00AA00A100B8
:1081B000AB009900AD00BC00C100DA00EC00F80093
:1081C0000201F400E700D800CB00B900BC009E001B
:1081D0009C00B400C100D500D900E600F500DF0026
:1081E000C100B900B400A600970093009900AC004C
:1081F000B300C800D700F0000101EF00EA00D8008A
:10820000CA00C500AC009C00AF00AE00B100B600D3
:10821000BE00D800EB00DC00D300DE00E000D4009C
:10822000C900CF00E500D300C500C100C500CA00E9
:10823000C600BC00BD00C300C500B800BA00C9003C
:10824000D700C900C800C300C000C900B1009F002A
:10825000B600B100B800B800C300E000ED00E400D3
:10826000DB00D900D900D900B800A600B800B800DA
:10827000AF00A900CF00EF00E800EB00F100F30031
:10828000F000D800BF00C000AC009C009700930035
:10829000B400C500C000CA00D500D500E400D3007A
:1082A000BA00C700C600B400A400B500CB00C900E6
:1082B000C600C800D400E300E300CA00D400D70021
:1082C000CC00BB00B200D300D800C400C300CB0078
:1082D000C400CF00C900BA00CF00D100C400C00064
:1082E000CE00DD00DC00D100C400C400C200BE002E
:1082F000A400A700AE00B200B100AB00D000E400C3
:10830000DC00D600D900DA00DA00CE00AE00BD00F5
:10831000BF00B200A900BE00E100E800DF00E300FA
:10832000EE00E800DF00CF00C100BA00B100A300FA
:108330009100B300C300C700C800D200D800E1001C
:10834000E400BF00C500C800B600A000A000BD004A
:10835000BF00BE00BA00D000DE00E200E100D8009D
:10836000E100DF00CA00B600CB00D400C500BA00AF
:10837000B800BF00C200C900BB00C900D200CD00D8
:10838000C400C400DB00DF00D700C100C500C60088
:10839000BB00BB00A900AF00BD00BB00AD00CA0020
:1083A000E300E100D800D000D800D400CB00B50035
:1083B000B100B700B200AA00B100D800E600E600A4
:1083C000DE00EB00EA00DB00DB00C000B500B70018
:1083D000A8009500AA00C200CB00D300CE00DC00AC
:1083E000E600E300CF00C200C500BB00A6009A0073
:1083F000B300C000C200BA00CA00DE00DD00E30026
:10840000D600D500D900C900B400BE00CC00CA0017
:10841000C700B800C800CE00CD00CD00CC00D00011
:10842000D000C800BA00CA00D600D100BF00BA0010
:10843000C300BA00C000B200B200C500C600B80058
:10844000C500E100E700DF00CF00D600D600C50080
:10845000BA00AE00AF00B000AC00A700C700DD005E
:10846000E400E100E400E700E000E000C900BA0039
:10847000BD00B000A000A300BD00CD00D800CE001C
:10848000D800E600E200D400C600C200BD00AC0087
:108490009900A600BB00C000BF00C600DA00DF00E4
:1084A000E500D900D600D800CA00BA00B200BF006B
:1084B000C700C600BA00C200CF00CF00D600D1006E
:1084C000D100D500D100BA00C000D300D300C50050
:1084D000BE00BF00C000C500B600B500C500C600A4
:1084E000BE00BA00D300E000DD00CF00D000D10014
:1084F000C700C100B200B200B500B400AE00BD00BC
:10850000D900E300E500E200DE00DD00DF00C60088
:10851000B600B900B000A8009E00B300CF00DC0098
:10852000D500DD00E900E700E000CD00C600C10095
:10853000B3009F009D00B500BD00C000C500D00085
:10854000D900E300D900D200D200CA00C200AF00B7
:10855000B400C600C600BE00C200CB00D000DD00E3
:10856000D200D000D700D600C200BA00CE00D200A0
:10857000C800C000BC00C100C700BE00B800C500F4
:10858000C700C600BA00C700DB00DA00D000CF0089
:10859000CB00C600C700B800B100B700BA00B700F2
:1085A000B700CF00DF00E500DE00D900DB00DD0012
:1085B000CB00BA00B600B300B000A100AA00CC0006
:1085C000DA00D700DC00E600E300E400D300C700D7
:1085D000C000B800A8009B00AD00BC00C400C800EB
:1085E000CF00DA00E100E200D600CE00CA00C700EA
:1085F000AE00A800BC00C200BC00BF00C800CE0096
:10860000DE00D800D200D800D900CA00B800C600E9
:10861000CD00CC00C000BC00C200C400C400C0003B
:10862000C400C800CD00C000C000D300D700D300F4
:10863000CD00C800C300C600BD00B300B500BC003B
:10864000BF00B600C500D900E600DD00D500E0009F
:10865000DA00D100C200B700B300B700A700A50040
:10866000C400D300D700D900E100DF00E000D8004B
:10867000C900BF00BA00B3009F00A700BB00C9003B
:10868000CE00D100DD00DD00E500DA00CA00C60042
:10869000C400AF00A400AD00B400BC00BA00BD002F
:1086A000CE00DB00E100D800D500DD00D200BA002A
:1086B000C800D900D500CD00CE00D500CE00CB003B
:1086C000CA00C600CB00CC00B700B600C700BC0093
:1086D000C600C000AF00B200B900B300AE00B800E1
:1086E000BB00BF00BF00BD00D400DE00E000D90029
:1086F000E800EB00E100DC00CB00D900C700B100CE
:10870000AF00CB00D300E200E000CE00DB00DB00D6
:10871000C600AE00B4009C009A00A00087009B0039
:10872000B700C900C900DE00E2000301EB00BB0096
:10873000D400D700C400B200C900E100B500B70002
:10874000E500D500CD00F400BF00AD00B500D800B5
:108750009200AB00DD00E500A000E3000101A400F1
:10876000CB002401BE00A300FB00FB00AA00E20036
:108770001301CF00AF00BE00C1008C00CB00BB00D6
:1087800092009700B000C400A100D500CA00990073
:10879000AE00D700BD00C9000801D9009800B200A2
:1087A000C4008200C5000A010601C500E4000C01F6
:1087B000D5000F011801C2008B00A600BA00A3006B
:1087C000D500E000C400B500B300D300BD00D9005F
:1087D000D5009F009F009C0088009B00E300DA000A
:1087E00096008100C300C800060137011201C000D5
:1087F000C300F400B600E200D400D70097009B004D
:10880000D600BB00E300F400E100B400960099003C
:10881000A900E000F700CC00A7009D00AD00D0004B
:10882000EF00C5008100AB00BA00AC00E500070115
:10883000FC00C200CE00E600AA00D000F000E1007B
:10884000B000A500BC00A600E4000501EC00A700F4
:108850009B00C300D3000101E100AC00A400940020
:108860008A00A800BE00D800B700D800E200CB0004
:10887000F40009010201B000B500A1008300B200BC
:10888000F700F100A700B300E000CE00F000ED001B
:10889000C400B000A000BF00AF00CF00D800BD00F2
:1088A000BA00A700A800C500F200EF00D000DA006F
:1088B000C600AB00CD00F800EF009200AA00C40093
:1088C000B400E700E900DC00B200BE00C800AA0066
:1088D000C200DC00D200B900B900C100BB00D70063
:1088E000D500AC00A8008800A300BC0002010E0166
:1088F000CB00E200DD00DC00E200E900CB009700E5
:10890000AF00BF00A000B800EC00F000B900C0004C
:10891000CC00B800DB00E700E100B4009500A30044
:108920009F00CB00D000A200B000AF00D700EF0046
:108930000601EF00C500D700BB00A3009E00D700D2
:10894000DA00AE00D500CE00C200E6000301EE0062
:10895000B900A900B500A100D600F100CE00A50025
:10896000A200C400B200C900C000BE00C500BF0024
:10897000CE00BE00F200F800CC00D200B400A90086
:10898000BC00E400E800B600C000B800AF00CD00B5
:10899000F500DD00AD00BB00D700D300D900D20048
:1089A000C700B1009D00A8008700CA00DF00DB00FF
:1089B000EA00D500D600D300F800E100B700AB0014
:1089C00098008F00AB00ED00E100B400D400DF00A0
:1089D000CE00D300DD00E200B400C300C8009A005E
:1089E000B700D500D100AF00A700BE00C100E20073
:1089F000F400EB00D500B800BC00B400DF00CC00F0
:108A0000AA00BC00BC00CD00CA00E600E800C4001B
:108A1000CB00C7009900B400DD00E000BE00BD003F
:108A2000C500B100C400C800CC00A200AD00BA006F
:108A3000BB00F500F400E100D900D100D000BD007A
:108A4000C600CD00B200C300BB00A800B500EE0018
:108A5000F100C400CA00CE00C900C700E700E6006C
:108A6000A600A800AE009600AF00C100CC00BE007A
:108A7000C800F000DB00E400E700DF00C700B00042
:108A800097009B00CA00D300C800CA00CD00D700E1
:108A9000D300EA00F000B200C400C100B000C3007F
:108AA000D400D200A800B800C300B100B100D700C4
:108AB000E100D100D200C700B900D900E100D10027
:108AC000B600AB00C400B600D700E200C200C90087
:108AD000C500BD00BE00D800DC00BA00CD00E1003A
:108AE000CA00B600CD00D500AA00AD00A300A700C3
:108AF000C100DF00FD00D100CE00E700D100CF00B3
:108B0000D200B400AE00A300AB00B400D000DD0082
:108B1000CF00D900DC00DB00B700DB00DF00C100C4
:108B2000C800B200AA00B300DD00E200B300BF003D
:108B3000BD00B600B700C600D600B600C200B60041
:108B4000BF009900BC00C000CC00EA001601F6008E
:108B50000E010501F400CE00C2009B00A900A70091
:108B6000BE008B00A40099009B009600B600C000D8
:108B7000E600E200F90006010301E100F600BB0097
:108B8000B800C200AD00A400AF00AB0095009C008F
:108B9000B700AC00E700F500F400F8000701DF00C3
:108BA000E700D200C200BA00C000A700B300B100C5
:108BB000A600B400BD00B100DC00E500E600EF0057
:108BC000FA00BF00BF00AF009800A100BA00A800E3
:108BD000AF00C100AC00B000CB00BA00E100F5006E
:108BE000F600FA000501DB00DD00C300AC00A100C7
:108BF000B500A300A800C0009F00A000C300B800FB
:108C0000DB00F700FF00FA001301EF00E400D100E1
:108C1000BA00A200A90094009100A5009200900063
:108C2000B000A300C100E000EA00FC001F01FB004F
:108C3000EA00E400D300B300C400B2009D00B70016
:108C4000A7009600B700A800BE00DA00E700EF001A
:108C50000F01FF00EE00E700D700B300C000B50031
:108C60009D00B700A2008700A900A000AD00CA00C7
:108C7000DA00DC000301FD00E900E100DB00B800E0
:108C8000C100BA009D00B600AC009000B000A80082
:108C9000AF00CF00E500EA000C010B01F100EB0092
:108CA000EC00C800C500C2009D00AF00A80087000E
:108CB000A100A000A600C300D800DB00FB00090152
:108CC000ED00EB00E900C100BC00C1009B00AC005E
:108CD000A90085009A00A200A400C000DB00E1000A
:108CE000FE001801FC00F300F600D500CC00D10016
:108CF000AB00B100B2008D009A00A0009500AE005C
:108D0000CE00D700EA000E01F400E700EF00D40027
:108D1000C500CE00AE00B100B90094009700A100DC
:108D20009900AA00C700CD00D7000401F600E900B1
:108D3000F200D800CA00DB00C300C000CB00A800CE
:108D4000A000AF00A500AC00C700CF00D100FC0020
:108D5000EF00DC00E500D100BF00CE00B700B0009E
:108D6000C300AD00A200B100A300A600C300D30061
:108D7000CE00FC00F600E000E800DA00C200CC0003
:108D8000BB00B000C000B100A000B200A900AB0061
:108D9000C700D700CD00FD00FD00E900ED00E000B8
:108DA000C600D000C400B400BD00B3009500A6000A
:108DB000A400A000B600D000C400ED00F800E6005A
:108DC000E900E000C800D200C800B600C000C10041
:108DD0009F00AE00AB00A100B400D500C600EB00C0
:108DE000F900E800E700E300C700C900C600B500CD
:108DF000BB00C500A300AF00B200A800B700D900B7
:108E0000C700E600F800E800E400DF00BF00BA0099
:108E1000BC00AB00AB00BE00A100A900B400AD00D7
:108E2000B600DE00D100ED000201F200E900E6002C
:108E3000CB00C100C300B100AB00C100A600A80078
:108E4000B300A800AB00D800D100E300FF00F3009E
:108E5000E800E700CE00BF00C100B000A600BD00E2
:108E6000A600A100B200AC00A900D500CE00D90038
:108E7000F800F500E900E900D400BF00C400B80024
:108E8000A700BF00AE00A300B500B200A900D20049
:108E9000D300DB00F800F600E900EA00D800C200C9
:108EA000C800BB00A400BA00B0009E00AE00AD0038
:108EB0009E00C400CE00D300F300F900ED00ED00E9
:108EC000E100C600C600C000A700B900B2009C00C7
:108ED000AB00AD00A000C200D100D100F100FE0047
:108EE000F200F100E900C900CC00C600AA00B600FB
:108EF000B7009800A800AF009D00B700CC00CE00DE
:108F0000EA00FD00F100EB00E800D000CA00C80054
:108F1000AA00B100B6009A00A600AB009B00B10009
:108F2000CC00C900E400FF00F900F300F500D50013
:108F3000CE00CE00B200B100BB009D00A100AE008B
:108F4000A000AA00CB00C900DE00FA00F800EE0085
:108F5000F500D500C600CA00B500AD00BB00A200F8
:108F6000A200AE00A600A600C400C900D900F5000A
:108F7000F300E700F200D700C800CF00BB00B0004C
:108F8000C100AA00A600B000AD00A500C400C90041
:108F9000D200F000F800EA00F600E000C900CC00C2
:108FA000BD00AE00C100AB00A200AA00AB009F0054
:108FB000BD00C500CB00E600F600E800F500E400C7
:108FC000CC00CE00C300B000C100B200A800AE00CB
:108FD000B4009E00B700C500CA00E400F500E5003B
:108FE000F000E600CF00D000CA00B400C200B80014
:108FF000AA00A900B400A000B100C200C400D900BA
:10900000F100E600F100EC00D000CC00CB00B40091
:10901000C000BA00AA00A500B300A200B000C400BE
:10902000C600D900F400E800EE00EF00D600CE0044
:10903000CE00B500BB00BA00AD00A800B900A50085
:10904000AA00C100C300D400F200E900E900ED006D
:10905000D600CA00CE00B800BA00BC00B000A5001F
:10906000B700AA00A900C100C200CD00ED00EC00CD
:10907000EC00F400DD00CA00CD00BA00B900BE006B
:10908000B200A000B300AC00A700C200C800CF002F
:10909000EC00ED00E700EF00DF00C900CB00B800F6
:1090A000B100B900B500A600B800B400A700C00028
:1090B000C900CE00E900F000E500EB00E000C900C7
:1090C000CD00BF00B400BA00B700A400B300B600E2
:1090D000A800BE00C500C700E100F000E900F100F3
:1090E000E800CA00C900C100B300B900BA00A4007A
:1090F000AC00B400A500B900C700C800DE00EF0056
:10910000E700EE00EC00D200CE00C600B300B700CE
:10911000BD00AB00B000BA00A500B100C300C5009F
:10912000D800EF00E700E800EC00D300CE00CC0050
:10913000B900BA00BD00A800A800B700A700B100A0
:10914000C100C200CF00EB00EC00ED00F300DA003C
:10915000CA00CB00B800B600BF00AC00A500B50047
:10916000A900B000C300C900D300EB00EA00E90089
:10917000F300E100CF00CD00B500AE00BA00AE00B4
:10918000A400B600AA00A900BD00C500CD00EA00F9
:10919000EF00E800F100E200CE00D200BE00B40013
:1091A000BB00B100A200B200AC00AB00BB00C40029
:1091B000C600E400F000EC00F500EA00CD00D000AD
:1091C000BF00B300BB00B500A200B100AB00A70018
:1091D000BA00C800C900E100ED00E600EE00EC00B6
:1091E000D100D200C200B000B600B800A500B200A5
:1091F000B300A800B500C500C500DC00EE00E70024
:10920000EB00EC00D100D300C800B800BA00BC00ED
:10921000A700AF00B300AB00B200C300BF00D20094
:10922000EB00E900EC00F200D500D200CA00B70064
:10923000B800BE00A900AB00B100A800AF00C30099
:10924000C400D200E800E700E800F300D900D50030
:10925000CE00BA00B500C000AE00AB00B400AB0059
:10926000AA00C000C100CD00E600E900E600F3005E
:10927000DD00D500D200C100B700BF00AF00A700DD
:10928000B100AA00A800BC00BD00C500E100EA00D2
:10929000E700F500E300D600D400C300B700BF002C
:1092A000B300A800B100AD00A800BD00C300C60017
:1092B000DF00E900E400F300E500D600D100C200C1
:1092C000B300BC00B800A800B100AF00A800BA000D
:1092D000C300C500DC00EA00E500F000E600D600AF
:1092E000D300C700B600BB00B900A700B000B200B1
:1092F000A600B500C200C100D800EA00E700F200F5
:10930000EA00D800D400CB00B700B800BB00A8002A
:10931000AC00B100A800B500C300C300D300E50055
:10932000E400ED00ED00D900D500CC00B700B80096
:10933000C000AD00AF00B300AA00B200C100C00081
:10934000CF00E300E200E900EB00DA00D400D00037
:10935000BD00B700C100AF00B000B700AA00AE006A
:10936000BE00BC00CA00E200E600E800EF00DE003C
:10937000D500D100C000B600C100B100AC00B30000
:10938000AB00AC00BF00C000C700DD00E200E7009A
:10939000F000E100D600D200C300B500C300B50064
:1093A000AC00B400AD00AA00BC00BF00C500DA00EC
:1093B000E400E400EE00E300D800D600C800B600E8
:1093C000C000B400AC00B300AE00A600B700BC0003
:1093D000C100D800E500E600F200E800DB00D7009D
:1093E000CB00B600BE00B700AA00B000AE00A700D8
:1093F000B800BF00C200D400E400E500F100EA00BC
:10940000DA00D400CC00B600BD00BA00AC00B00059
:10941000B100A800B500C000C100D100E300E20027
:10942000EC00E900DC00D700D000B900BB00BB00B5
:10943000AD00B100B300A800B200BF00C000CE0074
:10944000E400E300EC00EC00DE00D600D100BA003E
:10945000BA00BB00AE00AE00B300AA00B200BF006D
:10946000C000C900DF00E000EB00EE00DF00D60026
:10947000D300BE00BA00BF00B300B000B500AB001F
:10948000AE00BC00BF00C500DB00DE00E500EB0065
:10949000E100D800D800C400BB00C100B600B10094
:1094A000B700AD00AA00B800BD00C200D900DF00BF
:1094B000E500ED00E400D900D800C700BC00BF0003
:1094C000B700AE00B400AE00AB00B800BE00BF00F5
:1094D000D500DD00E300EE00E600DA00D900CA00A6
:1094E000BC00C200BB00B000B800B200AA00B500CA
:1094F000BE00BC00CF00D900DE00E900E400DB00C4
:10950000D800CE00BC00BE00BB00B000B500B40067
:10951000A800B100BD00BD00D000DF00E100EC00FC
:10952000EA00DE00D900D000BC00BD00BB00AF00E7
:10953000B200B400AC00B300C100BE00CF00DF0039
:10954000E100EC00EA00DD00D700D100BE00BB0066
:10955000BB00AF00AF00B100AA00AF00BC00BD006F
:10956000CC00DC00DD00E800E900DF00D900D1001C
:10957000B800B300B800B900C200C900C000B6000E
:10958000C100BC00C100D000CC00D900DE00C60084
:10959000BD00C500C500CB00D200CC00CA00D10080
:1095A000C000BE00C200C700B800C400B500C300C0
:1095B000D100DC00D600D500CB00BA00C600B70051
:1095C000BC00B500B900A700AC00A500AF00DA00F0
:1095D000E500F100F500F000F100E400D900B90069
:1095E000C400AE009E00920099009F00BB00CC001A
:1095F000D400EB00EF00F900FC00F500DF00D6001E
:10960000B7009D009C00A300A600B700B800B900F9
:10961000BA00D700C500DD00D100DB00D300D100C7
:10962000BF00CB00CD00CB00CF00D200C100D400E2
:10963000CC00BD00B900B400A300B200BC00BD0066
:10964000D800F100F100F200F000D800DD00CF00FA
:10965000C300AC009F008B008B009400A100C700EA
:10966000D900E400F700F900FA00ED00E600C300BD
:10967000B700AA00970091009C00A600B400CC009F
:10968000D200E200F100FF00F800F600D800C700A9
:10969000BA00A7009D00A900B400BE00C900C80020
:1096A000BE00DE00CF00D800D100CD00BF00C80052
:1096B000BB00BA00C900C800C800D500CF00CE006A
:1096C000D100C200B500B300A600A800B400B900E4
:1096D000CC00EF00F400F100FA00E200E500D60053
:1096E000CB00A800A60096008C008E009B00B60060
:1096F000D800ED00F900FF000301F400EB00CD00FD
:10970000B300A20098008E0095009E00AA00C2003F
:10971000D000DB00E700FD00ED00F800E800D2001B
:10972000C300B5009F00A600BB00BF00C500CB0072
:10973000BE00D300D000CB00C900CB00BD00C800E4
:10974000C500BE00CE00D800D500D800DB00CB009D
:10975000D200C900B400A4009D009700A500B3008A
:10976000BF00DF00F500F400FA00ED00ED00DC00C2
:10977000D600B600AD009F00910089009A00AB00B2
:10978000C800E200EB00F70009010001EF00DA0079
:10979000BC00A500A200960091009C00AD00BC009A
:1097A000CE00D600DB00F900ED00EF00E400CE00B3
:1097B000BD00BD00A700A100B600BE00C200D200DF
:1097C000CC00D100D700CF00C600CE00C400C2003C
:1097D000C500C200C800D700D600CF00DA00CF0015
:1097E000D500CA00BB00A300A5009B00A000AC00F0
:1097F000B900D000F300FC00FA00F200F200DB0038
:10980000D600BB00AA009B00980089009600A50026
:10981000BC00DC00EC00F60004010601F200E600EA
:10982000D100B100A5009E0092009A00AF00B400E4
:10983000C100CF00CD00E900E900E600DE00D8005D
:10984000C300C200B200A500B700C800CC00D00021
:10985000D100CA00D100CD00BC00BF00BE00B800DE
:10986000C000CA00C900D800E400DA00DE00D6005B
:10987000D900CA00C600AC00A6009B009A00A30055
:10988000B300C700E300F700F500F000F800E100C6
:10989000D400C100B1009D009F008F009000A30084
:1098A000B800D200E500F200F7000801F800E80077
:1098B000D700BB00A800A6009C009900AF00B6002E
:1098C000BE00D000CB00DC00E600E700DA00E000DC
:1098D000CD00C300BB00AC00AF00BF00C800C50096
:1098E000CE00CB00CF00CC00BE00BA00BF00BB0052
:1098F000BC00C900CA00D400E700E000DA00D500CF
:10990000DC00CA00C900B600A8009F00A000A000AB
:10991000AC00C200D800F100F700F000F600EA0049
:10992000D700C700BB00A600A20098008F009D00D2
:10993000B100C000D300E900E9000201FE00EC0024
:10994000DD00CD00B200AA00A3009D00AB00BC006A
:10995000C000CB00C900D200DD00E500D500DA0070
:10996000D300C500BF00B900B100BD00CC00C800E5
:10997000CC00CE00CE00C900C200B900B800B800CB
:10998000B700BF00C900D200E100E400DE00D6004D
:10999000E100D200CA00BE00AD00A000A2009C0001
:1099A000A000BA00CF00E900F700F500F300F600D0
:1099B000E400CC00BE00AD00A0009D009500980022
:1099C000AA00BB00C800E200E200F600FD00F300C0
:1099D000E000D900BC00AC00A600A000A300B500C8
:1099E000BE00C300CB00D500DA00E600DC00D900E1
:1099F000D400CD00BA00BB00AF00B300C600C90060
:109A0000C600CD00D400C900CD00BE00B500B50031
:109A1000A900B300CF00DA00F200E400E500E000A6
:109A2000D500E500CA00D400A000A000A700B70040
:109A30009500B600BD00F900DE00F600E100ED0083
:109A4000E500CB00CE00CE00B300A000A2007A005B
:109A50009300A700B900AC00CC00DE00F9000801BB
:109A6000140103010901D800C200A300B000BA002C
:109A7000AD00D900B500AD00C900EC00E600E8007B
:109A8000E800DA008E00960096009400A100D40051
:109A9000F500E500C900C000C5008D008900D100B7
:109AA000B6007F00B900FA00E200D4004801450189
:109AB000D600C500F700D5007600F200AC006700C4
:109AC0005800B0009F00B900F400E300AC00C000F3
:109AD000D800DE00B600DE00E500BE00B000CC001D
:109AE000D900B100D3000901FB00E100F6004201FA
:109AF000DD00C300D200DE0046004D008B00750083
:109B00005E00B800AC009F00B800F900DF00D5008F
:109B1000ED00C600D100BD00D800E500EC00FE005D
:109B20000401F000DE0007010101B4009D00C9003E
:109B3000A8009200AE000601C900BB00EC00E000E6
:109B4000A0009100D00094006C008A0091007F007A
:109B50008A00C200DF00D9000D01F100FB00FD000A
:109B600017011301E400F900DE00D000AE00BC00D4
:109B7000D1009B009B00D400C1009F00C4000E01D7
:109B8000DD00A500E200B80091006D00B40098006F
:109B90008E00AA00B800BB00CB00F200F300DC008E
:109BA000F700DC00D800D800DD00E000CF00ED00B9
:109BB000F200DE00D600D800F80099009400A7005B
:109BC000A10069009000CC00D100B200FB00E400CD
:109BD000D500BE00ED00D600A300B300A400A20093
:109BE000A600C100CB00C600F000E300ED00FA00C3
:109BF0000901F100D500C900D600B400A700950006
:109C0000C60090009700C000C3009A00BE00FD008F
:109C1000EE00CC00EF00D500BB00A800BE00C200E3
:109C2000AB00C700C700CA00E300F100F300C500A5
:109C3000E600C500C300BC00C900B300B600BA000E
:109C4000DD00CD00C400C100E400B5009800BC00F8
:109C5000B5008A009400D700DD00D5000001F300B4
:109C6000E700DD00F100DA00BD00C100AC00A80093
:109C7000C500CA00D600BA00E100D500D600D50064
:109C8000DA00CD00A600AE00C700BF009F00A40010
:109C9000C300BB009D00CE00CF00B300B300E900BD
:109CA000EF00D600F800E100CE00C800DB00CA00DB
:109CB000BB00C700B100BD00D600E300D500BD0069
:109CC000CF00D100BB00B900B900C5009E00AC00B8
:109CD000CC00D700BE00C100D600C600A200CB0059
:109CE000C800A3009E00D100E400D400F300E4000B
:109CF000D800E300E700D500BA00CE00A800B1000C
:109D0000BC00DA00CD00C300C500D700C400C40009
:109D1000C700CE009C00A200CE00D200B300B2006B
:109D2000D300D400AF00D100CF00BA00A800D70004
:109D3000DE00CC00E700DE00C100D600D700D40072
:109D4000BD00D500AB00B500C900E400D600C600D8
:109D5000C200D900CC00B800BF00CF00A700A1000E
:109D6000D200D900BD00C100D700D400AE00D5009C
:109D7000CD00BE00A100CA00D800D000E300D90089
:109D8000BC00D100DA00D000B600CD00B100AC00BC
:109D9000C400DB00DB00D100C800DC00D700BF003E
:109DA000C300D700AE009A00D000E000BE00C4009F
:109DB000D500D900B900D800CA00BC00A500C10078
:109DC000CA00C100D800D100BD00C600D800CE0036
:109DD000BC00CB00B800AA00BC00D500DE00CF005C
:109DE000C200DD00DF00C800C400DC00BF00A1002D
:109DF000CE00DF00C300C100D400D000B600D10007
:109E0000C900B900AD00BA00C700C100DD00CD0037
:109E1000BF00BE00D600CD00B700BE00BA00AB0048
:109E2000B400D000E300D500C600E000E500CD009E
:109E3000C400DC00C9009B00C800D900C900BE00F6
:109E4000D800CC00BD00D200C900B200B300B600FB
:109E5000C000BA00D700CE00C500BE00D800D500B3
:109E6000BD00BD00C500AE00AA00C700E400D100DF
:109E7000C000D700E800D000C700DC00D800A10077
:109E8000C900D900CE00BC00DA00CD00BA00D20073
:109E9000CA00C800C700C700C700C800C700C80084
:109EA000C800C700C700C800C700C700C700C70078
:109EB000C700C700C800C700C7000000390FC800AE
:109EC000C800C800C800C800C800C800C800C80052
:109ED000C800C800C800C800C800C800C700C70044
:109EE000C700C700C800C700C700C700C800C80037
:109EF000C700C700C700C800C800C800C700C80026
:109F0000C700C800C800C800C700C800C800C80013
:109F1000C800C800C700C800C700C700C800C70005
:109F2000C800C800C800C700C800C800C800C700F3
:109F3000C800C800C800C800C800C800C800C800E1
:109F4000C700C800C700C700C800C700C700C800D6
:109F5000C800C700C700C800C700C700C800C700C6
:109F6000C800C700C700C700C800C700C800C800B5
:109F7000AF00AA00CB00B200BA00D600E800E100B2
:109F80009700C400F000DD007D00DB00FD00DB0079
:109F90009700CA00E200B7009D00B700EF0028015B
:109FA000FC0099009C0083004C007B00B600260159
:109FB000DD0058018F018F0170015101EB00B200EB
:109FC000630035000A0001000600040000000800DC
:109FD0001C007F00170162016401750161016401C9
:109FE000870171014001CB003600140016000E00FD
:109FF0000D000C00050012007000E3001F017D0140
:10A000008F018D018F018F018F018E018F0155010D
:10A010002301EC00A9006E00390025002500320064
:10A02000510052006800B600CA00FA0003010601A0
:10A03000DC00E100BE007F005200330009001E007A
:10A0400025002A002B003B004600460075008000DA
:10A05000A100A200A400A600A100A2008800930015
:10A06000A700B200AD00C900AF00A000A900BF006A
:10A07000B700B600BA00C400D900F60008012501F7
:10A0800030014601590168017A01670176018801B2
:10A090008F018E018D018D018F018C018F018D014A
:10A0A0007A017A016301410134011F0109010401B0
:10A0B0001201FB00EA00E500DB00D800DC00E00054
:10A0C000E800E900D700D300CA00A8007B005100D7
:10A0D0001900000000000000000000000100000066
:10A0E0000000000000000000000000000000170059
:10A0F0001E003600550065007D009D00AE00C700C3
:10A10000DF00EF00FA00FD00FF000601060101017B
:10A110000301F300F100F600F900FB000201050164
:10A120000D0118011B01250135013B0145014D01C0
:10A130004F01470146013E013E013B01350135011A
:10A1400039013E013C0138014301460152015701EA
:10A150004E01470140012F011B010B01F300D0000C
:10A16000BA009E007B006F005A00450042003F008D
:10A17000350032003D003F0044004D0057006200B2
:10A180006F007A008500930097009A00A400AD004C
:10A19000B700BC00C700CF00D900E000DF00E60038
:10A1A000E400E400DF00E300DB00D500CF00C500E1
:10A1B000BB00B300B000AF00B300B600B700C200F0
:10A1C000C800CF00D000D700DC00DC00E200DA00DD
:10A1D000D900D600D300CF00CF00D100CE00D000F0
:10A1E000D600D800DE00DF00E200E700EC00EC0063
:10A1F000EB00EC00EA00E500E500DE00DC00DB003F
:10A20000D800D500D600D300D200CF00D100D100B5
:10A21000D200D400D400D400D300CF00CD00CC00B5
:10A22000C700C300BD00B600B000A900A0009800A0
:10A2300091008300780071006B0067006400660085
:10A2400069006E0074007C0085008D0097009F00FF
:10A25000A600AF00B400B800BE00C300C500C70030
:10A26000CB00D000D700DA00E200E700EE00F500F6
:10A27000FB00010106010A010D010E01110110018F
:10A280000D0109010601FF00FA00F600F100EC00E3
:10A29000E900E800E500E700EA00EC00F000F30068
:10A2A000F500F600F700F800F800F600F300EF0004
:10A2B000E800E100D900D100CA00C400BD00B70029
:10A2C000B200AE00AA00A500A2009F009B0097006C
:10A2D000930090008D0089008500820080007E0040
:10A2E0007E007E008100840088008C009100960032
:10A2F0009B00A000A600AA00AD00B000B300B5000E
:10A30000B800BA00BD00C000C400C800CE00D5002F
:10A31000DD00E300E800EF00F500FA00FE000201B6
:10A32000060106010601050103010001FD00F90017
:10A33000F500F000EC00E700E300E000DC00D900ED
:10A34000D700D300D000CD00CA00C700C400C100B0
:10A35000BE00BB00BA00B700B500B300B300B30045
:10A36000B300B400B500B700B800B800BA00BA0036
:10A37000BB00BC00BD00BF00C100C300C400C800DA
:10A38000CB00CD00CD00CF00CE00CE00CD00CD0063
:10A39000CA00C900C600C300C000BE00BB00BA00AE
:10A3A000B900B800B700B800B800B800B800BA00EB
:10A3B000BA00BA00BA00BA00BA00B900B800B800D2
:10A3C000B800B800B800BA00BB00BC00BE00C000B6
:10A3D000C100C300C300C400C600C600C700C80057
:10A3E000C900CB00CC00CD00D000D200D600D800F0
:10A3F000DF00E100E200E800EC00EB00F600F50011
:10A40000F300F100F000F300EF00F000E800EC00D2
:10A41000EB00EB00E900E500E500E600E100DC0010
:10A42000D900D400CA00C200BC00B800B100A90025
:10A43000A600A900A500A10099009900990092002A
:10A44000910093008B008F008F0090009300990083
:10A4500095009D00A400A300AA00AA00B000B200CD
:10A46000B600BD00BE00C500C300C800CF00D100CB
:10A47000D600D900DC00E000DF00E500E700EA00DC
:10A48000EB00E800EA00ED00F100EF00EE00ED0067
:10A49000EF00ED00EB00E900EB00E500E500E9006E
:10A4A000E500E300E700E400E200E300DC00DA009E
:10A4B000D700D100CC00C800C100BE00BC00B7006E
:10A4C000B300B200AD00AB00AA00A700A500A30036
:10A4D000A400A400A500A400A400A300A600A70057
:10A4E000A800AA00AE00B100B300B800BB00BF00D6
:10A4F000C400C500CB00CD00CF00D200D400D700EF
:10A50000DA00DA00DC00DB00DC00DB00DC00DA0073
:10A51000DA00DA00D700D700D600D600D400D30086
:10A52000D200D000CD00CC00C900C800C600C200D7
:10A53000C200C200BF00BD00BC00BB00BA00BA0030
:10A54000B800B700B700B700B600B600B700B80053
:10A55000B600B800BA00BB00BE00C000C300C60011
:10A56000C800CC00CF00D300D500D600D900DC0055
:10A57000DD00DC00DD00DF00DF00DF00DF00DE00EB
:10A58000DD00DC00DC00DA00D800D700D700D50001
:10A59000D300D100CE00CD00CB00C800C500C30061
:10A5A000C000BF00BD00BB00BA00B800B800B600D4
:10A5B000B300B400B300B100B100B000B200B0000D
:10A5C000B000B000B000B100B200B400B500B600F9
:10A5D000B800B900BA00BC00BE00C000C300C5008E
:10A5E000C600C800CA00CC00CE00D000D100D40004
:10A5F000D500D700D800D900DA00DA00DB00DC0093
:10A60000DD00DC00DC00DD00DD00DC00DC00DB0068
:10A61000DB00DA00D700D700D600D500D300D10088
:10A62000CE00CD00CD00CA00CA00C900C800C600D7
:10A63000C500C300C200C100C100BF00BE00BD0014
:10A64000BC00BA00BA00B800B700B600B500B5004B
:10A65000B400B500B500B600B600B700B800BA0047
:10A66000BA00BD00BF00C000C300C400C500C600E2
:10A67000C800CA00CB00CD00CD00CF00D000D10073
:10A68000D200D300D400D300D400D400D500D4002D
:10A69000D300D300D200D200D100D000D000CE0031
:10A6A000CE00CC00CC00C900C900C700C600C40061
:10A6B000C400C200C100BF00BF00BE00BE00BD009C
:10A6C000BD00BD00BE00BE00BE00BF00BF00BF0099
:10A6D000C100C200C400C400C400C600C700C80056
:10A6E000C900CA00CB00CC00CD00CD00CE00CF0009
:10A6F000CF00D000D000D000D000D000D000D000DB
:10A70000CF00CF00CE00CE00CE00CD00CD00CD00DA
:10A71000CC00CB00CA00CA00C900C800C700C700EF
:10A72000C500C500C400C300C300C200C100C00012
:10A73000C000BF00BF00BE00BF00BF00BF00BF0021
:10A74000BF00BF00BF00C000C100C200C200C20005
:10A75000C200C300C400C600C600C700C800C900CC
:10A76000CA00CB00CB00CC00CD00CD00CE00CE0087
:10A77000CE00CE00CE00CE00CE00CE00CD00CD006B
:10A78000CD00CC00CC00CC00CB00CB00CB00CB006C
:10A79000CB00CB00CB00CB00CB00CB00CA00CA0063
:10A7A000C900C900C900C900C800C800C800C70066
:10A7B000C600C600C600C500C500C400C400C40071
:10A7C000C300C200C200C200C200C200C100C20079
:10A7D000C200C200C200C200C200C200C300C30067
:10A7E000C300C400C400C400C400C400C500C50048
:10A7F000C500C600C700C700C700C800C800C80021
:10A80000C900C900CA00CA00CB00CB00CC00CC00F4
:10A81000CD00CD00CE00CE00CE00CF00CF00CF00C7
:10A82000CF00D000D000CF00CF00CF00CF00CE00AF
:10A83000CE00CD00CD00CC00CC00CB00CB00C900B9
:10A84000C900C800C700C600C500C400C400C300DA
:10A85000C300C200C100C100C100C000C000C000F0
:10A86000C000C000C000C000C000C000C000C100E7
:10A87000C100C200C200C300C300C400C400C500C0
:10A88000C500C500C600C600C700C800C800C80093
:10A89000C800C900C900CA00CA00CB00CB00CB0069
:10A8A000CB00CC00CC00CC00CC00CC00CB00CC004A
:10A8B000CC00CC00CB00CB00CA00CB00CA00CA0041
:10A8C000CA00C900C900C800C800C800C800C80044
:10A8D000C700C800C700C700C700C600C600C60042
:10A8E000C600C600C600C500C600C600C600C60039
:10A8F000C600C600C600C700C700C700C800C80021
:10A90000C900C900C900C900C900CA00CA00CB00FB
:10A91000CB00CB00C800CA00CE00CB00CC00C900E1
:10A92000C800CE00C900C200BD00D300CB00CD00DE
:10A93000BE00AE00C900E000CD00AD00BE00C20008
:10A94000C600B100C800CF00D800D900B200D600C0
:10A95000E500A200B600C300EE000A01C400A60094
:10A96000A4007E007D009900B60029015B0143012F
:10A9700089018F018A011C01ED006A007400020048
:10A980000E0002000100000003000A006100060141
:10A990004C0172017D017F017D01870186015B0110
:10A9A000F1005E00130016001300160009000900F4
:10A9B0000B005D00B50018016B018F018F018F0145
:10A9C0008E018D018F018E0164013201ED00BC000A
:10A9D000730051002A0024002F003C004300540063
:10A9E0009A00C800F00013010D01E600C300C40086
:10A9F00099005E005000230025002F002100240054
:10AA0000200032005E0073008B0095009A00AE00BB
:10AA10009A00970097008B008F009C00B300B10054
:10AA2000BD00B900A100A800C800B200BE00C4006B
:10AA3000C900CD00EA00090116012A0146014C01B6
:10AA40006A017E0170017C0189018F018F018F01F4
:10AA50008F018E018F018F018F017A017C016801C6
:10AA600057014601290112010101FB00FB00F00022
:10AA7000E600DD00E400D900DC00DC00E200EA00D2
:10AA8000DA00CA00B1008200590030000000000066
:10AA900000000000000000000000000000000000B6
:10AAA00000000000000000000B00230036005000F2
:10AAB0005A0071008C00B000C000D900E000F50021
:10AAC000F7000B01FF00090107010201FA00F10084
:10AAD000F500F700FD00030102010A01160119014A
:10AAE00027013801440140014C014C014D014D0149
:10AAF00047013B0137013C013601320134013C0181
:10AB000041014201470151015101500146014101FA
:10AB1000300121010E01F500D900C100A50085001A
:10AB20006E006000470041003A00360035004100E9
:10AB30003E0041004700540060006B007700820037
:10AB40008A0092009B00A500AF00B200BB00C600C7
:10AB5000CF00D300DF00E100E300E200E300E30008
:10AB6000E300DE00D400CE00C700BE00B700B00096
:10AB7000B000B100B500BB00BF00C600CC00D000E3
:10AB8000D500DA00DE00E000E100D700D400D500F7
:10AB9000D200D100CF00CF00D100D500D900DB001A
:10ABA000E000E200E400EB00ED00EC00ED00EA0064
:10ABB000E700E300E000DE00DB00D800D700D500AE
:10ABC000D400D300D000D000D300D500D300D300F0
:10ABD000D400D400D000CD00CC00C800C200BE001C
:10ABE000B800B200AA00A3009C00930088007C007B
:10ABF00073006E0068006500650069006D007300F9
:10AC00007B0083008B0095009C00A400AE00B30085
:10AC1000B700BC00C100C400C700CA00CE00D40009
:10AC2000D900DF00E600EC00F300F800FE000401AC
:10AC300008010B010F01110110010E010A010601AB
:10AC40000201FC00F600F200ED00E900E700E5007B
:10AC5000E700E900EB00EE00F200F400F600F70078
:10AC6000F800F800F700F500F000EA00E300DC006F
:10AC7000D400CC00C600BE00B800B200AF00AA00ED
:10AC8000A600A300A0009D009800940091008E00F3
:10AC90008A008600830080007F007E007E008000A6
:10ACA000830086008B008F00950099009F00A5000F
:10ACB000A900AC00AF00B200B400B800B900BC00FD
:10ACC000BF00C300C700CC00D300DB00E100E700F9
:10ACD000ED00F300F900FD00010105010601070187
:10ACE000060104010101FE00FA00F600F200ED0089
:10ACF000E800E400E100DD00DA00D700D400D10074
:10AD0000CE00CB00C800C500C200BE00BB00BA0028
:10AD1000B700B500B300B300B300B300B400B50092
:10AD2000B600B800B800B900BA00BB00BB00BC0058
:10AD3000BE00C000C200C400C700C900CC00CD00E6
:10AD4000CF00CF00CE00CD00CD00CC00CA00C700A0
:10AD5000C400C100BF00BC00BA00B900B800B70011
:10AD6000B700B800B800B800B900B900BA00BA001E
:10AD7000BA00BA00B900B800B800B800B800B8000E
:10AD8000BA00BB00BC00BE00C000C100C200C300CE
:10AD9000C400C500C600C600C800C900CA00CC0077
:10ADA000CD00CF00D200D500D800DD00E100E300E7
:10ADB000E600E800EF00EA00EB00F300F800EE0028
:10ADC000EE00F200EF00EC00EC00ED00E800EC001B
:10ADD000E500E000E400E000DB00DA00D300CE0094
:10ADE000C200BC00BD00B600B200AB00AB00A600C4
:10ADF000A4009B00960096009200900090008E00A8
:10AE00008D008D0091009200990098009C00A00098
:10AE1000A200A700AA00AB00B300B100B800BE00BA
:10AE2000C400C200C800CD00CC00D200D500DB00B9
:10AE3000E300E100E400E700EA00EA00EC00EA00D9
:10AE4000E900EF00F100EB00ED00ED00ED00EB009C
:10AE5000EA00EB00E900E800E800E500E500E300B7
:10AE6000E300E300E400E100DB00DA00D400CF00FF
:10AE7000CB00C200BE00BD00B900B400B200AD00FE
:10AE8000AA00A900A800A500A500A500A400A40090
:10AE9000A400A400A500A500A600A700A900AD007D
:10AEA000B100B200B600BC00BF00C300C500C900BD
:10AEB000CC00CF00D100D300D600D900DB00DA00EF
:10AEC000DB00DB00DB00DA00DA00D900D900D800B3
:10AED000D800D800D700D500D400D300D000CD00D2
:10AEE000CB00CA00C800C600C300C100C200BF003A
:10AEF000BE00BD00BB00BA00BA00B800B700B90080
:10AF0000B600B700B700B700B900B700B800BA0084
:10AF1000BC00BD00C000C200C600C700CA00CE0011
:10AF2000D200D400D500D900DB00DD00DD00DE005A
:10AF3000DE00E000DF00DF00DE00DD00DC00DA0024
:10AF4000DA00D900D600D500D500D200D200CF005B
:10AF5000CD00CB00C900C600C300C100C000BE00C8
:10AF6000BB00B900B800B600B500B400B300B30030
:10AF7000B200B100B100B000B000B100B000B0004C
:10AF8000B200B200B300B500B600B700B900BC0013
:10AF9000BC00BD00BF00C200C400C500C700CA009D
:10AFA000CB00CE00CF00D200D300D500D700D70011
:10AFB000D900DA00DB00DB00DC00DD00DD00DE00B4
:10AFC000DD00DD00DD00DC00DA00DA00DA00D800A8
:10AFD000D700D500D500D400D100CF00CE00CC00E2
:10AFE000CB00CA00C900C800C700C500C400C20029
:10AFF000C100BF00BF00BE00BD00BB00BC00B90067
:10B00000B800B700B600B500B400B500B500B40094
:10B01000B600B600B600B800B900BB00BC00BE0068
:10B02000C000C200C300C500C600C700CA00CC00F3
:10B03000CD00CE00CF00D000D100D200D200D3008E
:10B04000D400D400D500D400D400D400D200D30062
:10B05000D200D200D100CF00CF00CD00CD00CB0078
:10B06000CA00C800C800C600C500C400C200C100B4
:10B07000C000BF00BE00BE00BD00BD00BD00BE00E0
:10B08000BE00BE00BE00BF00C000C100C200C300C1
:10B09000C400C500C600C700C800C900CA00CB0074
:10B0A000CC00CC00CE00CE00CF00CF00CF00D0002F
:10B0B000D000D000CF00D000D000D000CF00CF0013
:10B0C000CE00CE00CD00CD00CD00CC00CC00CB001A
:10B0D000C900C900C800C800C700C600C500C40038
:10B0E000C300C300C200C100C000C000BF00BF0059
:10B0F000BF00BF00BF00BF00BF00BF00BE00BF0059
:10B10000C000C100C100C200C200C200C300C40030
:10B11000C500C600C700C800C900CA00CB00CB00EC
:10B12000CC00CC00CD00CE00CE00CE00CE00CE00B4
:10B13000CE00CE00CE00CD00CD00CD00CC00CC00A6
:10B14000CB00CB00CB00CB00CB00CB00CB00CB00A7
:10B15000CA00CB00CA00CA00CA00C900C900C900A1
:10B16000C900C900C800C800C700C600C700C600A3
:10B17000C500C500C400C400C400C300C300C300B0
:10B18000C200C200C200C100C200C100C200C200B1
:10B19000C200C200C200C300C300C300C300C40099
:10B1A000C400C400C400C500C500C500C600C70077
:10B1B000C700C700C700C800C800C800C900CA004F
:10B1C000CA00CB00CB00CC00CC00CD00CD00CD0020
:10B1D000CE00CE00CE00CF00CF00CF00CF00D000F9
:10B1E000CF00CF00CF00CF00CE00CE00CD00CD00ED
:10B1F000CC00CC00CB00CB00CA00C900C800C700FF
:10B20000C600C600C500C400C300C300C200C2001F
:10B21000C100C100C100C000C000C000C000C0002B
:10B22000C000C000C000C000C100C100C200C20018
:10B23000C300C300C400C400C400C500C500C600EC
:10B24000C600C700C700C800C800C800C900C900C0
:10B25000CA00CA00CB00CB00CB00CB00CB00CC0097
:10B26000CC00CC00CC00CC00CC00CC00CC00CB007F
:10B27000CB00CA00CA00CA00CA00CA00C900C9007F
:10B28000C900C800C800C800C800C700C700C70080
:10B29000C700C600C700C600C600C600C600C6007C
:10B2A000C500C500C600C600C600C600C600C60070
:10B2B000C700C700C700C700C800C800C900C90050
:10B2C000C900C900CA00CA00CB00CB00CB00CD002A
:10B2D000CA00CC00CB00CA00C900C900C500CD001F
:10B2E000D300CE00C200C500C900B200AD000E0000
:10B2F00059007D0097007C01940039018F018F0176
:10B300008F0111014D004800FC00030124000000E2
:10B310000000000000002D003E00C20059018E0117
:10B320008F018E018F018F018F01870119016F003D
:10B330004C000600000002000000000000000000B9
:10B340001B00560073007000E1007101840186014A
:10B350006D018D0186018D018E017F01DF00DA0014
:10B3600067000A00070000000000130033005500CA
:10B3700068009E00AC0005012C014E0123015E0116
:10B3800051018B018D0183014301D800B1009E0062
:10B39000D40055003900630049009F009F00CB0096
:10B3A0007100BF00C9000C01C5002501F400650152
:10B3B000170137014301B600AC00AA008C00B000B1
:10B3C0009D00E100D5000E016800530028004900EF
:10B3D000040126010301D500F000C300EA00DF00EC
:10B3E000FE00FE00CE00CB00B2009600C800860032
:10B3F0007E00920085009D008700850091009F00DF
:10B4000013011C01E500F7009500B5002401C500FB
:10B410002301C100D500DB003900D8006E00960082
:10B42000C000DC00AA00C400AA00CF00E6000601AC
:10B43000DC002B01D800AB00E700DA00C20064009A
:10B44000B0009A00BE00AD00980081007700B40003
:10B45000AF00CE00E200EC000601F000F000C900F1
:10B46000E20003011D010201E100DC00B900A700B8
:10B47000B700B50080009B009800B700D100AC0079
:10B48000D000EE000C01F200ED00F800E200D50063
:10B49000EB00F700FA00E400BA00C100C000CC00E5
:10B4A000B2009A00B000C400B600B600B000A2001E
:10B4B000ED00DF00D700D7000601FA00F400070115
:10B4C000DB000401CD00C600AE00A900BC0097005F
:10B4D0008800D9007500CB00A000EF00F7008C00B9
:10B4E0000E011E01DB00D600FE000001D600BA00EE
:10B4F000CE00BD00C800A7008F0099007D0082002B
:10B50000C000B800BE00F100D300E000EA00E9008E
:10B510000E01FD00E400DA00D500C500AA00B2006B
:10B5200080008B00A4009C009000A000B000B90037
:10B53000B400C200CB00DA00ED00DB00ED00F50046
:10B54000E500E100CC00C700BA009E0090008D002D
:10B550009F00A6009B00A000A700BF00D000BF0076
:10B56000D700DD00EF00ED00F700DC00E200D800BE
:10B57000CA00C100BA00C300B6009200A200A60033
:10B58000A600AE00BA00A900D300D300D900E100A4
:10B59000F800F000E100EE00E800D300D000A900C0
:10B5A000CE00B300AF009E00AA00A3009B00C7001E
:10B5B000B000B400BB00D700D600F500EC00F000EE
:10B5C000E700E300EB00D000C500C200AE00BD0004
:10B5D000AE00A800A900B300C200BA00CD00D70099
:10B5E000D300E100E800ED00E100E000DF00D5005D
:10B5F000CB00C900C700B900B600B800BB00AF005F
:10B60000BB00BE00C100C800CA00D400DA00DF00E1
:10B61000E400D900E000DE00D100C900C900C2008A
:10B62000BB00BC00B400B200BE00BF00B900C10046
:10B63000C500C900CF00D500CF00D900DD00DC0077
:10B64000D800D500D500D300CA00CA00CB00BF0087
:10B65000B700B500AF00B900BD00B900BB00C30022
:10B66000C600C900D000D000D000D100D200D40064
:10B67000D100CA00C700CC00C500C200C000B9009C
:10B68000B900BB00BE00BD00BE00C000C800C900BC
:10B69000CB00CA00D100CF00D100CE00CE00CA003E
:10B6A000C900C400C200C100C200C200BD00C10088
:10B6B000C100C400C400C400C900CA00CC00CC0052
:10B6C000CF00CD00CB00CC00CB00CA00C800C60024
:10B6D000C100BF00BF00BE00BF00C100C100C40068
:10B6E000C400C700C600C800CA00CE00CC00CD0010
:10B6F000CE00CB00CB00CA00CA00C600C700C700FE
:10B70000C600C300C100C200C100C300C300C10025
:10B71000C400C600C800C900C800CA00CA00CE00E4
:10B72000CD00CC00CB00CA00CB00C900C800C800C7
:10B73000C400C400C400C400C500C600C500C600E3
:10B74000C800CB00CA00CC00CD00CB00CC00CB00A1
:10B75000CA00C900C800C700C700C500C400C400B3
:10B76000C600C400C800C700C700CA00CD00D00092
:10B77000D000D100CE00D000CF00CF00CE00CD0051
:10B78000CB00C800C800C600C700C600C500C40082
:10B79000C400C700C600C600C700C900C800C90071
:10B7A000C900C900CA00C800C800C800C600C5005A
:10B7B000C500C400C300C200C000C000C200C10078
:10B7C000C200C200C300C400C500C300C700C70058
:10B7D000C500C700C600C600C600C500C400C3003F
:10B7E000C600C500C600C300C500C700C900C90027
:10B7F000C800C700CA00CC00CA00CB00CB00CA00FA
:10B80000CB00CA00CB00CA00CA00C800CB00C900E8
:10B81000C900C700C700C900C900C800C800CB00E4
:10B82000CD00CB00CD00CA00CB00CD00CA00CE00B9
:10B83000CF00CC00CD00CB00CA00C900C200C500BB
:10B84000C800C500C300C400C700C600CA00C600C7
:10B85000CA00C300C600C800CB00CA00CB00C700A6
:10B86000C700CA00C500C400C300C400C600C400AD
:10B87000C400C400C800C500C300C600C900C90098
:10B88000C800CA00CA00C900C700C600C700C70078
:10B89000C500C200C700C600C700C700C600C80078
:10B8A000C500C600C400C600C800C400C500C90069
:10B8B000C600C900CA00CA00C700C700C400C6004D
:10B8C000C500C400C100C500C300C400C400C90055
:10B8D000C800C900C600C900CA00CA00C900CA0021
:10B8E000C800C900C900C800C800CA00C800C80014
:10B8F000C900C600C700C800C500C700C800C8000E
:10B90000C900C900CA00CA00C900CB00CC00C900E8
:10B91000CC00C900C700C900C700C900C800C800E2
:10B92000C800CB00CB00C900CB00CA00CB00CA00C6
:10B93000C800C800C800C800C700C600C500C800CD
:10B94000C500C300C300C400C400C500C500C500D5
:10B95000C600C700C800C600C700C800C700C800AE
:10B96000C900C800C600C700C600C600C600C600A1
:10B97000C700C600C600C800C700C600C600C60093
:10B98000C800C900C900C800C800C900CB00CA006F
:10B99000C700CA00C900C900C800C800C700C70066
:10B9A000C700C700C700C600C600C600C600C80062
:10B9B000C700C700C600C600C700C600C600C50055
:10B9C000C600C600C500C600C500C600C700C60048
:10B9D000C600C600C700C700C800C800C800C9002C
:10B9E000CA00C800C900C800C800C900C800C70014
:10B9F000C700C800C800C700C800C800C700C8000A
:10BA0000C900C700C900C900C900C900CA00C900EF
:10BA1000C800C900CA00C800C900C800C800C600E4
:10BA2000C700C800C600C800C400C700C700C800DF
:10BA3000C800C700C800C800C800C800C600C800C9
:10BA4000C900C900C800C500C600C700C800C800BA
:10BA5000C800C700C600C800C900C800C800C800A8
:10BA6000C800C700C900C900C800C700C700C70098
:10BA7000C800C700C600C600C700C800C800C8008C
:10BA8000C600C700C800C900C800C700C700C7007B
:10BA9000C800C900C800C600C600C700C700C6006D
:10BAA000C700C600C600C700C700C700C700C50062
:10BAB000C600C700C900C800C700C800C800C80049
:10BAC000C900C700C900C700C800C800C700C70038
:10BAD000C700C900C900C800C800C700C700C90026
:10BAE000C800C900C800C800C900C800C800C80014
:10BAF000C800C800C800C800C700C700C700C7000A
:10BB0000C700C700C700C700C700C800C800C700FB
:10BB1000C800C700C800C800C700C700C700C700EA
:10BB2000C700C700C700C700C600C700C600C700DF
:10BB3000C700C800C700C700C800C800C800C700C9
:10BB4000C700C700C800C800C700C800C700C700BA
:10BB5000C700C800C700C700C700C800C700C700AB
:10BB6000C700C700C700C700C700C800C700C7009C
:10BB7000C800C800C800C800C700C800C700C80087
:10BB8000C800C800C800C800C700C800C700C80077
:10BB9000C800C900C700C700C900C800C900C80064
:10BBA000C700C700C900C800C800C800C700C70058
:10BBB000C800C800C700C700C800C700C800C70049
:10BBC000C800C800C800C800C800C700C700C70038
:10BBD000C700C700C800C700C700C700C700C8002B
:10BBE000C800C800C700C700C700C700C700C7001B
:10BBF000C800C700C700C700C800C800C700C80009
:10BC0000C800C900C800C700C800C800C900C800F3
:10BC1000C700C600C800C800C800C700C600C600EC
:10BC2000C800C900C700C700C800C800C900C700D5
:10BC3000C700C700C800C800C700C700C700C600CB
:10BC4000C700C700C600C600C600C700C800C800BD
:10BC5000C800C600C800C800C800C800C800C600A8
:10BC6000C800C700C600CA00C800C900C700C80095
:10BC7000C900C800C700C700C800CA00C800C80083
:10BC8000C800C600C800C800CA00C800C600B4008A
:10BC9000B500B000BC00CB00C700DD00DC00EE004A
:10BCA000DC00B900AC0093007F009200BB00EF0005
:10BCB0002F01380171018F018E014F0107016700CB
:10BCC00026000D000B000100000000000000110024
:10BCD00087000A014D016F0174017501800188011F
:10BCE0008A0152011401610029001A001400160093
:10BCF0000E000C000C005F00C7001D0171018E01D9
:10BD00008A0187018C018F01890188017A01540120
:10BD1000FA00AC0071003000140026003E0039002B
:10BD200034006D00B400CC00D6000B01E800E50043
:10BD3000A3008C006E002D0019001B0023002400BE
:10BD40002F004B0049007C009500AB00B700A3001A
:10BD50009E00A300A8009C00880074009C008B003B
:10BD6000C600C700C100BA00AA00A300C900CB00EA
:10BD7000C700E0000301F700060126013B01220194
:10BD80003D015C01620162016C016A0168017C0194
:10BD9000710186018F018E018F018901740181017A
:10BDA00081016F015001250121010C01FB00F90007
:10BDB000D400D600F100EB00CD00DB00C600CD00C2
:10BDC000C400C100A2008B007A00690021000100BC
:10BDD0000000000000000000000000000000000063
:10BDE00000000000000000000000180037003C00C8
:10BDF0005C00800081009500CD00E200F9001D018B
:10BE00001E0114010F010E010D010E0112011B0193
:10BE10000301F800F300EF000901110114012401EE
:10BE20004B01400135013A014901440149014801F2
:10BE30004501310126010F011B0114011E013D01C5
:10BE400057015C0150015101670164016F016401F8
:10BE5000680145011E011901F200B9009D00890029
:10BE6000750040003D0049002B0007000D00210037
:10BE70001F002A002D0046004D005F0053006700A0
:10BE8000680063006900840095009300A200A90087
:10BE9000B200BE00BF00E600F300E800FD001201A2
:10BEA0001E010001F600EE00E800ED00F200E700E0
:10BEB000E000CB00B700A600B700CD00D400EA0038
:10BEC000DC00DB00C400C800CA00D600DB00EA00CA
:10BED000E900DB00EA00E000D400EC00F200EC0036
:10BEE000FB00F900EE00D300D700DA00DB00DB0036
:10BEF000E100E600D100DC00C700CA00CF00C300AB
:10BF0000C600C000C500C800B600AE00AC00C0004E
:10BF1000B200CF00C600CC00BB00B000C800C90012
:10BF2000C900C400A600A70090008E007F007B001F
:10BF300077005E005900580062005E0065007400E2
:10BF4000780082008E009B009F00A9009A00B40038
:10BF5000C900C500B500D300D000DA00D100DE0072
:10BF6000EA00F000FD0006011401050120011101A5
:10BF70002801330139012C013101250116010B0182
:10BF8000FF00FC00FB000001EB00EC00D400C5004A
:10BF9000C100D000E100E800F500E100E500E400A8
:10BFA000E200E700E000EC00DB00EA00D700CA0096
:10BFB000B900C300AD00C100A400BB00B500B400CF
:10BFC0009600A5009D008F008B00910090008800D6
:10BFD000830085008600870071007D007600870061
:10BFE0008B0084008600920098008B00AF00B000A8
:10BFF000A100AF00C100C600B000BC00D200C80064
:10C00000CA00C100C200C400CA00DA00CF00E100CB
:10C01000E700FD00F000ED00FD0000010201160147
:10C0200015010D010C0112010701FD00FF00FC00CC
:10C030000501FB00FA00DD00E500D700E400DE00AA
:10C04000D500D400CC00C000C800B200B700B500D5
:10C05000B700B700B100AC00A400AE00AE00AA006B
:10C06000B000BC00C500AF00B400B100B000AB0030
:10C07000BB00BA00CC00CE00C700C400C900BE009F
:10C08000C700CE00E400CE00C200C500BD00B00075
:10C09000B300B100B000AA009F00A1009E0098006C
:10C0A00094009F00A700AD00A400AE00BC00BA0041
:10C0B000AB00AB00B700BC00B500C300C400C500B6
:10C0C000CA00C300D000D800D300E800F700EF009A
:10C0D000E500F300F600F300F500F300F600EA00D7
:10C0E000ED00F600FE00EE00EE00F200F600F700B4
:10C0F000FB00FA00E900F200E900DB00E500E100E6
:10C10000D900D700D600C400C900C200C000B700E3
:10C11000B800BF00BD00BA00B500B300A8009F0082
:10C12000A600A5009C009F009B008F008C0088004B
:10C130008D008A00940099009D009A00910099005A
:10C14000A100AB009B00AE00B400B500BF00BB0077
:10C15000C000C600CE00DF00E300DC00DC00DE0033
:10C16000DF00E700F200F300EE00E700E100E2008C
:10C17000E800EE00EB00EC00EE00E400DC00E5007F
:10C18000D600D500CE00E100D600D900C800C80016
:10C19000C300BC00C300C100BB00C400C100C30099
:10C1A000C100B700BB00BB00B100C400CF00C60097
:10C1B000B500BF00C500CA00B500C300C300CE0073
:10C1C000C300C200B500CD00C100C100C800D1004D
:10C1D000CE00D100C900C800C500C400C400D10011
:10C1E000CF00CD00CD00DA00CD00D400D100CC00CE
:10C1F000D000E000DA00D300D400C900CA00CC00AF
:10C20000C800C800C300C600C600CA00B400B6001B
:10C21000AE00BF00B600B200B600B000AB00A70091
:10C22000A100A200A700AD00AF00AB00A800A400D1
:10C23000AB00B500AE00BA00C100BE00B900C50039
:10C24000C600C600CD00D400D700E400D600E70049
:10C25000DC00E000E100D800ED00EF00E800F100B4
:10C26000EC00F200ED00F000EF00F100EC00E60061
:10C27000EF00EA00D800D900D500DA00D100CE00E6
:10C28000D100D200BE00BF00BC00BE00BA00B600A4
:10C29000B600B200A700A800A200A300A100A90058
:10C2A000A900A7009E009F0099009900A400AD007E
:10C2B0009F00B500B500AE00B100B500BA00C600E1
:10C2C000C500CB00D100C900C800CC00D300D40009
:10C2D000E300E700E300E600DB00DA00D200D40070
:10C2E000DA00E300E700E600E200DC00E000D20054
:10C2F000D900DF00E000DC00DA00D000CE00CA0088
:10C30000C700C400C400CA00C700C400B900BE0012
:10C31000B700B600B400B900BF00B200B800B10069
:10C32000B600B500B700B400BD00B800BF00BC0047
:10C33000BB00BC00B800BE00C500BF00CB00C00001
:10C34000C700C400C800CB00D000CE00CB00D30093
:10C35000CD00CF00D000C900DC00D100D400DA004D
:10C36000D900DA00CC00D600D000D300DA00D70024
:10C37000D300D000D300C900C700C700D200D50049
:10C38000D000CE00C900CC00C500CC00CC00CA0053
:10C39000CC00CA00C900BD00B700B500B300BA00A8
:10C3A000BF00C200C000B500B600B800B400B500C0
:10C3B000BD00BD00BF00BF00BE00BC00BF00B90093
:10C3C000C100C900C900D000CA00CC00CB00C80021
:10C3D000D100CF00D600D600D000D700D300DA00BD
:10C3E000D100D400CD00D300D200D800D200D200BA
:10C3F000D100D400CD00D000CD00C900D200CA00C9
:10C40000C700C400CA00C400C700C200C300BB000C
:10C41000B900C200C000B800BA00C000C100BF002F
:10C42000B400BF00B900B500BB00BE00BF00BB0038
:10C43000BE00C100C400BE00C500C700C800C200E5
:10C44000C500CB00CB00CC00CE00CB00D000D2008A
:10C45000CD00CD00C900CB00CA00CF00D100CF0075
:10C46000D100CF00CC00CD00CB00CD00D100D20058
:10C47000C900CD00CD00CB00CE00C700C600C6006D
:10C48000C300C800C600C300C400C000BE00C00096
:10C49000C100BC00C000C600C500C000C300BE0093
:10C4A000C100C400CA00C900C900CB00C700C90050
:10C4B000CB00C600C700CB00CA00C900C800C80036
:10C4C000CC00C900C700C400CB00C700C900C7002A
:10C4D000C300C500C800C500C300C600C400C60034
:10C4E000CA00CC00C900C700CD00CA00C800CD00FA
:10C4F000CF00D000CE00CA00CA00C700C800C700E5
:10C50000C900C800C900CB00CD00CD00CA00CB00D7
:10C51000C700CC00CD00C900CE00CD00CC00CE00BD
:10C52000CC00CA00CB00CA00C700C400C200BF00D4
:10C53000BF00BD00BF00BE00BD00C000C100C30001
:10C54000C200C400C200C100C300C400C000C200D9
:10C55000C300C300C200C200C200C200C700C600C0
:10C56000C800C700C800C800C600C700C700C60092
:10C57000C500C400CA00CC00CD00CF00CF00CC0065
:10C58000CF00CB00C900CC00CE00CD00CD00D00044
:10C59000D100D100D300D100D300CF00CE00CF0016
:10C5A000CE00CA00CA00C800CC00CB00C900C7003A
:10C5B000CC00C900C500C400C400C300C300C20051
:10C5C000C300C300C300C200C300C400C100C20056
:10C5D000C400C500C500C400C400C100BF00C10044
:10C5E000C000C200C300C600C500C900C800C60024
:10C5F000C600C400C700C600C700C600C600C2000F
:10C60000C700C800C900CB00CA00CB00CE00C900DB
:10C61000C700C600C800C900C800CC00CB00CB00D2
:10C62000CA00C900CA00C900C900C700C500C600C9
:10C63000C600C500C500C600C600C600C800C700C9
:10C64000C600C500C700C800CC00CC00CC00C800A4
:10C65000C900C500CE00CF00CC00D200BD00C10093
:10C66000C300A700E000C400E800E900D100FA0020
:10C67000D400D100D000D600FD00C300F200D200EB
:10C68000BE008B00A200B400B000A900B200BF0041
:10C69000C500DB00BA00D900F800B900D100D7000E
:10C6A000C700C900B2009F00FC00E8009700060127
:10C6B000C3009400B100AA00BB00D500C900D60099
:10C6C000E700D900E300C600B800ED00B100D000DB
:10C6D000D600B500BD00F000B100EF00E500D800C5
:10C6E000B600C600AA00B800D700CD00DA00D60018
:10C6F0009D00C900A900C600C200BC00DC00DD002E
:10C70000A100F200D300B500BD00ED00E400A500DB
:10C71000AC00B700BD00F100A100E000C30027019C
:10C72000C500AE00F000E000AE00CF00CA00B100CE
:10C730009700A900B700D200CB00B500CF00E700FA
:10C74000E100C000C500CE00AA00D900AD00BE00C7
:10C750009C00A800C000AD00DA00D400ED00AF00DE
:10C76000B800B900B100AF00A500BB00C100B30024
:10C77000E900DF00EF00E500BE00C000D900AE0018
:10C78000B500C400C300AF00BE00C900C700D2009E
:10C79000D800D900AD00C400E400D300C100D80027
:10C7A000C000D200E000C500B900B900A900AB008C
:10C7B0009D00BA00AF00E000C800F200FB00E700F7
:10C7C000D700B300BB00B900BB00B800C600C00072
:10C7D000B200CC00D100BE00E700E900D000E200CA
:10C7E000E400CB00BF00D800CB00CA00B400C700F3
:10C7F000C400C800BC00BD00C000E000C300C2000F
:10C80000D000DF00C400D000E400C600B800C900BA
:10C81000C900C300C900C900C800C900CE00CD00CE
:10C82000CD00D100CD00D100C600C900CA00CD00A6
:10C83000C900C000CD00C400C400BC00C900B800DD
:10C84000B400B900BE00BF00C100C900CD00C000E7
:10C85000CC00C600CF00D600C600CB00CB00BD0088
:10C86000B800B600B800C300CA00C400C900C900BF
:10C87000C900D000D300D000D600CC00C900C3004E
:10C88000C400BD00BB00BA00C000C300C500C600A4
:10C89000C700C600D400CD00C800CA00C900C4004B
:10C8A000C400CB00CA00C300C100C100C000C0006A
:10C8B000C100C300CC00CD00C900C500C800CF0036
:10C8C000C900C400CC00D200D300CC00C900C30012
:10C8D000CB00C900C600C900D200CF00D100CF00F4
:10C8E000CE00C800CA00C800C600C700C800C60005
:10C8F000C500CC00C600C600CD00C900C600C700F8
:10C90000C600C900C900C800C800C800C800CD00E2
:10C91000C700C600C900C200C100C600C000BF00F9
:10C92000C400C400C300C600C800C800C900CA00D3
:10C93000C800C600CA00CA00C700C500C300C200C4
:10C94000C400C400C400C600C800C900C700C800B5
:10C95000CC00CD00CC00CB00CA00C800C900C40088
:10C96000C500C500C700C500C500C600C700C90096
:10C97000CB00CD00CB00CC00CC00CA00C900C70062
:10C98000C500C500C700C600C300C400C700C5007D
:10C99000C500C600C600C800C700C900C700C70060
:10C9A000C600C900C600C700C900C800C700C8004B
:10C9B000C900C800C800C700C700C700C800C80039
:10C9C000CB00CA00CA00C900C900C900C900C7001D
:10C9D000C900CA00C900C800C700C800CA00C70013
:10C9E000C800CB00CA00CA00CA00C800C700C70000
:10C9F000C600C600C500C500C500C500C500C6000C
:10CA0000C500C500C700C600C500C600C600C600F8
:10CA1000C600C600C500C600C600C500C600C500E9
:10CA2000C500C400C500C600C600C600C700C800D7
:10CA3000C800C800C800C800C900C800C900CA00B2
:10CA4000C900C900CA00CA00C900C900CA00CA009A
:10CA5000CB00CA00CA00CB00CB00CA00C900C90085
:10CA6000C900C900C800C800C900C800C800C70084
:10CA7000C700C900C800C700C800C900C800C70077
:10CA8000C700C700C700C600C500C600C600C60074
:10CA9000C600C600C700C700C600C600C800C70061
:10CAA000C700C700C700C800C800C600C700C8004C
:10CAB000C800C700C600C700C800C700C800C9003A
:10CAC000C900C900C800C800C900C900C700C80023
:10CAD000C900C700C700C700C600C700C700C6001E
:10CAE000C800C700C700C800C800C900C800C60009
:10CAF000C600C700C400C500C700C500C600C80006
:10CB0000C700CB00C900C500C600C500C300C600F1
:10CB1000C300C600C600C700C700D400C800C700D5
:10CB2000CB00C900C700CB00CB00C800C700C400C1
:10CB3000C500CC00CA00C500CC00CF00CA00CB00A5
:10CB4000CC00C900C400C600C400C700C300C500B3
:10CB5000C500C800CE00C500C600CB00C400C6009A
:10CB6000C500C500C800C400C300CC00CD00C5008E
:10CB7000CB00C600C700CE00C500C500C700C4007A
:10CB8000C000C200C800C800C800C500C200C9007B
:10CB9000CB00C700C600C600C900C700C800C70058
:10CBA000C700CC00C300C600CD00C900C900C80042
:10CBB000C600CA00C700C800C600CA00CC00C40036
:10CBC000C500C900CA00C900C600C600C800CA0026
:10CBD000C800C600C700C800C900C700C900CB0014
:10CBE000C900CB00CC00C900C900C300C300C40009
:10CBF000C200C400C500C700C600C700C700CA0005
:10CC0000C900C800CA00CA00CB00CA00C700C700DC
:10CC1000C700C500C500C500C700C800C700C800E0
:10CC2000CA00CA00C900C800C800C700C600C600C4
:10CC3000C700C500C400C500C600C700C400C700C7
:10CC4000C800C700C800C600C600C800C700C700AB
:10CC5000C900C900C900C900C700C800C700C40096
:10CC6000C500C600C600C600C600C700C700C80091
:10CC7000C700C800C800C900C900C800C900CA0070
:10CC8000C800C700C900C800C800C900C800C80063
:10CC9000CB00CA00C900C900C900C900C900C90049
:10CCA000C800C800C800C800C600C700C700C70049
:10CCB000C700C800C700C800C700C700C700C80039
:10CCC000C800C700C700C800C800C700C800C70028
:10CCD000C700C800C700C700C700C700C700C7001B
:10CCE000C700C700C700C900C800C800C900C80005
:10CCF000C700C700C700C600C600C600C700C50001
:10CD0000C700C500C900C600C800C700C700C700EB
:10CD1000C800C500C800C700C600C700C600C800DC
:10CD2000C800C700C500C900C700C700C800C700C9
:10CD3000C600C900C500C700C700C800C700C800BA
:10CD4000C600C800C700C800C700C800C800C800A7
:10CD5000C700C800C800C800C800C800C900C90092
:10CD6000C900C800C800C900C800C800C800C70082
:10CD7000C800C800C800C900C800C900C800C80071
:10CD8000C900C800C800C700C700C800C700C60067
:10CD9000C800C700C800C800C800C800C700C80055
:10CDA000C800C700C700C700C700C700C800C6004A
:10CDB000C700C700C600C800C600C700C600C7003D
:10CDC000C700C500C700C600C600C500C700C70031
:10CDD000C600C800C700C700C700C700C800C7001A
:10CDE000C600C700C700C600C700C700C800C8000B
:10CDF000C800C800C700C800C700C800C800C700F6
:10CE0000C800C800C700C800C700C700C800C800E5
:10CE1000C800C800C800C800C800C800C800C800D2
:10CE2000C900C800C700C900C700C800C700C800C3
:10CE3000C800C800C700C800C800C900C800C800B2
:10CE4000C800C800C800C700C800C800C800C700A4
:10CE5000C800C700C700C700C800C700C800C80096
:10CE6000C700C800C800C800C800C800C800C80083
:10CE7000C800C800C700C800C700C700C700C80076
:10CE8000C700C700C700C700C700C700C700C7006A
:10CE9000C700C700C600C600C700C700C700C7005C
:10CEA000C700C700C700C800C600C700C700C6004B
:10CEB000C700C700C700C800C700C700C700C70039
:10CEC000C800C700C700C700C700C700C700C80028
:10CED000C700C700C800C700C800C800C800C80015
:10CEE000C800C800C800C800C800C800C800C80002
:10CEF000C800C800C800C800C800C800C800C800F2
:10CF0000C800C800C800C800C700C800C700C800E3
:10CF1000C800C700C700C800C700C800C700C800D5
:10CF2000C800C700C700C700C800C800C800C800C4
:10CF3000C700C800C800C800C800C700C800C800B3
:10CF4000C800C800C800C800C800C800C800C800A1
:10CF5000C800C800C800C700C800C800C700C70094
:10CF6000C700C700C700C700C700C700C700C70089
:10CF7000C700C700C700C700C700C700C700C70079
:10CF8000C700C700C700C700C600C600C700C6006C
:10CF9000C700C700C700C700C700C700C800C70058
:10CFA000C700C700C800C800C700C700C700C80046
:10CFB000C700C800C800C800C800C800C800C80032
:10CFC000C800C800C800C800C900C800C800C80020
:10CFD000C800C800C800C800C800C800C800C80011
:10CFE000C800C800C800C800C800C800C800C80001
:10CFF000C800C700C800C700C700C700C700C700F7
:10D00000C700C700C700C700C700C700C700C700E8
:10D01000C700C700C700C700C700C700C700C700D8
:10D02000C700C700C700C700C900C900C500C600C7
:10D03000BF00C900C900D100B000BF00B000D300DC
:10D04000D300BB00B100D200C700D000B000C900BF
:10D05000E400C600BB00D500C600E100E600C50044
:10D060008400B300BE00C1009A00BE00D600E700F5
:10D07000D800E600FD00F000CD00C8009E00C4000E
:10D08000CA009C00B400A900EE00BC00C300F00080
:10D09000B100C900A3008200DC00AE0006010E0151
:10D0A000B800E200C100E600BE009F00BA00E00048
:10D0B000DF00D300BA00D7009000EA00F700BD00FF
:10D0C0009800A300E500B800CF00BA00A200B800A5
:10D0D000CD00BD00E200CA00E300AA00C100E000EC
:10D0E000D600C500DE00BA00ED008C00B800B70025
:10D0F000A600B300CE00B000C100E000DD00BA0021
:10D10000CD00C000E500D700CD00CE00C700DB0099
:10D11000A900B200E300A400AF00C700E600C3000E
:10D12000DC00D400DB00E800D800BC00A400C5008F
:10D13000D300BE00BD00BA00B500D200E200D500A9
:10D14000B300C600B500AB00BB00E100D200DF00B9
:10D15000E000FA00D000D600C200CD00C800BA003E
:10D16000C500B300B500C900B300BB00C100CC00CE
:10D17000C200D700BE00CF00D400DC00D200CD003A
:10D18000C600D700C900BD00BD00BE00B900C60082
:10D19000C100CB00D000D300D200E100CD00CE0012
:10D1A000CC00C700B300CE00C000BB00C500CF005C
:10D1B000C500C900CE00C600C400C800C300C70037
:10D1C000CF00CB00BE00C100C500C600BA00C80039
:10D1D000BE00BC00C400D500BE00D200D300D70002
:10D1E000D900D400C800CF00C900BF00C900B900F1
:10D1F000CB00C600C600C300BE00CA00C200D100FA
:10D20000CC00CC00BC00D000C800C800C700CE00D5
:10D21000CF00D400CA00C200BF00CE00C500BF00CE
:10D22000D300C300C500C800C800C900C700CE00B5
:10D23000C500D100CC00C900C600BF00C500BC00BD
:10D24000BF00C600C400C000CF00CC00D100C600A3
:10D25000CC00C500C500C200C200D100C000BF00A4
:10D26000C500BF00C800BE00BF00CB00CF00BE009D
:10D27000CC00CD00CC00C400CE00CE00C000CD005C
:10D28000C800C900C400C800BF00CF00C700CB0061
:10D29000C000C500CB00CB00C600C800D100CC0048
:10D2A000C500CB00D100C900C500BE00C100BA0056
:10D2B000C500C200C200CA00C900CC00CC00D0002A
:10D2C000D000C600CB00C600D000C600C200CC0013
:10D2D000CC00CA00C600C300C700C800C600C70013
:10D2E000C900CB00D000C500C900C900D400C700E8
:10D2F000CA00CB00C400C200CD00C200C500C700F8
:10D30000CC00CF00C200CA00C800CE00CB00C900CC
:10D31000CB00CC00CC00C700C800C600C400C400CD
:10D32000C800C200C500C200C900C200C300C900D5
:10D33000C600C600CE00C700C500CC00C600C900AC
:10D34000C100C400BE00C500C400C400C300C900C1
:10D35000CC00C900C500CC00C600C800CB00C70087
:10D36000C700C700C900C000C500C600C900CC0086
:10D37000C400CC00CA00CC00C600CC00C300C4006E
:10D38000C900C700C900C800C700C700CA00CC0058
:10D39000C100C900C500C900CB00C900CB00C60050
:10D3A000C400C900C800C900C600C200C300C8004C
:10D3B000C100C300C300C500C200C500C400C7004F
:10D3C000C600CA00C600C900CD00C800CB00C70017
:10D3D000C600CA00C200C800C600C600C600C6001B
:10D3E000C700C700C600C600C800C900C700C70004
:10D3F000CA00C700C800C900C900C700C600C800ED
:10D40000C500C600C500C500C800C600C800C800E9
:10D41000C800C800C600C700C900C500C800C800D1
:10D42000C700C700C800C900C700C800C900C900BC
:10D43000C700C800C800C700C700C800C800C800AF
:10D44000C800C800C800C700C800C900C800C8009C
:10D45000C900C700C800C800C800C800C800C8008C
:10D46000C800C800C800C800C800C700C600C70080
:10D47000C800C900C600C700C900C700C700C70070
:10D48000C700C600C800C700C800C800C800C9005F
:10D49000C800C800C700C700C700C800C600C60053
:10D4A000C700C700C600C700C600C600C800C80045
:10D4B000C800C800C800C800C800C600C600C60032
:10D4C000C600C600C700C800C700C800C700C70024
:10D4D000C900C800C900C900C800C800C800C7000A
:10D4E000C700C600C700C800C800C800C800C900FF
:10D4F000C800C800C700C500C800C900C300CF00ED
:10D50000C700CA00CB00C700C700C700C900C600DB
:10D51000C000CA00C900C300C600C200C600CB00DC
:10D52000C500CB00C800C400CB00C500C200CA00C3
:10D53000CD00BA00C600C800CC00CD00C700C700AF
:10D54000C900CC00C900C400CA00CA00C600C4009B
:10D55000C200C700C900C500C200C900CC00C80095
:10D56000C300C900C300C000C200C400C500C80099
:10D57000C900C900D000CB00C600CC00CB00CB0056
:10D58000CB00C400C900C900C400C100C500C6006A
:10D59000C800C400C200C500C800C600C700C5005E
:10D5A000C500C900C800C500CD00C900C700C7003C
:10D5B000C600C700CA00C500C900CA00C700C7002E
:10D5C000C800C700C700C800C600C700C900C8001F
:10D5D000C700C600C800C900C500C600C700C50016
:10D5E000C900C500C600C700CA00CB00CB00C900F7
:10D5F000CB00CB00CB00C900C700C700C700C700E5
:10D60000C500C400C400C600C500C400C500C600F3
:10D61000C700C900C900CA00C900C900C800C600C7
:10D62000C800C500C600C700C600C700C600C800C5
:10D63000C800C500C600C900C700C600C500C800B4
:10D64000C900C600C500C900C600C800C600C800A1
:10D65000C600C900C700C500C600C700C600C90093
:10D66000C700C900C700C700C800C800C500C60081
:10D67000C800C600C900C900C600CA00C900C7006A
:10D68000CB00C700C600C900C800C800C700C6005C
:10D69000C700CA00C700C800C600C800C900C8004B
:10D6A000C700C600C700C600C400C900C500CD0041
:10D6B000C700CA00CC00CA00C900C800C800C70023
:10D6C000C700C600C600C600C600C700C500C80027
:10D6D000C600C700C700C800C700CA00C500C60012
:10D6E000C600C600C700C400C700C500C800C80007
:10D6F000C900C800C900C900C600C600C900C600EC
:10D70000C600C600CB00C600CA00C400C700C900DE
:10D71000C700C400C600C700C500C700C800C700D6
:10D72000CA00C800C900C900C900C600C500C500BC
:10D73000C600C700C600C800C800C900C700C900AD
:10D74000C800C900C800C900C800C700CA00C80096
:10D75000C900C500C500C600C600C600C700C70096
:10D76000C600C900C900C800C900C500C800C4007F
:10D77000C900C400C700C700C800C700C600C50074
:10D78000C800C700C600C700C800C700C700C40063
:10D79000C900C600C600C700C600C800C500C60054
:10D7A000C600C600C700C900C800CA00C600C8003D
:10D7B000C600C700C800C700C800C800C800C7002E
:10D7C000C800C800C800C700C600C600C700C70020
:10D7D000C800C700C600C800C900C800C900C90009
:10D7E000C800C800C800C700C700C600C700C700FF
:10D7F000C700C800C600C700C700C800C700C700F0
:10D80000C800C800C800C800C900C700C800C800D8
:10D81000C800C800C800C700C800C900C800C900C7
:10D82000C700C800C800C800C700C800C700C800BB
:10D83000C700C800C800C700C600C700C700C700AF
:10D84000C800C700C800C700C800C700C800C7009C
:10D85000C700C700C700C700C800C600C600C80090
:10D86000C700C700C700C800C800C700C700C7007E
:10D87000C700C700C800C700C800C700C700C7006E
:10D88000C800C700C700C700C700C700C800C8005D
:10D89000C800C700C800C800C800C800C800C80049
:10D8A000C800C800C700C700C800C800C800C8003A
:10D8B000C800C800C800C700C800C700C800C7002B
:10D8C000C800C800C800C700C700C700C700C7001D
:10D8D000C700C800C800C800C800C700C800C7000B
:10D8E000C700C800C700C700C700C700C800C700FE
:10D8F000C700C700C700C800C700C700C700C700EF
:10D90000C700C700C700C700C700C700C800C700DE
:10D91000C700C700C800C700C800C700C800C800CB
:10D92000C700C800C700C700C800C700C700C700BD
:10D93000C700C700C700C700C700C700C800C800AD
:10D94000C800C800C800C800C800C800C800C80097
:10D95000C700C700C700C700C700C700C700C7008F
:10D96000C700C800C700C700C700C800C800C8007B
:10D97000C800C800C800C800C800C800C800C70068
:10D98000C800C800C700C700C700C700C700C7005D
:10D99000C700C800C600C5009A00ED00C200C6005E
:10D9A000C500CA00C500C200C500CD00C900C50041
:10D9B000C900C600D000C300C600CB00C400C90027
:10D9C000CB00C500C500CB00CB00CA00D200C4000C
:10D9D000CA00C500B100B6000F003B0082006C0019
:10D9E0004401A100F8008E018F018F012501610023
:10D9F0002C00F300090130000000000000000000CE
:10DA00002A003500BA005E018F018F018F018E015F
:10DA10008F018F018A011601660045000100010097
:10DA20000100030001000100010019004100630032
:10DA3000920011018201870186017D018D018E0115
:10DA40008F0177011401A900AF002F002200090007
:10DA500001000A003100170037005700CB00CA0050
:10DA60005801690142010D0185018F0160018E019C
:10DA70006601B30096006B00B50078004C007000A2
:10DA800042005100520089004200DF000A01820179
:10DA90001201500122016A01EC002C0140011E011B
:10DAA00068007400510078008900960061006E00E3
:10DAB000B000D8005400590073005C0124012B0110
:10DAC000E400EA00220131012B012F0105010401CC
:10DAD000CE00790088007800810054006E0072004A
:10DAE0006B006D00B300B100F80019013E01D400D5
:10DAF0009300C000BD00BE00E800E600D700C200F1
:10DB0000CD00CC00810070008500BF00A1009C000A
:10DB1000B300B700F200FF00E900CD00E1001D01F5
:10DB2000D100D700B300BA00AB00A6009400CD002E
:10DB300095005B00BD009300B600B400C000F1008A
:10DB4000E100F100F000E800ED00EF00EE00EE0073
:10DB5000DC00A600BF00B400AA009800E700AA00FD
:10DB60009200B200AF00BA00F100F100E200EF0055
:10DB70002201FD00D200D200E300FA00C700A60097
:10DB8000A700E400E000D700A500C400AB00B1008E
:10DB9000DD00B800B000C400C700CE00D4000B0107
:10DBA000030100010901F100DF00E400D900C40015
:10DBB000D600C900A3008F00A60095009A00A70018
:10DBC000C100BA00DC00C000E5000E010801F6004B
:10DBD000DB00EA00E000E900E700DC00C100AD0086
:10DBE000A70094006A008C007D009B00A700D40071
:10DBF000CE00DE00ED00ED000601F200ED00FD00BC
:10DC0000D900C200BF00B9009A009F008C008200BA
:10DC100091009300A200B300BC00CB00D600D3005B
:10DC2000D600E300EF00E500E500DA00D500D20001
:10DC3000BC00B500A0008E00A200A700A100A500B6
:10DC4000A000BF00C100C900D000DB00EC00E30071
:10DC5000E100E300D400D900CB00C700C700C30037
:10DC6000B600A600AB00AC00A800A700A400A3006B
:10DC7000BA00BE00CE00D700E400EE00E800E800E5
:10DC80000001EE00DF00D700D000BD00C200AD00F3
:10DC9000A700A600AD00AF00B500B200B500C600F9
:10DCA000DA00D500DE00E700EA00E600E300D90074
:10DCB000D700D100C900BE00B700B300B000AE006D
:10DCC000AE00B400B600C000C200D300DE00E60023
:10DCD000E700E700E200E100D500D900D300C6006C
:10DCE000BF00B500AF00B300B100B800BA00C70074
:10DCF000CA00CD00D500DA00E300E100DE00DD005F
:10DD0000D800D200CC00CD00CB00C200BB00BA00CE
:10DD1000B700BC00BB00B600BA00C500C700C70012
:10DD2000CC00D000D100D800D800DA00D500D30054
:10DD3000CF00CE00CF00C800C000BB00B800B800C4
:10DD4000B700B900B700BE00C100C400C900CA00D6
:10DD5000CC00D000D300D100D100D200D200CF003F
:10DD6000CF00C700C100C100BD00BB00BB00BC00AC
:10DD7000BB00BD00C200C500C800CA00CB00CE0079
:10DD8000D000D200D000CF00C900C700C500C2003B
:10DD9000BD00BC00BC00BF00BC00BB00BB00C0009D
:10DDA000C800CC00CB00CC00CE00D200CE00CE000C
:10DDB000CE00CC00CA00C700C400C200C000BE0034
:10DDC000BC00BB00BC00BD00C300C200C500CA004F
:10DDD000CC00CD00D100D000CF00CE00CE00CD00D1
:10DDE000CC00C900C600C600C400C300BF00BE000E
:10DDF000C100C200C300C200C300C500C700CA0002
:10DE0000CA00CC00CC00CC00CF00CF00CD00CB00AE
:10DE1000C900C700C900C800C500C300C300C400D2
:10DE2000C400C500C700C800CA00CB00CD00CC00AC
:10DE3000CD00CD00CE00CD00CC00CB00C800C80086
:10DE4000C400C600C400C200C200C200C500C500B4
:10DE5000C500C600C900CC00CC00CD00CC00CD0070
:10DE6000CE00CE00CC00CD00C900C800C500C60061
:10DE7000C500C300C300C400C400C200C400C50084
:10DE8000C600C900C800C800CA00CB00CB00CC0047
:10DE9000CB00CA00C800C900C800C600C600C40044
:10DEA000C500C300C400C400C500C600C600C4004D
:10DEB000C700C800C900CA00C900C700CA00CA001C
:10DEC000C900C900C900C700C800C800C600C60014
:10DED000C600C500C700C600C600C600C600C70011
:10DEE000C900C800C800C900C800C900CA00C800ED
:10DEF000C900C700C600C700C700C300C500C400F2
:10DF0000C400C500C600C700C800CB00CB00CC00D1
:10DF1000C900CB00CD00CB00CB00C900C600C900B2
:10DF2000C800C300C500C600C400C800C700C500C3
:10DF3000CA00C400C700C800C600C600C600C600AC
:10DF4000C800CA00CA00CB00C800CA00C900C80087
:10DF5000C800C900C700C800C700C700C200C6008B
:10DF6000C700C900C600C600C700C600C700C5007C
:10DF7000C700C800C500C500C600C800C900C6006B
:10DF8000C700C900C600C800C300C400C800C7005D
:10DF9000C900C800CB00CE00C900C800CC00CE002C
:10DFA000C900C800C800C500C300C300C000C40049
:10DFB000C400C100C000C400C700C600C500C9003D
:10DFC000CB00CB00CA00CD00CC00CB00CB00C900F9
:10DFD000CA00CA00C900C300C600C500C600C1000F
:10DFE000C200C500C800C900C600C900CC00C900F5
:10DFF000C900C700C700C800C900C700C600C900E3
:10E00000C800C800C600C500CB00C900C700C900D1
:10E01000C600CA00C700C600CA00C800C600C800C3
:10E02000C600C800C700C600C600C500C600C600BE
:10E03000C500C800C800C600C600C900C800C900A5
:10E04000C800C900C800C800CA00C900C800C7008D
:10E05000C700C700C600C800C700C700C700C60089
:10E06000C600C700C600C600C600C700C900C90078
:10E07000C700C800C800C800C700C800C800C70063
:10E08000C600C800C700C600C500C600C700CA0059
:10E09000C600C700C900C900C900C700C900C9003F
:10E0A000C900C800C900C900C900C800C600C7002F
:10E0B000C700C700C600C600C800C800C800C80026
:10E0C000CA00C900CA00C900CB00CB00CB00CA00FF
:10E0D000CA00C800C800C800C800C800C700C60001
:10E0E000C600C600C700C800C700C600C900C700F8
:10E0F000C700C800C800C800C700C700C800C800E3
:10E10000C800C700C700C700C600C600C600C600DA
:10E11000C700C700C600C700C800C700C800C700C6
:10E12000C800C800C600C700C600C800C800C700B5
:10E13000C600C500C600C900C700C700C700C600AA
:10E14000C800C900C800C800C700C700C900C8008F
:10E15000C900C800C700C800C600C800C800C70082
:10E16000C800C700C900C600C600C600C700C80076
:10E17000CA00C800C600C600C800C900C800C9005F
:10E18000C800C700C800C800C700C700C600C70055
:10E19000C700C600C600C600C800C600C800C80048
:10E1A000C700C700C700C700C800C800C700C70035
:10E1B000C700C900C700C800C700C800C800C80021
:10E1C000C800C700C800C900C900C900C800C9000C
:10E1D000C900CA00C900C800C900C900CA00C900F6
:10E1E000C800C900C900C900C800C800CA00C900E9
:10E1F000C900C900C900C900C900C800C800C700DB
:10E20000C900C800C700C600C600C600C600C600D8
:10E21000C500C600C500C500C600C500C500C500D4
:10E22000C600C500C600C600C600C600C500C600C0
:10E23000C600C500C600C600C600C600C700C600AE
:10E24000C700C700C900C700C800C800C900C9008E
:10E25000C900C900C800C900CA00C900C800C90077
:10E26000CA00CB00CA00C900C900C900CA00CA0060
:10E27000C900C900C800C900C900C900C900C80058
:10E28000C700C800C800C800C700C700C700C60054
:10E29000C600C600C500C600C600C600C600C6004F
:10E2A000C500C500C600C600C600C500C500C60042
:10E2B000C600C600C600C600C500C500C500C50032
:10E2C000C600C600C600C500C600C600C700C7001D
:10E2D000C600C700C600C700C700C700C700C90006
:10E2E000C800C700C700C800C900C900C800C800EE
:10E2F000C800C900CB00CA00C900CA00CA00CB00D0
:10E30000CB00CA00CA00CB00CB00CB00CA00CA00B9
:10E31000CA00CB00C900C900C900C900C900C900B2
:10E32000CA00C900C800C800C900C900C900C900A6
:10E33000C800C700C800C700C700C800C700C600A3
:10E34000C700C700C700C700C700C600C700C70096
:10E35000C600C700C600C700C600C700C800C60088
:10E36000C700C700C600C400C500C900C500CB0077
:10E37000CA00D200C000D000CF00CF00C500AC0062
:10E38000B400BD00BB00C800D000C900C000D2006E
:10E39000A0009500C200CF00D100E500F200C5004A
:10E3A000A500BA00C4008E009600D400BD00C400D1
:10E3B000D100D6000101C2001201D6003201C30013
:10E3C000BA00A400C300A100CD00AC000E01DE0025
:10E3D000BE008A00D900BA009700C100E7000B0117
:10E3E000F500E400C400C900A400E400C300E1009B
:10E3F000F400DE00CD00CC00E400B200D000BE008E
:10E40000BE00DD009100BD00D900CF00BA00C00001
:10E41000CA00AB009300EE00F100D800E000C50098
:10E42000C800DC00E300BE00B400E500D500EC004D
:10E43000B600AB00D100AB00BA00D800DB00AB00E7
:10E440009200F600D300D000D400C400B300AB00AB
:10E450009600A100C900D300DA00F3000501C00056
:10E46000DA00E100D000C500D800B100CA00B50054
:10E47000C000BF00C900BF00C700D200CC00C4006C
:10E48000CC00C100BC00D300D500D000B800F5001E
:10E49000D500C600CE00AE00C400D400BB00B10061
:10E4A000D000C700BA00AA00BA00B200B800C80085
:10E4B000DE00D600E100EF00F400CD00E000D60061
:10E4C000CB00AE00C400C900C100B700B000B60068
:10E4D000D300CF00DA00DE00DE00D500DC00D6007D
:10E4E000C300D600C100C200C100CE00B900DD00EB
:10E4F000BB00BF00C300DA00BB00C400B900C90004
:10E50000C000CE00D600C800D100BE00D300BF00BE
:10E51000C500C200D300CA00C200C700C800C300C3
:10E52000D300B300C700CA00CF00B400C600B400D7
:10E53000B400D500C000C300D100CA00D700C40099
:10E54000C600D000CA00CA00C800BE00D300C9007F
:10E55000BA00D100C200BB00D200C100C800C50093
:10E56000C700C900C900BA00C700CB00CC00D80062
:10E57000D400CE00D700C600C100C000C200BE005B
:10E58000BF00C600C300D300CB00CA00CA00CF0042
:10E59000C600C900C600CA00D000C400BA00C1004D
:10E5A000C500BD00C500C200CE00C700C800C7003E
:10E5B000C700CB00C500CC00C500CA00CA00CC0013
:10E5C000CC00C800CB00CC00C600CA00C300C3000A
:10E5D000C900CD00C800CF00C500CD00CA00C700EB
:10E5E000CA00CB00CC00C200C700C300C400C100F9
:10E5F000C700C800C900C900CC00CE00CA00C500D1
:10E60000C600C900CC00C600C400C900C600C700CF
:10E61000C400C600C400C800C400C100C100C600D8
:10E62000C500CC00C300CE00C800D200C800C7009F
:10E63000C900C700C300C100C400C400C300C800B3
:10E64000C800CA00C700C900CD00CA00C500CD007F
:10E65000C900C700C500C500CA00C200C900C50086
:10E66000C700C900C800CC00C800C800C900C70066
:10E67000CA00C800CA00CA00C800CA00C800C70053
:10E68000C700C600C600C700C600CA00C600C90051
:10E69000C900C900C700C900C800C700C700C90039
:10E6A000C700C700C600C900C700C500C700C70033
:10E6B000C700C600C600C800C700C700C600C90022
:10E6C000C900C800C900C700C600C600C900C6000E
:10E6D000C500C800C700C700C800C800C800C900FE
:10E6E000C700C800C700C700C800C700C600C500F3
:10E6F000C700C700C600C700C800C700C700C900E0
:10E70000C900C700C700C900C800C700C700C900CA
:10E71000C700C700C600C800C600C700C800C900BF
:10E72000C600C700C800C800C800C700C800C800AD
:10E73000C800C900C800C800C700C700C700C6009D
:10E74000C700C700C700C700C800C700C700C60091
:10E75000C700C800C700C700C800C800C900C7007C
:10E76000C700C700C800C700C700C700C800C8006E
:10E77000C800C700C800C700C800C800C800C7005C
:10E78000C700C700C700C700C700C700C800C8004F
:10E79000C800C800C800C900C800C800C800C80038
:10E7A000C800C800C700C800C700C700C600C7002F
:10E7B000C800C700C700C700C700C800C800C8001D
:10E7C000C800C700C800C900C700C700C700C7000D
:10E7D000C700C600C700C700C700C700C700C70002
:10E7E000C800C600C700C700C800C700C800C700EF
:10E7F000C800C700C900C800C700C700C700C700DD
:10E80000C800C800C700C700C800C700C800C700CC
:10E81000C700C700C800C800C700C800C800C800BB
:10E82000C700C800C800C800C800C700C800C700AB
:10E83000C800C700C700C700C800C800C700C7009D
:10E84000C000C000C200C400C300C700C300CE00A7
:10E85000D000D000D100D200D000CB00C800D20040
:10E86000D500C700E000C900CE00E600F7001201A5
:10E870000B01DF00C400A500880078004E00660090
:10E8800070007600770064005B009000CC0002010D
:10E890002B01480147015B01610148010601C300EA
:10E8A0008000500022001B001C00190013002800EB
:10E8B0005A009700D10006013E01650184018801DC
:10E8C0008A018A018D018F018E015F011C01DD002B
:10E8D000A4006E0045002F0026001C002500430008
:10E8E00069009600C300E300F900FB00FC00F000A3
:10E8F000D400BB00A70098009B009400770065003F
:10E90000520046003F002B00250026002C00390055
:10E9100043004B00580069007F009900B000BD0023
:10E92000D100D400D400D600D200CA00BD00AF0090
:10E93000A3009B00980098009E00A800C300E00080
:10E940000201240148016101780189018C018F01D4
:10E950008F018F018F018F018F0188017E0174016A
:10E9600063014D0139012D01200111010B01070146
:10E970000B0109010B01100119011E0120011C01ED
:10E9800015010F010301EC00D100B3008E006C00F3
:10E9900050002F00140005000000000000000000DF
:10E9A00000000000000000000000000002000C0059
:10E9B000170022002E003500400047004C00500098
:10E9C00055005B0065006F007B00860093009D0092
:10E9D000A900B800C700D400E100EC00F600050172
:10E9E000140121012A0132013F014E015B0168013E
:10E9F00073017A018301870189018C018C018701F0
:10EA000084018101790174016E0164015B0152018D
:10EA10004901430138012C011B010B01F800E600FC
:10EA2000D500C400B000A0009000810076006D0009
:10EA3000670061005F005E005E00620066006B00C0
:10EA4000720079007F0086008F009800A100A90065
:10EA5000AE00B100B700BA00BD00BC00BC00B900F8
:10EA6000B500AC00A20097009000880084007F00F1
:10EA70007F00800085008B0093009C00A500AF0004
:10EA8000B800C100C800CD00D100D100CF00CB003C
:10EA9000C700C400C200C100C300C700CC00D3003F
:10EAA000DF00E800F000F800030108010B010E018F
:10EAB0000E010D010B010901060103010001FD001A
:10EAC000FC00FC00F900FC00FB00FB00FC00FC006B
:10EAD000FA00FA00FA00F700F600F200EF00EB008F
:10EAE000E700E300DB00D500CD00C600BD00B300A9
:10EAF000A900A200970090008A0086008200810091
:10EB00007C007B007E007B0079007C007A0079002D
:10EB10007900760076007300700070006F006D0061
:10EB20006D006E00720078007B008000890092000A
:10EB30009C00A500AE00B900C100C700CF00D50001
:10EB4000D900DF00E400E800ED00F200F800FF006B
:10EB500007010E0118012101290132013A01410189
:10EB6000470147014701460144013F013801300197
:10EB700028012101190110010A010301FC00F5001F
:10EB8000ED00E500DD00D600CB00C200B900B0000A
:10EB9000A7009E0094008D00870081007B00760016
:10EBA000740072006F006F006E006F0071007200E1
:10EBB000740077007B00800085008B009100980036
:10EBC000A000A800AF00B800C000C800CF00D60069
:10EBD000DB00E100E500E800EB00ED00EE00EF00F7
:10EBE000EF00F000F000EF00EE00ED00EB00E900B8
:10EBF000E600E400E000DC00D900D500D100CD0043
:10EC0000CA00C700C400C200C100C000C000C000EC
:10EC1000C000C000C000C000C000C000C100C100F2
:10EC2000C100C200C200C300C500C500C700C800C3
:10EC3000C900CA00CC00CD00CE00CF00D000D0006B
:10EC4000D000D000D000D000D000CF00CF00CF0047
:10EC5000CF00CE00CD00CB00C900C700C500C30067
:10EC6000C000BD00BA00B800B600B400B300B200E6
:10EC7000B100B000B000AF00AF00AF00AF00B00017
:10EC8000B100B200B300B400B600B800BB00BD00D4
:10EC9000BF00C100C500C800CB00CD00D100D3002B
:10ECA000D600D900DC00DF00E200E400E700E90064
:10ECB000EC00EE00EF00F000F000EF00EE00EC00E2
:10ECC000EA00E700E400E000DC00D900D500D20053
:10ECD000CF00CD00CB00C900C600C400C300C100F6
:10ECE000BF00BD00BB00B900B600B400B200AF0069
:10ECF000AD00AA00A800A600A500A300A200A100E4
:10ED0000A100A100A300A400A600A900AC00AE00D1
:10ED1000B300B500B900BC00BF00C400C800CA0001
:10ED2000CE00D100D000D000D600CC00C200BD0083
:10ED3000C900BE00E700CD000401EA00EA00EF00D0
:10ED4000FD00C600B900C300C900BC00AA00CB008A
:10ED5000FF00DF00AF00E800ED009A009800D2004D
:10ED6000FD00B700B200C400BA00D900B3009A0099
:10ED7000F0000201E1008000BD00A20039007D002A
:10ED8000BC000101AD0031018E018D014A014D0130
:10ED90001301A1005D0046002D00100005000000D9
:10EDA00000000E002200A1001F0161017301790122
:10EDB000660178017B0165011E01AB0038001B0074
:10EDC000150012000A000700050016007A00E40092
:10EDD00030018E018F018D018F018F018F018F0115
:10EDE000810152011B01E30098006C0030002E00ED
:10EDF0002A002D0052004D006F00B400C900F2003F
:10EE00000401FD00D200D000A5006D0047003D00C8
:10EE1000200012002A001F002A0038004300510081
:10EE20007A008000A8009C00AC00A5009C0098001F
:10EE30008B009200B200AF00BA00BD00A000A70096
:10EE4000B700C100BF00BD00BE00C200D700FC007B
:10EE50001A012C0139015401620169017C017C0114
:10EE60007D0187018F018F018F018F018F018E013D
:10EE70008F01830170017B015F01430133011D019B
:10EE80000E0108010001F600EE00EA00E100DC00DE
:10EE9000DB00E100E800EA00D500D300C0009900E3
:10EEA0007B004D001000000000000000000000008A
:10EEB000010000000000000001000000010001004E
:10EEC00000001300240037005E0065007F009C00F6
:10EED000B200D000E100E900F700050101010601E0
:10EEE00006010901FB00EE00F700F300FA00F8004C
:10EEF0000201060110011B011901270137013E0122
:10EF000048014C0148014801480140013B013401DE
:10EF100033013501360138013B013F014401500105
:10EF200052015C014C0146013B012A011601070117
:10EF3000EF00CD00B3009900760067005500460051
:10EF40003F003B0036003A003F003C0045004F00C8
:10EF50005900640070007B008900940096009900BD
:10EF6000A600B000B600BC00CB00D300DA00DE0083
:10EF7000E100E300E400E400E100E100DD00D7008F
:10EF8000CD00C300B700B300B100AF00B300B600BE
:10EF9000BA00C400CA00CE00D100D600DB00DE00FB
:10EFA000E100DA00DA00D500D400CE00D000D000B5
:10EFB000D000D300D800D900DD00DE00E100E90078
:10EFC000EC00EB00EC00ED00EB00E500E400DD0000
:10EFD000DC00DB00D800D500D600D300D200CF0083
:10EFE000D100D200D200D500D400D500D300D0008B
:10EFF000CD00CC00C600C300BC00B500B000A80026
:10F000009D0096008E00810076006F006900670009
:10F01000640066006B006E0076007E008600900043
:10F020009800A000A700B000B600B900BF00C30060
:10F03000C600C800CC00D200D800DB00E300EA0024
:10F04000EF00F600FC00010106010A010D010E01AE
:10F05000110110010D0109010501FE00FA00F50082
:10F06000F000EC00E900E800E600E800EA00ED004E
:10F07000F000F300F500F600F700F800F700F500E7
:10F08000F300EF00E700DF00D800D000C900C300A4
:10F09000BB00B600B100AD00A900A400A1009E0015
:10F0A0009A009700920090008C00890085008200F1
:10F0B00080007F007E007F008200850089008D0037
:10F0C000920097009B00A100A700AA00AD00B1002C
:10F0D000B300B600B800BA00BD00C100C500C90049
:10F0E000CF00D600DE00E400E900F000F600FB00EF
:10F0F000FF000201060107010601050102010001EE
:10F10000FD00F800F400F000EB00E700E300E00091
:10F11000DC00D900D600D300D000CD00C900C60065
:10F12000C400C100BD00BB00B900B600B400B3000C
:10F13000B300B300B400B400B600B700B800B80024
:10F14000BA00BA00BB00BC00BD00BF00C100C300D4
:10F15000C500C800CB00CD00CE00CF00CE00CE0051
:10F16000CD00CD00CA00C900C500C300C000BE006C
:10F17000BC00BA00B800B800B700B800B800B800CA
:10F18000B900BA00BA00BA00BA00BA00B900B900B2
:10F19000B800B800B800B800B900BA00BB00BC00A5
:10F1A000BF00C000C100C300C400C500C600C60047
:10F1B000C600C800C900CB00CC00CE00D000D200F1
:10F1C000D600DB00DF00E200E500EA00E600E80030
:10F1D000F600EE00EF00F300EF00EE00EE00EF00AF
:10F1E000E900E900EF00EC00E300E700E600E500DD
:10F1F000DE00DB00DD00D200C900C200BD00BC00A3
:10F20000B400AB00A700AB00A5009E009A009A00D6
:10F21000980091008D0091008E0090009400910064
:10F220009200980095009B00A200A300A700AA00EE
:10F23000AE00B100B300BC00BE00C200C300C900F4
:10F24000CF00D100D600DA00DD00E400E000E600E7
:10F25000E700E800EA00EA00E900EE00EE00F00056
:10F26000ED00EE00F000EC00EA00E900EC00E60042
:10F27000E400E800E500E200E700E300E100E3006D
:10F28000DD00DB00D800D000CC00C500C000BF000E
:10F29000BB00B500B200B200AC00AB00A900A600F4
:10F2A000A600A400A400A500A500A400A300A5003A
:10F2B000A600A700A800AC00AF00B000B500B900E0
:10F2C000BC00C100C500C600CB00CF00CF00D200FB
:10F2D000D400D700D900DB00DC00DB00DB00DB0062
:10F2E000DB00DA00DB00DA00D700D900D700D60057
:10F2F000D300D300D000CE00CC00CB00C900C800A2
:10F30000C600C200C200C100BF00BE00BC00BB00FE
:10F31000BA00BA00B800B600B700B700B600B60031
:10F32000B700B800B600B800BB00BC00BF00C0000A
:10F33000C400C600C900CC00D000D200D500D70060
:10F34000D900DC00DD00DC00DD00DE00DF00DF00D6
:10F35000DE00DE00DC00DB00DB00DA00D800D700D6
:10F36000D600D400D200D000CE00CC00CA00C80025
:10F37000C400C200C000BF00BC00BA00B900B800A1
:10F38000B700B500B400B400B300B200B000B000E4
:10F39000B100B100B000B000B100B200B200B300E3
:10F3A000B500B700B800B900BA00BC00BE00C0008C
:10F3B000C300C500C600CA00CB00CE00CE00D000FE
:10F3C000D200D300D600D700D800D900DA00DC0084
:10F3D000DB00DB00DC00DD00DC00DE00DD00DD004A
:10F3E000DB00DC00DA00D800D800D600D600D4005C
:10F3F000D300CF00CF00CE00CC00CA00C900C900A6
:10F40000C700C500C500C300C200C000C000BF00E7
:10F41000BE00BC00BC00B900BA00B700B700B50020
:10F42000B500B500B500B500B600B500B600B70030
:10F43000B800BA00BB00BD00BF00C100C200C400DC
:10F44000C500C700C800CA00CC00CD00CE00CF0068
:10F45000D100D100D200D300D400D400D400D50014
:10F46000D400D400D200D300D200D200D100D0000A
:10F47000D000CE00CD00CC00CB00C900C800C70032
:10F48000C500C500C300C200C000C000BF00BE0070
:10F49000BE00BD00BE00BE00BE00BE00BE00BF007C
:10F4A000BF00C000C100C300C400C400C500C70045
:10F4B000C700C800C900CA00CC00CC00CD00CE00F7
:10F4C000CF00CF00CF00CF00D000D000CF00D000C1
:10F4D000D000D000CF00CE00CE00CE00CE00CD00B8
:10F4E000CC00CC00CC00CB00CA00CA00C900C800C8
:10F4F000C800C700C500C500C300C300C200C200E9
:10F50000C100C000BF00BF00BF00BE00BE00BF0002
:10F51000BF00BF00BE00BF00BF00C000C100C200EE
:10F52000C200C200C300C300C500C600C600C700B9
:10F53000C800C900CA00CB00CC00CC00CD00CD0073
:10F54000CE00CE00CE00CE00CE00CE00CE00CE004B
:10F55000CD00CD00CD00CC00CC00CC00CB00CB004A
:10F56000CB00CB00CB00CB00CB00CB00CA00CA0045
:10F57000CA00CA00C900C900C900C900C800C80043
:10F58000C700C700C700C600C500C500C500C4004D
:10F59000C400C300C300C300C200C200C200C10057
:10F5A000C100C200C200C100C200C200C200C2004D
:10F5B000C300C300C300C400C400C400C400C4002E
:10F5C000C500C500C500C600C700C700C700C80009
:10F5D000C800C800C900C900CA00CA00CB00CC00DE
:10F5E000CC00CC00CD00CD00CE00CE00CE00CF00B0
:10F5F000CF00CF00CF00D000D000CF00CF00CF0091
:10F60000CE00CE00CE00CD00CD00CC00CC00CB0093
:10F61000CB00C900C900C800C600C600C500C400B0
:10F62000C400C300C300C200C100C100C000C000CC
:10F63000C000C000C000C000C000C000C000C000CA
:10F64000C100C100C100C200C200C300C300C400A9
:10F65000C400C500C500C600C600C600C700C8007B
:10F66000C800C800C800C900C900CA00CA00CB0051
:10F67000CB00CB00CB00CC00CC00CC00CC00CC002D
:10F68000CB00CC00CC00CB00CB00CB00CA00CB0021
:10F69000CA00CA00C900C900C900C800C800C80023
:10F6A000C800C800C700C800C700C700C700C60020
:10F6B000C600C600C600C600C600C500C600C6001B
:10F6C000C600C600C600C600C700C700C700C70006
:10F6D000C800C800C900C900C900C900CA00CA00E2
:10F6E000CB00CB00CB00C900CA00CA00CC00CB00C5
:10F6F000CE00C700CB00CB00C900C000D200C100C3
:10F70000AF00C600C200C600BD00DB00CD00C000D7
:10F71000C900C900C500B600AE00DC00C800CD00BD
:10F72000CA00B300AF00AB009F00AF00D500B4002B
:10F73000A100C800D200D200CA00D100D900F40054
:10F74000DB009C00A9009F00B000B400ED00D900D0
:10F75000C200CC00E800CB00CB00C900D300CB0036
:10F76000E500ED00C800D000C400C800E000D800EB
:10F77000E100C000E400EB00E800CD00C900D800C3
:10F78000E100C000D000BE00B800A500A200B70094
:10F79000D000C600CD00C500D200BD00B200BB0045
:10F7A000CC00CC00D100CE00D400D600C200BF00F7
:10F7B000CC00CE00B700D000AC00A100A600AB008A
:10F7C000C700B700CD00B600E700D300D900CA00DB
:10F7D000C1009800C600BC00D500CE00E700EA00DA
:10F7E000E000D000DC00DE00C700C800B900D30094
:10F7F000D300C700B700C600BB00CA00C800C300E2
:10F80000DA00C800C700B000BA00B800C000CB00E2
:10F81000C200D500CA00C300C600DC00D700BB0090
:10F82000D300CE00B400BF00B300A800B900B800F8
:10F83000BB00C100CF00DF00D300D400C300D8005C
:10F84000C000C400CA00BB00B600CF00C700C6009D
:10F85000C400CA00C800B700D300C500C400C60079
:10F86000D100C500C900C700C700D000D000C50046
:10F87000CC00DA00D500C600C800CA00D000BD0028
:10F88000C100CA00CC00C700BF00CE00CB00B6004C
:10F89000BF00C200C600C700CA00C300C400C90040
:10F8A000D000D100D600D600CD00C400C800C400EE
:10F8B000BE00BE00C000BF00C200C700C700BF003E
:10F8C000C800C600C400CC00CA00C800CB00CD00F0
:10F8D000CB00C500C400D100CC00C800C100CA00E4
:10F8E000C600C000C000C900CA00CD00CA00CC00DC
:10F8F000D700D200D900DB00D500C400CF00CE0075
:10F90000C800C200C600C700CC00C700C900C900BB
:10F91000C600CB00CB00CC00C800CC00BC00CA00A5
:10F92000BA00C000C800C400CA00C400C900C300B7
:10F93000CA00C400CD00C300C600C600C600CC008B
:10F94000CC00C200CA00CC00C900C900CB00C20074
:10F95000CA00CC00CB00CF00BE00CC00C600CB005C
:10F96000CC00C800CB00CC00C700CD00C100C9004E
:10F97000CB00C300CF00C900CA00CE00C600CD0036
:10F98000C900CC00CD00C600CE00C900C900C2002D
:10F99000CC00CE00CB00C800C500C300C400C0002E
:10F9A000BF00C500C300BD00C000C100CA00C10047
:10F9B000C600C400C800C300C600C300C400C40021
:10F9C000C200C200C500C400C300C600C300C70017
:10F9D000C800CA00C700CD00C900CE00CA00C700D9
:10F9E000C800CA00C800C800C800CD00C900CA00CD
:10F9F000CC00CF00CA00C900CB00CD00C900C700B1
:10FA0000CB00CB00C500C800C900C900C900C600B2
:10FA1000C600C700C800C700C600C700C700C900AD
:10FA2000C600C700C700C600C500C500C700C600A5
:10FA3000C500C800C600C300C700C700C700C50096
:10FA4000C500C700C600C400C800C600C600C50087
:10FA5000C600C800C500C800C700C900C500C9006D
:10FA6000C900C900CB00CA00CA00C800CB00CA0048
:10FA7000C900C900C900C600C900C900C800C70044
:10FA8000C900C700CA00C600C700C600CA00C90036
:10FA9000C700C600C700C600C500C500C400C60038
:10FAA000C700C500C500C600C400C500C600C70029
:10FAB000C400C600C600C600C800C600C700C70014
:10FAC000C800C800C700C800C800C900C700C800F7
:10FAD000C900CA00C800C900CA00CB00CC00CB00D6
:10FAE000CB00CA00CB00C900CA00C900CA00CA00C6
:10FAF000C900C900C900C900C900C900C900C900BE
:10FB0000C900C900C900C900C700C800C800C700B3
:10FB1000C600C500C700C600C600C600C600C500B6
:10FB2000C500C600C500C600C600C600C500C500A9
:10FB3000C500C400C500C600C500C500C700C6009A
:10FB4000C500C600C700C700C700C800C800C8007D
:10FB5000C800C800C800C700C900C800C800C80065
:10FB6000C900C900C900C900C900CA00C900C9004C
:10FB7000CA00CA00C900C900C900C800C900C9003C
:10FB8000C800C900C800C800C800C800C700C70036
:10FB9000C600C800C700C700C700C700C700C7002D
:10FBA000C700C700C700C700C600C700C600C60020
:10FBB000C600C600C700C600C700C700C800C60010
:10FBC000C800C800C800C700C900C700C700C600F9
:10FBD000C700C700C600CA00C500C900C300C500F1
:10FBE000C600C400C900C800BF00C800C500C900E5
:10FBF000C600C700C900CB00C900C900C800C700C3
:10FC0000C800C400C400C300C900C600C900CB00BE
:10FC1000CA00CC00C800C900C900C900C600C6009F
:10FC2000C700C700C500C300C100C000C700C300B3
:10FC3000C400CA00C800CC00C900CD00C600C60080
:10FC4000CA00C600C900C900CB00CC00CB00CB0065
:10FC5000CA00CC00CA00C800C800C700C600C70060
:10FC6000C600C400C600C700C600C800C600C80061
:10FC7000C700C800C600C700C500C700CA00C5004D
:10FC8000CA00C900C800C700C600C700C600C5003A
:10FC9000C600C900C500C400C700C500C400C50037
:10FCA000C500C700C600C600C200C400C400C5002D
:10FCB000C500C900C700C800CA00C600C800C90006
:10FCC000C800C900CB00C900C900C800C900C900EC
:10FCD000C500C500C800C700C700C700C700C900ED
:10FCE000C900CB00C800C800C700C900C800C700D1
:10FCF000CC00C900CA00CD00CA00C900CA00CA00B1
:10FD0000C700CB00C600C800C700CA00C600C900B3
:10FD1000C900CA00CA00C700C700CA00C700C8009F
:10FD2000C900C800C600C300CA00C800C900C70097
:10FD3000C900C700C700C800C400C200C400C40096
:10FD4000C200C400C300C600C600C600C800C90087
:10FD5000C800C900CC00C400CA00C500CB00CD005B
:10FD6000C600C800CA00C300C600C900C100CB005D
:10FD7000CA00C800C900CA00C900C800C500CB003D
:10FD8000C600C400CB00C700C600C400CB00C3003F
:10FD9000CB00C900C400C700C800D000C500C70020
:10FDA000C900C700C900CB00C900CF00C700D100FF
:10FDB000C800CB00CC00C800CA00C400CA00C900FB
:10FDC000CA00C400C600C500C600C600CA00C600FE
:10FDD000C600CF00C500C700CB00C400C900C800E2
:10FDE000C400CB00C600C800CF00C700C600CA00D0
:10FDF000C900C500C600C700CB00C700C200C900CB
:10FE0000C800C700C800C800CB00CB00C800C900AC
:10FE1000CB00C800C800C700CB00C800C500C700A1
:10FE2000C500C500C400C400C300C800C600C600A9
:10FE3000CD00C600CA00C800C800C900C600C7007F
:10FE4000C900C600C900C300C500C300C700C50083
:10FE5000C400C700C600C400C400C900C600C90071
:10FE6000C700C900C700C500C900C700C400C90059
:10FE7000C600C900CB00C700CA00CC00C700C7003D
:10FE8000C700C900C800C700C800C600CA00C80033
:10FE9000CB00C600C800CD00C800CA00C900C90018
:10FEA000C800C900C900C900C700C900C700CA000E
:10FEB000C500C800C700C700C700C700C800C80009
:10FEC000C900C800C700C900C700C600C600C600F8
:10FED000C700C700C800C700C600C800C800C700E8
:10FEE000C900C700C700C700C700C700C600C600DA
:10FEF000C600C600C700C800C700C800C700C900C8
:10FF0000C800C800C800C700C900C800C800C800B1
:10FF1000C800C700C800C800C800C700C800C800A3
:10FF2000C900C800C800C800C800C800C800C80090
:10FF3000C800C800C800C700C800C700C700C70085
:10FF4000C700C700C700C700C800C700C700C80077
:10FF5000C800C800C800C700C700C700C700C70066
:10FF6000C700C700C700C700C700C700C800C80057
:10FF7000C800C800C800C800C700C800C800C80042
:10FF8000C800C800C700C700C800C800C700C70035
:10FF9000C800C800C800C800C700C800C700C80023
:10FFA000C700C700C700C700C700C700C700C70019
:10FFB000C700C700C700C800C800C800C800C80004
:10FFC000C800C800C800C800C800C800C700C800F2
:10FFD000C800C700C700C700C700C800C800C800E5
:10FFE000C800C800C700C700C700C700C700C700D7
:10FFF000C700C700C700C700C700C700C700C700C9
:020000040803EF
:10000000C700C700C700C700C700C700C700C700B8
:10001000C800C700C800C700C700C700C700C700A6
:10002000C700C800C800C800C800C800C800C80091
:10003000C800C800C800C800C800C800C800C80080
:10004000C800C800C800C800C800C800C800C80070
:10005000C700C800C700C800C800C700C700C70065
:10006000C700C700C700C600CE00CD00C600C7004D
:10007000C900C800C500C700CA00C900C700C80041
:10008000C700C600C600C900C900C700C800C90033
:10009000C800C700C700C800C700C800C800C70024
:1000A000C900C600C700C600C900C700C600C80016
:1000B000C700C900C600D500BE00C800C900B30013
:1000C000900012007E007200AB007D0184007E0172
:1000D0008F018F018E01EF0037006800FC000801DE
:1000E000190000000000010007002B004E00D100A5
:1000F00073018F018F018E018F018F018F017501B7
:10010000FC006D0050000100010001000000010032
:10011000010001002A0063007A008300F2008401DC
:100120008901820168017C018C018E018C015B01D7
:10013000CE00EC00380017000D00060001001E0084
:10014000240050006E00B100B200FF003C01280105
:10015000170155016C018A017F0184013E01C6002F
:10016000A500D200CB0050004E0053007B00AD0034
:10017000920091008A00C500BA00D500DE00E700B9
:1001800016013B012B0122012301C700F000AC0046
:100190007D00B4009200DB00CD00F2003D00430082
:1001A00038006500F5000B011301E300FE00CD00EF
:1001B000F300FE00EC000201D000C400CF00DE001E
:1001C000B900970080007C00970085008E009E009B
:1001D000A300D3002401ED00E200C900B100B70084
:1001E0001301CF001801B9000901BB003500D5008B
:1001F00069009800C800D200C300B200AF00C00080
:10020000E4001201B0002D01E000B0000401CC00B8
:10021000BD00740098009B00CC00B20085008500F2
:100220006500B900A400E7000501D2001C01F2003E
:10023000D400E400F800FC000E01F100DF00E4004F
:10024000A800BF00B100B0007B009A008F00D5006D
:10025000C500AC00D300E0000101F000EF00E900B0
:10026000E400E000EF00FB00E800DD00AF00D30099
:10027000CE00D500A6009F00B000CB00B800B100B2
:10028000B100A200EF00CE00DD00CF000D010001A3
:10029000F9001E01F300FB00C500CF00A300A90078
:1002A000C90092008F00C0008600BF0096000A01BE
:1002B000D600990018011201D500DB00E200F4001D
:1002C000E000CA00C400B700C400960092008C0091
:1002D0007E008A00B400BA00C100E400D300E3004D
:1002E000E800EF001001FC00E900DA00CF00C500D3
:1002F000A500AF0085008E009E00AB009200A50017
:10030000B200B600BA00C300D500DA00E800DE0093
:10031000EC00FA00E200DA00D100C400B8009F004F
:1003200094008D00A000A8009800A100AC00C400BB
:10033000CA00C100D800DD00EE00EE00F800D600D3
:10034000E100D900C300C300BA00C300AC009A00AA
:100350009F00A800AD00A900BB00A500DB00D100F4
:10036000E600DB00F900F200D800F600DD00DA005C
:10037000C000BB00B900BF00A000AB00A200A400F9
:100380009C00C900B100BB00C000D100DE00F60037
:10039000E900F000E800E200E900CC00C400BC0085
:1003A000B500B900AE00A700AD00B500C100BD00AA
:1003B000D200DB00D100E500EC00EC00E100DF0042
:1003C000DD00D600CA00C800C500B900B800B600FC
:1003D000BA00AF00BB00C000C200C900CC00D4000E
:1003E000DC00E100E400D800DF00DD00D100C70040
:1003F000C800C000BC00BC00B400B300C200BD0017
:10040000B700C200C600C700CF00D600D100D80098
:10041000DE00DB00D700D500D300D100CB00CA003E
:10042000CA00C000B600B500B000BC00BC00B800F7
:10043000BD00C200C700CA00CE00D100D100D2006A
:10044000D200D300CF00C900C800CB00C400C10057
:10045000C000B900B900BB00BF00BE00BD00C100B4
:10046000C900C900CB00C900D100CE00D000CE0029
:10047000CE00C900C900C400C300C000C300C10051
:10048000BD00C000C200C400C400C500C900CB004C
:10049000CC00CC00CF00CC00CB00CC00CA00C900FF
:1004A000C800C500C000BF00BF00BF00BE00C20042
:1004B000C100C500C400C700C700C800CA00CE0004
:1004C000CC00CC00CE00CC00CB00CB00CA00C500D5
:1004D000C700C700C600C200C100C200C200C300FE
:1004E000C300C100C400C600C900C800C900CA00DA
:1004F000CA00CE00CD00CC00CB00C900CB00C900A3
:10050000C800C700C400C300C400C400C500C600C2
:10051000C500C700C800CB00CA00CC00CC00CB008F
:10052000CC00CB00CA00C800C800C700C700C50087
:10053000C400C400C500C400C800C600C800CB0089
:10054000CD00D000CF00D000CE00D000CF00CF0033
:10055000CE00CC00CB00C800C900C600C700C60052
:10056000C500C400C500C700C500C600C800C9005A
:10057000C800C900CA00C900CA00C700C800C80036
:10058000C600C500C400C400C200C200C000C00054
:10059000C200C100C200C200C300C400C500C40044
:1005A000C700C700C600C700C600C600C600C4001A
:1005B000C400C400C500C500C500C300C500C70015
:1005C000C900C900C700C700CA00CC00CA00CB00E0
:1005D000CA00CA00CB00CA00CA00CA00C900C900CC
:1005E000CC00C900C900C600C800C900C900C600C7
:1005F000C800CD00C800CC00CA00CB00CB00CC00A6
:10060000CB00CD00CD00CC00CD00CA00CA00C50093
:10061000C300C700C600C700C300C500C600C800AD
:10062000C800C800CB00CE00C600C900CA00C9007F
:10063000C500C500C800CA00C300C500C800C50089
:10064000C500C300C200C600C600C500C500C80082
:10065000CA00CA00C700CB00CA00C900C600C60055
:10066000C400C300C300C300C300C500C400C5006C
:10067000C600C900C600C600C800C500C600C60046
:10068000C800C900CA00C900CA00C800C600C60028
:10069000C400C400C600C300C400C600C600C50034
:1006A000C600C900C700C900C800C900CB00CC0003
:1006B000CA00C900C800CA00C900C900C900C800F2
:1006C000C900CA00C900C600C900C700C700C600EB
:1006D000C700C700CA00C900C900CA00CA00CC00D0
:1006E000CB00C900CB00C800C800C900C900C900C0
:1006F000C900C900C900CB00CA00C900CA00CA00AD
:10070000CC00CA00C800C900C800C900C700C600A4
:10071000C700C800C600C500C400C400C500C300AF
:10072000C400C500C600C700C600C700C700C70098
:10073000C600C900C900C800C600C700C600C60080
:10074000C600C700C700C600C600C700C800C70073
:10075000C600C700C900CA00C900C800C800CA0056
:10076000CB00CA00C800CA00CA00C800C800C70041
:10077000C800C600C600C700C700C500C600C60046
:10078000C700C800C700C700C500C700C800C70031
:10079000C500C500C600C600C500C600C500C7002C
:1007A000C600C500C600C600C700C700C700C70016
:1007B000C900CA00CA00C900C900C900C800C900F0
:1007C000C800C800C700C800C800C700C800C700EC
:1007D000C800C700C900C800C900C900C900C900D5
:1007E000CA00C900C800C900C900C800C900C700C4
:1007F000C800C700C700C800C600C800C500C600C2
:10080000C800C800C800C700C800C800C800C800A9
:10081000C700C800C900C800C800C600C600C7009D
:10082000C700C800C800C600C600C800C900C8008C
:10083000C800C800C800C700C900C800C800C70079
:10084000C700C700C800C800C600C700C700C8006E
:10085000C800C800C600C800C800C800C800C7005B
:10086000C700C700C900C900C700C600C600C7004E
:10087000C700C600C700C500C600C800C600C70044
:10088000C600C500C700C800C900C800C700C8002E
:10089000C800C800C800C700C900C700C800C80019
:1008A000C700C600C700C900C900C800C800C7000B
:1008B000C700C900C800C900C800C900C900C800F5
:1008C000C800C800C800C800C800C800C700C700EA
:1008D000C700C700C600C700C700C700C700C800E0
:1008E000C800C700C700C700C800C800C700C700CD
:1008F000C700C700C700C700C700C700C600C800C0
:10090000C600C700C700C800C700C700C800C800AD
:10091000C800C700C700C700C800C800C700C8009B
:10092000C700C700C700C800C700C700C700C8008D
:10093000C700C700C700C700C700C700C700C8007E
:10094000C700C700C800C800C800C800C700C8006A
:10095000C700C800C800C800C700C800C700C8005A
:10096000C700C900C900C800C700C700C900C90046
:10097000C900C800C700C700C900C800C800C70038
:10098000C700C700C800C800C700C700C700C7002D
:10099000C800C700C800C800C800C700C800C7001A
:1009A000C700C700C700C700C800C700C700C7000E
:1009B000C700C800C800C800C700C700C700C700FC
:1009C000C700C800C800C700C700C700C800C800EB
:1009D000C700C800C800C900C800C700C800C800D8
:1009E000C900C700C600C600C800C800C700C700CD
:1009F000C600C700C800C800C700C800C800C800BB
:100A0000C900C700C700C700C800C700C700C700AB
:100A1000C700C700C700C700C600C700C600C700A0
:100A2000C800C900C700C600C800C800C800C80088
:100A3000C700C700C800C700C700C900C800C90078
:100A4000C700C800C900C800C700C600C800CA0067
:100A5000C800C800C700C600C800C800C900C70059
:100A6000C400B300B300B200BF00CB00CB00DF0076
:100A7000DB00F100D700B600AB008D008000AA00BB
:100A8000CE00E8005D015F017D018F018E014A010A
:100A9000E400540028000B000400070000000000E0
:100AA00000000C00870015015C016B0166017301F9
:100AB0007D0174018F014901E8003F0019001E000B
:100AC00019001C0011000B0016007B00D4002F0140
:100AD00080018E018E018E018E018F018B018A01B2
:100AE0007D013601E600A9005A00280008000F0029
:100AF0004C002E0038008700C000C300ED00070145
:100B0000EF00DA0081009E006B000E00050013006C
:100B10001C0014001E00460055007400A700B2001F
:100B2000AC00B4009C00AE00B500930084007B00D4
:100B3000A9009300B300B200BC00B5009D00A7005F
:100B4000B300BA00D800F500FF00FD00080129013C
:100B5000360128014B01580163016F0168017501DD
:100B6000710175016C018F018F018E018901810175
:100B70007F017B01810178013F0133012201F600F1
:100B8000F900E400DD00DD00E900D000C700D50079
:100B9000CC00CE00CE00C000B30093007F00610007
:100BA0002300000000000000000000000000000022
:100BB0000000000000000000000000000200110022
:100BC0003B004A006300850085009F00C600CF00FF
:100BD00002011801220115010D01080106011E0183
:100BE000190120010501F300ED00F8000501FE00E8
:100BF00023013E013F012D01430144014F015101F9
:100C0000440149014B013F01260121012B0119013A
:100C100022014E01580156014E01650155016E0138
:100C20005C015F015F01410124011901DF00BC008B
:100C30009B00830067004D003D00400010000B004A
:100C4000100016001C002E00340043005100590013
:100C50005F0067006A0060006A00820095008900FA
:100C6000AE00AE00AF00BA00CC00E000F700EA0032
:100C7000070121011801FF000001E300E700E50082
:100C8000EC00E600D100D000B000B400B900D600FE
:100C9000E300E900DD00DF00CE00BD00D000D90098
:100CA000CE00E800F400EB00E900DB00D000F20029
:100CB000EB00E800F200E600E500DA00D900D10020
:100CC000E100DA00DD00E600DF00D000C800D4005B
:100CD000BD00BC00D100C200C800C400B000B30019
:100CE000B300C000BA00D500BE00C800C900BB00F8
:100CF000CE00C700C700B100A1009700940091008A
:100D00007B007B0081005B004F005D0059005D00AF
:100D100058006B007C00860077009100A100A600BF
:100D20009700C500BC00C300CB00D100D400CD00AB
:100D3000D600EA00F900FE00FB00FC0010010701EC
:100D40002001140138012D0138012C012D01200151
:100D50000C011001F5000301F400FA00E300E800C3
:100D6000C300D200C200CF00E700E100E900F000BC
:100D7000E700E800E000E400D800EC00E500E30054
:100D8000DD00C600B800CA00AB00B500AE00BA0076
:100D9000AF00B4009E00A100A10091008A008B006A
:100DA000930081007A0080007E0077006F0083004E
:100DB00080008B007D007E008B008F009D009600E0
:100DC000B100B300A400B800BE00C900B300C70062
:100DD000CB00C100C400BD00C000C200C500CE00F1
:100DE000DA00F300E200F600E500F600F600060186
:100DF000070112010C010501120115010101020197
:100E00000301060102010301F400E000DC00E00040
:100E1000E700E200D500DC00CE00C100C400AF0056
:100E2000BC00B700B100B600B6009F00AA00A90040
:100E30009C00A200AA00B900BB00B100AF00AA004C
:100E4000B300B700B400CF00D200C400BA00C9009C
:100E5000C400B800BD00C800DE00CD00CA00C50057
:100E6000BA00AA00AA00B400B500BD00A5009F000A
:100E7000A00098009800A100B000B400A900A6004E
:100E8000AE00B200A200B000B900BA00A800C500D0
:100E9000C000CC00C500C800D200DA00D800EC00C9
:100EA000F700E800E800F300EC00E600EF00F700D0
:100EB000F300F600EC00F200E900EC00EC00ED00BD
:100EC000F700ED00FA00F900E700F000E100E900AA
:100ED000E100DC00D300D900CD00C800D100C5007E
:100EE000B500C200BA00BA00C100C000B400B20030
:100EF000A500A600A800A6009F009B009C009500EE
:100F00008C008F008F00940087009D009A00940051
:100F100095009F009D009D00A700BA00AF00B000A3
:100F2000B200B400C000CB00CB00DF00E300E30060
:100F3000DE00DF00E300EC00EC00EE00EF00EC0070
:100F4000EA00E700E300E300E800EB00E300E30071
:100F5000E600E100D200E000CF00DE00DD00D700B7
:100F6000C200CF00B000BE00C100B800B900BA0096
:100F7000C200BE00B500B900B600C100B800C00094
:100F8000C100C100BF00C300C600C100BB00C60055
:100F9000C800D400C500C000BF00C800C100BC002C
:100FA000CD00D500CC00D400C900CF00C400C100E2
:100FB000C400CD00D000CD00D200D800D300D100B5
:100FC000CF00D700CE00DB00D400D100D500C70091
:100FD000D100BE00C100CF00C000C400C600C200E6
:100FE000B800B900B000B300A500B300BC00AC006D
:100FF000A900A400A000A500B200A400AA00A700B8
:10100000A400A500A800AF00AF00BE00BC00C60051
:10101000B900C500CA00CC00C700D200DC00DB006C
:10102000D800EB00D400DF00DB00DA00F200E800BB
:10103000EA00F300F100F200E500E700EC00F60042
:10104000F000EB00F500E600DE00DE00E400D90071
:10105000D000D900CF00CC00C000C200BB00C3004C
:10106000B800B700B000AD00AA00A4009F009E0029
:10107000A200A200AE00A8009A00A3009B009D0061
:10108000AA00AD00A800BB00BA00B000B200B600D4
:10109000B900C700C700CA00CB00C500C600CD001C
:1010A000CE00D700DB00E300E800E400D700DA0060
:1010B000D200DB00DB00E700DE00E800E300DF0039
:1010C000D300CC00D500D900DB00DC00D800D10073
:1010D000CC00C600C700C800C900C600C900C100D6
:1010E000B800BA00B400B800B600BC00C100B4003B
:1010F000B700B200B500B400B300B800BB00B9003F
:10110000BA00BB00B600BF00B800C200BF00C200FA
:10111000C200C800C600C700CB00C700CA00CD008F
:10112000CF00CE00CC00CF00D000D000D200D00045
:10113000D800DD00D500D600CE00D300D200CF000D
:10114000D500DB00D200D100C900C900C900CB0026
:10115000D500CF00D300C800CC00CD00BE00CA002F
:10116000C800D100CC00CB00C900BF00B700B4005C
:10117000B900BC00B900C100B900B600B600BB00A0
:10118000AF00B300BA00C000BB00BE00BB00BA0095
:10119000BC00B400C100C400CA00CB00CB00CD002D
:1011A000CA00C900D100CF00CF00D100D200D700C3
:1011B000D600D300D000D200D100D600D600D70090
:1011C000D500D400D200D600CB00D000D100D10091
:1011D000D100CE00C800CB00C600C400C400BC00D3
:1011E000C100BC00BD00BF00B700C000BF00C1000F
:1011F000C100BA00B300BC00BC00BB00BB00BD0016
:10120000C000BE00BF00C300C200C000C400C600D2
:10121000CB00C500C600CE00CC00CB00CD00CB007B
:10122000D100CB00CA00CE00CD00CA00CC00D10056
:10123000D000CE00D500CE00CE00CC00CD00CF0037
:10124000CD00CD00CB00D200CF00CC00CA00C7003B
:10125000C600C800C400C800C300C600C400C10066
:10126000BD00BB00BA00BC00BE00C800C300C30084
:10127000BE00C000C600C500C700CC00C700CC003F
:10128000C500C500C700C800C700C800C900CB0022
:10129000CA00C800CA00C900C500C600CC00C8000A
:1012A000C700C800C600C600C700C500C300C7000D
:1012B000C600C700CB00CB00CA00C600CD00CD00E1
:1012C000CA00CB00CE00D100CA00C800CB00C400C9
:1012D000C100C900C700C700C900CC00C900CB00CD
:1012E000CA00CB00CA00CE00CC00CA00CD00CC00A2
:1012F000CF00CC00CD00CA00CA00C900C800C5009C
:10130000C100BF00BF00BB00BE00C000BF00BF00E7
:10131000C100C200C000C600C300C000C100C100BF
:10132000C300C400C100C400C400C200C200C400A5
:10133000C500C500C900C600C700C700C500C6007B
:10134000C500C600C600C800CB00CC00CD00CF0051
:10135000D100CF00CE00C900C900CC00CC00CC0029
:10136000CE00D200D200D100D200D100D200CF00F6
:10137000CE00D100CE00CB00CA00C900CB00C9000E
:10138000C800C600CB00C700C400C400C500C5002B
:10139000C200C200C600C500C400C200C100C30034
:1013A000C100C200C500C500C400C200C200C00028
:1013B000C000C000BF00C200C300C600C700C90013
:1013C000C900C600C500C700C600C600C500C600EB
:1013D000C600C200C700C800C800CB00CC00CC00CB
:1013E000CD00C900C700C700C900C900C900CD00B1
:1013F000CB00CC00C900C900C900C900C800C600A4
:10140000C600C600C500C600C500C600C600C700AD
:10141000C800C700C700C500C700C800CD00CA008B
:10142000CA00C600CD00C700CF00B200C300C10093
:10143000BF00CE00BB00AF00ED00C900C600BF007A
:10144000D3000601A300BF00BE00BD00DD00C00048
:10145000EB00B200D500D000C800BA009700A5008C
:10146000DA00C900C200C800DF002701E800D80088
:101470009400DA00C600C400C000A800EC00F2002E
:10148000BC0016019700BA00AA00A100D700B10065
:10149000AA00E800EC00C800CE00CE00CD00BC00E1
:1014A0008F00DD00D300AB00C00001019E00DB0017
:1014B000C600D0009D00D200BE00AA00E500DE00FC
:1014C000CE00C000C300DD00B500C400D200B100F2
:1014D000DC00DA00B800D500B000BA00E700DC009C
:1014E000C700BA00CC00AF00B600E5009E00D800EF
:1014F000DA001801CD00D400FA00E000C300D300E8
:10150000CF00C000BE00A200A700BD00C000D300F5
:10151000B100D100F200C600D900D100DA00BB0052
:10152000B100C0009500A9009600B800E600E800F0
:10153000F700A700BF00D200A900B200B600B900B2
:10154000DC00D000E300CC00DF00C900BF00B80021
:10155000BA00A900A5009800BB00BB00CD00D700D1
:10156000D000C700DA00DC00C500D800F200C900D6
:10157000C600C000B700D400D800C000B000B6005C
:101580009E00BC00BE00D700C500F100E000FB00DB
:10159000E800DA00D500C700B500BE00BA00A6001A
:1015A000B900C700CA00C700C100C000E500D800EC
:1015B000D000D700D500D800BC00DC00BD00CE00B4
:1015C000B300CA00C800C600C300BD00C300DC00F1
:1015D000C200B500D900E500CB00C800DE00CF0096
:1015E000C900CF00BD00C500CE00BF00D200CB00B7
:1015F000C900D300C100CC00D000C000BD00C900AC
:10160000C500CE00CB00C100C200C700C000C600AC
:10161000C900B400B800C000C900C400BF00C000C9
:10162000CA00BE00BF00C000D200D400C900C7007D
:10163000C800BD00C000BB00BF00C800CA00BC009D
:10164000CD00CC00C900CF00CC00D000D100CE002E
:10165000C600C300C300BE00BE00BA00C100C60081
:10166000C200C900CE00C600CF00CD00CB00CB0029
:10167000C700C200C800CB00CC00C600BF00C2003B
:10168000C300C000C000C700C900CE00CD00C50027
:10169000CA00CE00C600C500CC00D000D100CB00EF
:1016A000C600C300C800C600C600C900D000D000F4
:1016B000CE00CD00CD00CC00CA00C900C900C900D1
:1016C000CB00C600C600CB00C500C600CD00C900D7
:1016D000C500C600C800C900CA00C800C700C800CD
:1016E000C900CA00C700C600CA00C300C300C500C5
:1016F000C100BF00C300C400C500C700C700C700C9
:10170000C800C800C700C700CB00C900C800C4009B
:10171000C500C200C500C500C500C500C900C8009D
:10172000C600C800CB00CB00CB00CA00C900C70070
:10173000C800C400C400C600C700C600C500C7007A
:10174000C800C900CB00CC00CC00CC00CC00CA0043
:10175000C800C600C500C500C800C600C400C4005B
:10176000C700C500C700C600C700C800C700C90041
:10177000C700C700C600C800C500C700C900C80030
:10178000C700C900C900C800C700C700C700C7001C
:10179000C800C800CB00CA00CA00C900CA00C900FE
:1017A000C800C800C900C900C900C800C700C800F7
:1017B000CA00C800C900CB00CA00CA00CA00C800DD
:1017C000C700C700C600C600C500C500C500C500EB
:1017D000C600C600C500C500C700C600C600C600DA
:1017E000C600C600C700C600C500C600C500C500CB
:1017F000C600C500C400C400C500C600C600C600BF
:10180000C800C800C800C800C800C800C900C80097
:10181000C900CA00C900C900CA00CA00C900C9007D
:10182000C900CA00CB00CA00CA00CB00CB00CA0066
:10183000C900C900CA00C900C800C800C900C80062
:10184000C800C700C800C900C800C700C800C90058
:10185000C800C700C700C700C700C600C500C60053
:10186000C600C700C600C500C700C700C600C60046
:10187000C800C700C700C700C700C800C800C6002E
:10188000C800C800C800C700C600C800C800C7001C
:10189000C800C900C900C900C800C800C900C90003
:1018A000C700C800C900C700C700C700C700C700FD
:1018B000C700C700C800C700C700C800C800C900EB
:1018C000C800C600C600C600C400C500C700C500E9
:1018D000C700C800C800CB00C800C500C700C600CC
:1018E000C300C500C300C500C500C200CF00CB00C7
:1018F000C100CB00D100C200C600CA00C500C000B4
:10190000C400C300C700CD00C000C400CF00CB009E
:10191000CB00CE00C800CB00C800C400CA00CB007A
:10192000D400C600CD00CC00CE00C400C200CD0063
:10193000C600C400C500C400C600C600BF00C90080
:10194000D100C300CD00CB00C100CC00C300C40057
:10195000CA00C500C200C400C900C400C500C70059
:10196000C200CA00C600C800C900C800CC00C80038
:10197000C500CB00CA00C800C500C700CA00C5002A
:10198000C900C700C800C900C600C700C300CB001B
:10199000CC00C600C800C900CA00C600C400C4000C
:1019A000C700C900C600C700C700C900CA00CA00F6
:1019B000CB00CC00CB00CD00CB00CA00C800C500D6
:1019C000C300C400C200C300C500C600C600C500F5
:1019D000C700CA00CA00C900CB00CA00CB00CB00B8
:1019E000C800C800C600C500C400C500C600C800C5
:1019F000C700C700CB00CA00C900C900C800C600A4
:101A0000C700C600C700C600C500C400C700C700A5
:101A1000C500C600C800C700C700C600C700C70091
:101A2000C600C700C800C800C900C900C700C90077
:101A3000C700C500C600C600C700C500C600C70075
:101A4000C700C800C800C800C900C900C900C80054
:101A5000CA00C900C800C800C900C800C800C90041
:101A6000C800C900CB00CA00C900C800C900C9002D
:101A7000C800C900C800C700C800C800C600C70029
:101A8000C700C700C800C800C700C700C800C7001B
:101A9000C800C800C800C700C700C800C700C7000A
:101AA000C700C700C700C800C700C700C700C700FD
:101AB000C700C700C700C700C700C800C800C800EB
:101AC000C800C700C700C700C700C600C600C600E0
:101AD000C600C700C500C500C800C600C600C800D3
:101AE000C900C600C900C600CB00C800C600C700B8
:101AF000C500C800C900C800C500C800C700C500AF
:101B0000C800C600C700C800C600C700C700C9009B
:101B1000C800C900C700C800C800C800C800C90084
:101B2000C900C800C700C700C900C900C700C90074
:101B3000C900C900C800C900C900C900C900C8005F
:101B4000C800C700C800C800C900CA00C800C90052
:101B5000C800C900C800C900C800C700C700C70046
:101B6000C600C600C800C700C700C800C700C7003D
:101B7000C700C800C700C700C600C700C800C6002D
:101B8000C600C500C700C800C700C600C600C70021
:101B9000C700C600C700C600C700C600C600C60012
:101BA000C700C700C600C700C800C600C600C700FF
:101BB000C700C700C700C700C700C700C700C600EE
:101BC000C700C800C800C800C700C800C700C700D9
:101BD000C700C800C800C800C800C700C700C800C8
:101BE000C800C900C800C800C800C800C800C800B4
:101BF000C800C800C800C700C800C800C800C700A7
:101C0000C800C800C800C800C800C800C800C90093
:101C1000C800C900C900C800C800C800C800C80082
:101C2000C800C800C800C700C700C700C700C80078
:101C3000C800C800C800C800C800C800C800C80064
:101C4000C800C800C800C800C700C800C800C70056
:101C5000C700C800C700C700C700C700C700C7004B
:101C6000C700C700C700C700C600C700C700C7003D
:101C7000C700C700C600C700C700C700C600C8002D
:101C8000C700C700C600C700C700C700C700C8001C
:101C9000C800C800C800C700C700C700C700C80008
:101CA000C700C700C700C800C800C700C800C800F8
:101CB000C800C800C800C800C800C800C800C800E4
:101CC000C800C800C800C800C800C800C700C700D6
:101CD000C800C800C800C800C800C800C700C700C6
:101CE000C700C800C800C700C800C800C800C700B7
:101CF000C800C800C800C800C700C700C800C800A6
:101D0000C700C800C700C800C700C800C800C70097
:101D1000C800C800C800C800C700C800C800C80084
:101D2000C800C700C800C800C700C700C800C70077
:101D3000C700C700C700C700C700C700C700C7006B
:101D4000C700C700C700C700C700C700C700C7005B
:101D5000C700C700C700C700C700C700C700C6004C
:101D6000C700C600C700C700C700C700C700C7003C
:101D7000C800C700C800C800C800C800C700C70026
:101D8000C700C800C700C800C800C800C800C80015
:101D9000C800C800C800C900C800C800C900C80001
:101DA000C800C800C800C800C800C800C800C800F3
:101DB000C800C800C800C800C800C800C800C800E3
:101DC000C800C700C800C700C800C700C700C700D8
:101DD000C700C700C700C700C700C700C700C700CB
:101DE000C700C700C700C700C700C700C700C700BB
:101DF000C700C800CC00CB00BE00C800D300C100A3
:101E0000A900CD00E900C900AF00BE00C000C000BD
:101E1000A000B800E0001301F0008900AE008D00C2
:101E200047008500B0001801C5004D018E018F01EB
:101E300059015301F800A30069003600170005009E
:101E40000800050001000B00240086001B01690149
:101E50006401750163016D01820169013201C000F5
:101E60003300170018000E000C00080004001300D7
:101E70007600E700280187018E018D018E018E0119
:101E80008F018F018E0159012401EE00A6006E0022
:101E9000350029002600300052004C006F00B700CA
:101EA000CA00F80003010501D600DE00BA00770081
:101EB0004C0039000E001500220025002C003B00CC
:101EC00047004B0076007E00A400A100AB00A800F4
:101ED0009E00A1008D009100AA00AF00B100C300D8
:101EE000A900A100AA00C100BA00B800BD00C3004B
:101EF000D900F7000F012B0133014E015F0167018B
:101F00007C016E01770187018F018F018D018D01A9
:101F10008E018C018F018B017401790163014101F4
:101F200031011F01090106010D01FA00EE00E80070
:101F3000DC00D800D900E000EA00E900D800D300B6
:101F4000C500A2007A004F0017000000000000004A
:101F50000000000000000000000001000000000080
:101F600000000000000016001F0037005700660048
:101F700080009C00B000CA00E100ED00F900000103
:101F8000FE000701060102010001F200F300F50066
:101F9000FB00FA00010107010F011B011B012601D3
:101FA00034013A0148014B014D01470146013E0110
:101FB0003E0139013301350138013C013C013A0150
:101FC0004301490152015A014F0147013E012D01D0
:101FD00019010A01F000CE00B6009D0078006C00E7
:101FE0005900460041003E00350034003D003D00F0
:101FF00044004E00570062006E007A008700940093
:1020000096009800A300AF00B700BC00C900D10043
:10201000DC00DF00DF00E500E400E500DF00E200B7
:10202000DC00D600CE00C500BA00B300B100AF009E
:10203000B400B600B700C300C800CE00D000D60080
:10204000DB00DC00E100DA00D900D600D300CE00CE
:10205000D000D100CF00D100D700D800DE00DE00D4
:10206000E100E800ED00EC00EB00EC00EA00E50028
:10207000E500DD00DC00DB00D800D500D600D30091
:10208000D300CF00D100D200D200D400D400D500BC
:10209000D300CF00CD00CC00C700C300BD00B50009
:1020A000AF00A9009E0097008F00820077007100AA
:1020B0006A006600640066006A006E0075007C00BD
:1020C00085008E0098009F00A700AF00B500B80003
:1020D000BE00C300C500C800CB00D000D700DB00A5
:1020E000E200E800EE00F500FC00010106010A0133
:1020F0000D010E01110110010D0109010501FF0083
:10210000FA00F600F100EC00E900E800E600E80063
:10211000EA00EC00F000F300F500F600F700F8002C
:10212000F700F600F300EF00E800E000D900D1006E
:10213000CA00C400BC00B700B200AE00AA00A400F0
:10214000A2009F009B009700930090008C008900E4
:102150008500820080007E007E007F008200840077
:1021600088008C00910096009B00A000A600AA00A9
:10217000AD00B000B300B600B800BA00BD00C100A9
:10218000C400C900CE00D600DD00E400E900EF0085
:10219000F500FA00FE000201060107010601050133
:1021A00003010001FD00F900F500F000EC00E7007C
:1021B000E300E000DC00D900D600D300D000CD0061
:1021C000CA00C700C400C100BD00BB00B900B70011
:1021D000B400B300B300B300B300B400B600B7005E
:1021E000B800B800BA00BA00BB00BC00BD00BF0018
:1021F000C100C300C500C800CB00CD00CD00CF009A
:10220000CE00CE00CD00CD00CA00C900C500C3007D
:10221000C000BE00BB00BA00B900B800B700B800EB
:10222000B800B800B800BA00BA00BA00BA00BA00E4
:10223000BA00B900B800B800B800B800B900BA00D8
:10224000BB00BC00BE00C000C100C300C300C4008E
:10225000C600C600C600C800C900CB00CC00CD0037
:10226000D000D200D600D900DF00E100E200E90092
:10227000E900EA00F800F300F000F200F000F200DC
:10228000EE00EF00E800EA00ED00ED00E600E600F9
:10229000E700E600E000DC00DB00D300CA00C3007A
:1022A000BC00BA00B100AB00A500AB00A6009F00C7
:1022B00099009A0099009100900093008C008F0083
:1022C000920090009300990094009D00A400A40047
:1022D000A900AA00AF00B100B500BD00BE00C40057
:1022E000C300C800CF00D200D700DA00DD00E20052
:1022F000DF00E600E800E900EA00E800E900ED00A0
:10230000F000F000ED00ED00F000ED00EA00E90063
:10231000EB00E500E400E900E500E200E700E4008E
:10232000E100E300DC00DA00D700D100CB00C700F9
:10233000C000BE00BC00B600B200B200AD00AB00F1
:10234000AA00A700A500A400A400A400A500A40062
:10235000A300A300A600A700A800AB00AE00B10038
:10236000B400B900BB00C000C400C500CB00CD0064
:10237000CF00D200D500D700DA00DB00DC00DB00A4
:10238000DC00DB00DB00DA00DA00DA00D700D7007F
:10239000D700D500D400D300D100CF00CD00CC00B1
:1023A000C900C800C600C200C100C100BF00BE0015
:1023B000BC00BB00BA00BA00B800B600B700B70056
:1023C000B500B600B700B800B600B800BB00BC004E
:1023D000BE00C000C300C600C900CC00D000D300BE
:1023E000D500D700D900DC00DD00DC00DD00DF0017
:1023F000DF00DF00DE00DE00DD00DC00DC00DA00F4
:10240000D800D700D700D400D300D100CD00CC0035
:10241000CB00C800C500C200C000BF00BD00BA00AC
:10242000B900B800B800B600B400B400B300B20000
:10243000B100B000B100B100B000B000B000B20017
:10244000B200B400B500B600B800B900BA00BC00D4
:10245000BE00C000C300C500C600C900CA00CD0050
:10246000CE00D000D100D400D500D700D800D900CC
:10247000DA00DB00DB00DB00DD00DC00DC00DD007F
:10248000DD00DC00DC00DB00DB00D900D800D6007A
:10249000D600D500D300D100CE00CE00CD00CA00BA
:1024A000C900C900C800C600C500C300C200C10001
:1024B000C100BF00BE00BD00BC00B900BA00B8003A
:1024C000B700B500B500B500B400B500B500B50063
:1024D000B600B700B800BA00BA00BD00BF00C00027
:1024E000C200C400C500C600C800CA00CB00CD00B1
:1024F000CE00CF00D000D100D200D300D400D30052
:10250000D400D400D500D400D200D400D200D20030
:10251000D100D000D000CE00CE00CC00CB00C9004E
:10252000C900C700C600C400C300C200C100BF008C
:10253000BF00BE00BE00BD00BD00BD00BE00BE00AD
:10254000BE00BF00BF00BF00C100C300C400C40084
:10255000C500C700C700C800C900CA00CC00CC0035
:10256000CD00CD00CF00CF00CF00D000D000D000F4
:10257000CF00D000D000D000CF00CF00CE00CE00E2
:10258000CE00CD00CD00CD00CC00CB00CA00CA00EB
:10259000C900C800C700C700C500C500C400C3000B
:1025A000C200C200C100C000C000BF00BF00BE002A
:1025B000BF00BF00BF00BF00BE00BF00BF00C00023
:1025C000C100C200C200C200C200C300C500C600F4
:1025D000C600C700C800C900CA00CB00CB00CC00B1
:1025E000CD00CD00CE00CE00CE00CE00CE00CE007D
:1025F000CE00CE00CD00CD00CD00CC00CC00CC0074
:10260000CB00CB00CB00CB00CB00CB00CB00CB0072
:10261000CB00CA00CA00CA00C900C900C900C9006D
:10262000C800C800C700C700C700C600C600C50074
:10263000C500C400C400C400C300C200C200C20080
:10264000C200C100C100C200C200C100C200C2007D
:10265000C200C200C300C300C300C400C400C40061
:10266000C400C400C500C500C500C600C700C7003F
:10267000C700C800C800C800C900C900CA00CA0015
:10268000CB00CC00CC00CC00CD00CD00CE00CE00E5
:10269000CE00CF00CF00CF00CF00D000D000CF00C1
:1026A000CF00CF00CE00CE00CE00CD00CD00CC00BC
:1026B000CC00CB00CB00C900C900C800C700C600D1
:1026C000C500C400C400C300C300C200C100C100F3
:1026D000C100C000C000C000C000C000C000C000F9
:1026E000C000C000C000C100C100C200C200C300E1
:1026F000C300C400C400C500C500C500C600C600B4
:10270000C700C800C800C800C800C900C900CA0086
:10271000CA00CB00CB00CB00CB00CC00CC00CC005F
:10272000CC00CC00CB00CC00CC00CB00CB00CB004D
:10273000CA00CB00CA00CA00CA00C900C900C8004C
:10274000C800C800C800C800C700C800C700C7004C
:10275000C700C600C600C600C600C600C600C50049
:10276000C600C600C600C600C600C600C700C70037
:10277000C700C700C800C800C900C900C900C90017
:10278000CA00CA00CA00CB00CB00CA00C700C900FB
:10279000CD00CA00CD00C800CA00CE00CA00B900F2
:1027A000C600B900C800C800AB00B5000700500063
:1027B00072008D00810195002E018F018F018F0124
:1027C000FC00450051000301090119000000000050
:1027D0000000010032004400D50071018E018E011D
:1027E0008F018F018F018F017301F300610046009B
:1027F00001000000070000000100000000002A00A6
:1028000049007C008C002F01890184017F017C013B
:102810008E018E018F014E010101A4009800160067
:10282000130000000B000000460014004500890062
:10283000C900CD006301550145012D018A018F01B9
:102840006C0188013F01BF00AC004E00E1003C007C
:1028500054003D0031006D004D0083004C00D1005C
:102860002B01670102014B0154016701F9006B0163
:102870005501CD00750094006C006D009100AE0014
:102880004900A200C600B0003C00540081006D0168
:1028900020013101EF00F7002901240125011D016C
:1028A0001801F300D30073008A0065007A00590014
:1028B0008B007B00920074009400B600EB002A01AC
:1028C0002701E600A400C200E000BE00DF00E9002E
:1028D000B900B400A800AA007A007B008500CA00F5
:1028E000B00098009C00A500DD000101EA00E000B6
:1028F00007010601B500C700A000C900B500A70088
:102900008200C90077007B00BF009500CF00B200B5
:10291000D900FF000001E000FC00D800DE00E90063
:10292000E800EA00D400B400B400BD00A100B0008B
:10293000D00099009800AB00B900CE00FE00DB008B
:10294000DB00ED000F01E000D200C600CC00FA0071
:10295000BE00A2009E00E800E700DB009E00AB0086
:10296000B700B400D200A700AD00B300D800D30078
:10297000E7001B01010100011201EF00D600DF009A
:10298000C900B900D000C400A2009000A6008E00CB
:102990009F009E00C900C000E400BE00E5000101E8
:1029A0000D01F500E500EC00DC00E900DB00D700DC
:1029B000B700AC00A70090006400900088009C0065
:1029C000AF00DA00C700E900F000FA000001F300F0
:1029D000EB00F600DE00CF00C900B3009D00A700A9
:1029E0008E00870090009500A700B900BB00CF00C3
:1029F000D700D000D500E300EC00EB00E500CF00ED
:102A0000CC00CE00B400B0009A009500A700A20050
:102A1000A000A100A600BD00BA00CE00D300E400D3
:102A2000F000E100E300E000D600DE00CE00C500CB
:102A3000C600C400B300A700AC00B000A800A70007
:102A4000A500A600BB00BF00D000DF00E700E90042
:102A5000E900E700FD00EC00DC00D800D000BD007C
:102A6000BE00A500A700A900AD00B100B500B100EF
:102A7000B500C800DA00D300E200E700ED00E60090
:102A8000E300DA00D600D100C800BA00B500B200F9
:102A9000B200AE00AF00B600B600C000C600D50060
:102AA000E400E900E500E700E300DE00D700D9001C
:102AB000D100C600BC00B100B000B600B200B90041
:102AC000BD00C900CB00CE00D700DB00E200DF0074
:102AD000DE00DB00D700D200CD00CD00CA00BD0073
:102AE000BC00BA00B900BC00BA00B600BC00C5000A
:102AF000C800C700CD00D000D200D900D800D9004E
:102B0000D500D300CF00CE00CC00C600BE00BB0075
:102B1000B800B800B800B800B700BF00C200C500D8
:102B2000C900C900CD00D000D300D100D100D2002F
:102B3000D000CE00CE00C600C000C100BD00BA006B
:102B4000BB00BC00BB00BE00C200C500C900CA007B
:102B5000CB00CE00D000D100D100CE00C900C7000C
:102B6000C400C100BE00BD00BD00BF00BC00BB0072
:102B7000BC00C200C900CB00CB00CC00CE00D2000C
:102B8000CD00CF00CD00CC00C900C600C400C200FB
:102B9000C000BD00BC00BB00BC00BE00C300C20042
:102BA000C600CA00CC00CE00D100D000CF00CF00BC
:102BB000CE00CD00CB00C800C600C500C400C200D6
:102BC000BF00BF00C200C200C300C200C300C500F6
:102BD000C800CA00CA00CC00CC00CD00CF00CE0097
:102BE000CD00CB00C800C700C900C700C500C300A6
:102BF000C300C400C500C500C700C800CA00CB00A0
:102C0000CD00CB00CD00CD00CE00CD00CC00CB0060
:102C1000C800C700C400C500C400C200C200C20092
:102C2000C500C500C600C600C900CC00CC00CD0060
:102C3000CB00CD00CE00CE00CC00CC00C900C80037
:102C4000C500C600C500C300C300C400C400C30063
:102C5000C300C500C600C900C800C800CA00CC0037
:102C6000CB00CC00CB00CA00C700C900C800C6001A
:102C7000C500C500C500C300C400C500C500C6002E
:102C8000C600C400C700C800C900CA00C900C70008
:102C9000CB00C900C900CA00C800C700C800C700EF
:102CA000C600C600C600C600C700C600C600C600F3
:102CB000C600C700C900C800C800C900C800CA00D3
:102CC000C900C800C900C700C600C700C600C300CD
:102CD000C500C400C500C600C600C700C800CB00C0
:102CE000CB00CC00CA00CB00CD00CB00CB00C8008D
:102CF000C600C800C700C400C600C500C500CA00A1
:102D0000C600C800C900C600C400C800C600C40090
:102D1000C600C600C900CA00C700CD00CB00C9006C
:102D2000CB00CA00C600C900C800C900C700C60061
:102D3000C600C800BD00C600C800C700C600CB0062
:102D4000C800C800C700C700C700C700C600C90048
:102D5000C700C700C500C400C800C600C200C70045
:102D6000C700C400C700C900CB00C900CA00C80022
:102D7000CE00D000CB00C900CA00C900C600C40004
:102D8000C400C400C600C300C400C600C800C6001A
:102D9000C400C700CC00CA00CB00CD00CD00CC00E1
:102DA000CA00CA00CB00CB00C900C600C800C500DD
:102DB000C700C000C300C700C700C800C500C900E5
:102DC000CC00CA00CA00C700C800C800C800C600BE
:102DD000C800C800C800C700C500C600CA00C600B9
:102DE000C600C800C700C800C900C700CB00C800A3
:102DF000C700C800C700C900C800C800C500C60099
:102E0000C700C500C500C800C700C600C700C8008D
:102E1000C700C800C900C900C800C900CB00C8006D
:102E2000C700C700C700C700C600C800C700C7006A
:102E3000C600C600C600C600C500C600C700C70061
:102E4000C800C900C800C800C800C700C800C70043
:102E5000C700C600C700C800C600C600C500C50040
:102E6000C800C900C500C700C800C900C900C80023
:102E7000C900C900C900C700C900C800C800C70010
:102E8000C700C700C700C700C600C600C800C8000A
:102E9000C800C900C900CA00C900C900CB00CB00E6
:102EA000CB00CA00CA00C800C800C800C800C800DB
:102EB000C700C600C600C600C700C700C700C700DD
:102EC000C800C700C700C800C800C700C700C700C7
:102ED000C800C800C700C600C700C700C600C600BB
:102EE000C600C600C700C700C600C700C900C700AB
:102EF000C800C700C800C800C700C700C600C80097
:102F0000C800C800C600C500C700C900C700C70088
:102F1000C800C600C800C900C900C800C700C70073
:102F2000C900C800C900C700C700C700C700C90062
:102F3000C700C700C800C800C800C600C600C60059
:102F4000C700C800CA00C800C600C600C800C90043
:102F5000C800C900C800C700C900C800C800C70031
:102F6000C600C700C700C600C600C600C800C6002D
:102F7000C700C800C700C800C700C800C800C80014
:102F8000C700C700C800C800C700C700C700C80006
:102F9000C800C800C800C700C800CA00C900C900EE
:102FA000C800C900C900CA00C800C800C900C900DB
:102FB000C900C900C800C900C900C900C800C800CC
:102FC000CA00C900C900C900C900C900C900C800B9
:102FD000C800C700C900C700C700C600C600C600B9
:102FE000C600C600C500C600C500C500C600C500B5
:102FF000C500C500C600C500C600C600C500C500A6
:10300000C500C600C600C500C600C600C600C60092
:10301000C700C600C700C700C900C700C800C80075
:10302000C900C900C900C900C800C900CA00C90058
:10303000C800C900CA00CB00CA00C900C900C90045
:10304000CA00CA00C900C900C800C900C900C90037
:10305000C900C800C800C700C800C800C700C60033
:10306000C700C600C600C600C500C600C600C60030
:10307000C600C600C500C500C600C500C600C50024
:10308000C500C500C600C600C600C600C500C50014
:10309000C500C600C600C600C600C500C600C70001
:1030A000C700C600C600C700C600C800C700C700EA
:1030B000C700C900C800C700C700C800C900C900D0
:1030C000C800C800C800C900CB00CA00C900CA00B7
:1030D000CA00CB00CA00CA00CA00CB00CB00CA009D
:1030E000CA00CA00CA00CB00C900C900C900C90093
:1030F000C900C900CA00C900C800C900C900C90088
:10310000C900C900C800C700C800C700C700C80080
:10311000C700C600C700C700C700C700C700C60079
:10312000C700C700C600C700C600C700C700C70069
:10313000C700C600C600C800C800C600C900C80055
:10314000C400CB00C700C800CC00D400D300B80036
:10315000B900C100C800B100BA00CB00CD00D40056
:10316000C800DE00B300C200E200BC00C700BE0021
:10317000BB009100AA00EA00BA009600AA00D7009E
:10318000DE00CE00A500EA00B900E900F100BB00B6
:10319000CB008C007D00A400C800DF00D500D60065
:1031A000E100BF00D3009300A900A100CB00C5003F
:1031B000C5002101E700C000D300C800D100B8005D
:1031C000C000E200B000CA00B900CE00D400B900CF
:1031D000CA00C200CF00B6009D00CE00F100C700BB
:1031E000DE00CD00D000C800E5000701C400D40017
:1031F0001101CA00D700D600CE00A100BE00DC003D
:10320000CC00C600B6009900B600AF00BA00C900F5
:10321000B400AB00C900E000CE00C300F500B2006E
:10322000A700AD0090009B00CB00BC00D900F500CA
:10323000DE00D700DE00DD00C400C800B7008F004C
:10324000C100B200C400CC00E100D100CA00DB0024
:10325000C100B300DA00CA00B600B100CC00CB0058
:10326000D300E300CA00C800DA00B900B000CE0005
:10327000A100B700BF00B600C200C5009E00BE009E
:10328000C600CB00DE00D400D800CE00E100D200A2
:10329000D300BB00CE00AB00BE00CF00BB00BE0021
:1032A000C600D400CF00BD00CF00DB00D800CB00AB
:1032B000CE00D400CA00C300D300C100D000D100AA
:1032C000C700CD00C700C000C200D500CA00C400BE
:1032D000D800C900CB00CF00D900D300C900BC0082
:1032E000C100B700B800BD00D300BF00BB00D700CD
:1032F000BC00C900C000C100BA00CC00CF00CC00A7
:10330000C700C700B400CE00CB00C000C900D20087
:10331000D000D000C700C900BC00C500D000B60076
:10332000CD00C200C900CB00B600C500C800BA007D
:10333000BD00D100C500C400C700B700C900C90066
:10334000CD00CF00CF00D300D300C300C000BE002B
:10335000BF00BE00C400C400C600D000C700CD003E
:10336000C600CA00C500CF00C400CC00CC00C1001C
:10337000BC00C200BE00C200C500BE00D100CC002F
:10338000C800C200CF00CB00CE00C300C400D000F4
:10339000CD00C400C900C800C200CA00C500CB00EF
:1033A000C200C300C300C800CB00D200C500C800E3
:1033B000CC00CA00C700C500C700C300C400C100DC
:1033C000C300C200C500CD00C800CC00CF00CE00B5
:1033D000C500C400C800D200C500CB00C600CA00AA
:1033E000C300C400C800C400C500C800C600C300B4
:1033F000C300C200C400C600CE00C600C700CC0097
:10340000CD00C700C800C800C400C300C600C60085
:10341000C200C500C600CB00C400C700CB00C90075
:10342000C700CC00C900CC00C300C900C500C30060
:10343000C100C300CC00C600C900CA00C900CA0050
:10344000CB00CA00CD00C600C600C900CB00C70033
:10345000C600C900C500C600C800C800C800C90031
:10346000C900C800CA00CA00C700C700C800C80019
:10347000C800C600C900C900C600C800C500C60013
:10348000C500C800C600C700C800C700C800C90002
:10349000C500C900C700C900C800C600C600C800F2
:1034A000C800C700C600C800C700C900C700C900DF
:1034B000C800C900C900C800C900C700C800C800CA
:1034C000C600C500C600C700C700C600C700C700C9
:1034D000C600CA00C900C700C800CA00C900C800A9
:1034E000C700C800C800C700C700C700C700C800A1
:1034F000C800C800C700C700C800C800C700C70090
:10350000C700C700C800C800C800C800C700C7007F
:10351000C700C800C700C600C700C700C800C80071
:10352000C700C700C800C800C800C700C800C7005F
:10353000C800C800C700C700C800C600C700C70051
:10354000C800C700C700C800C800C700C900C8003D
:10355000C700C700C700C700C700C700C700C70033
:10356000C800C800C700C800C900C800C800C8001B
:10357000C800C700C800C800C700C800C800C8000D
:10358000C800C800C800C800C700C800C700C800FD
:10359000C900C700C700C700C700C800C700C700F0
:1035A000C700C700C700C600C700C600C700C600E6
:1035B000C700C800C800C700C800C700C800C700CF
:1035C000C800C700C800C800C800C800C700C700BE
:1035D000C700C800C800C800C700C600C800C800AF
:1035E000C800C700C700C700C800C700C800C8009F
:1035F000C800C800C700C800C800C800C800C7008D
:10360000C700C700C800C800C700C700C800C8007E
:10361000C700C600C000C000C200C400C200C7008E
:10362000C300D000D000D200CE00D400CE00CA002B
:10363000C800CD00CA00D400E100CF00D000ED00EA
:10364000F90008010601D400C000AC008C00710034
:10365000570067006F0068007D0065005C009C00FB
:10366000D7000E013601520164015D0168013D0180
:103670000501B40074004D001F0019001D00170063
:1036800014002C006700A000DF0012014A016F0146
:103690008601880189018B018C018E018A014E010E
:1036A0001401D0009B0061003D002B0020001F0092
:1036B0002A004F0071009F00C900EA0000010101CB
:1036C000FD00EF00D000B700A3009A009B0090001F
:1036D00070006000530047003B002B0020002300D7
:1036E0002E003B0044004C0059006D0085009D00F9
:1036F000B300C100D100D400D500D600CF00CB006C
:10370000B900AD00A000990099009B009E00AB009D
:10371000C700E60007012D014D0161017D0189010E
:103720008C018F018F018F018F018F018E01870125
:103730007C01700162014901360129011C0110015F
:103740000A0108010B0108010B0112011B011E01F6
:1037500020011A0113010E01FF00E800CD00AE00A8
:10376000890068004B0029001100040000000000DF
:103770000000000000000000000000000000000049
:1037800004000D00180024002F00370041004800FD
:103790004D00510054005C00660072007D008900FD
:1037A00094009F00AB00B900C900D500E400ED0013
:1037B000F9000701160123012B01350141015001D8
:1037C0005F016B0174017C018301880189018B0118
:1037D0008B01860184017E01780171016D01620116
:1037E0005A0151014901400137012A01180109011B
:1037F000F500E500D200C200AD009E008E00810001
:1038000075006D00660061005F005E00600063008F
:1038100067006D0073007A007F0087008F009700BB
:10382000A200A900AF00B300B800BC00BE00BD00FC
:10383000BC00B900B500AC00A10097008E00880064
:1038400083007F007E00800085008C0094009D0036
:10385000A700B100B900C200C900CD00D100D1005D
:10386000CE00CB00C600C300C200C200C300C70028
:10387000CD00D500E000E800F200FA0003010701E6
:103880000C010E010E010C010B010A0106010201DF
:10389000FF00FC00FC00FA00FA00FC00FC00FC0049
:1038A000FC00FB00FB00FA00F900F800F500F20054
:1038B000EE00EB00E600E100D900D400CC00C3002C
:1038C000BB00B100A9009E0094008F008A00840014
:1038D000810080007B007B007C007A007A007B0006
:1038E0007A007900790076007600730070006F002E
:1038F0006F006C006D006E00730077007C00830029
:10390000890093009D00A700AF00B900C200CA0063
:10391000D100D500DB00E000E600EA00EE00F30095
:10392000F900010108010F01190122012B013401E5
:103930003B014301470148014801460143013E0163
:103940003701300127012001170110010A0102018E
:10395000FB00F300EB00E400DC00D400CA00C1006F
:10396000B800AF00A6009D0093008C008600800088
:103970007A0076007400710070006E006E007000B6
:1039800071007200740077007B00810086008C005B
:1039900093009900A100A900B100B900C200C900BC
:1039A000D000D600DC00E100E500E800EB00ED000F
:1039B000EE00EF00F000F000F000EF00EE00ED0090
:1039C000EB00E900E600E300E000DC00D800D400F2
:1039D000D000CD00C900C700C400C200C100C000B3
:1039E000C000C000BF00C000C000C000C000C000D8
:1039F000C100C100C200C200C200C400C500C600B0
:103A0000C700C800C900CA00CC00CD00CE00CF005E
:103A1000CF00D000CF00D000D000D000D000CF0029
:103A2000CF00CF00CF00CE00CD00CB00C900C70033
:103A3000C500C200BF00BD00BA00B800B600B400A7
:103A4000B300B200B100B000AF00AF00AF00AF00F4
:103A5000B000B000B100B200B300B400B600B800CE
:103A6000BB00BD00BF00C200C500C800CB00CE0037
:103A7000D100D400D700D900DD00DF00E200E4006F
:103A8000E700EA00EC00EE00EF00F000F000EF00CD
:103A9000EE00EC00EA00E700E300E000DC00D90003
:103AA000D500D200CF00CC00CA00C800C600C400B8
:103AB000C200C000BE00BC00BA00B800B600B3002F
:103AC000B100AF00AC00AA00A800A700A400A300AA
:103AD000A200A100A000A200A300A400A700AA00C9
:103AE000AC00AF00B400B700BB00BC00C100C60012
:103AF000C800CB00CC00D100D000D700CE00DD0044
:103B0000D100C700B600C900D700DF00E000EE001A
:103B1000EE00DE000701C300BA00A400D600BC001E
:103B20008900C100EA009400CD00CE00E100B5009C
:103B3000DA00BB00E600C600B500AD00CB00D20045
:103B4000A500D100FB00D300DE00C200B1009F0041
:103B50006E006C00F900F800000153018D01860130
:103B60006D015901EF00AE00500007000700010091
:103B70000100030003000C004D00DF00330153017E
:103B800080017B01760183018C016B0106019800A5
:103B9000260012001000140008000B000700380077
:103BA0008D00F1005F018C018E018F018D018E016E
:103BB0008F018F01810143010F01D4008D00570057
:103BC0003300260029004C004F0057007400BB0052
:103BD000E000F3002301F300DA00B800A0006C005D
:103BE0004F0027000F002900240025002B002C0087
:103BF0003F00510080009D00AA00A0009C00A20090
:103C00009C008C008E00A800B500B300AD00B3008E
:103C10009E00AE00B600BE00C000B300C500CD00DF
:103C2000E50003010A0124013C0144015E01750124
:103C30008101750176018F018D018F018F018F0147
:103C40008F018F018E017C017D01770152014901B5
:103C50003F011B0113010801F900F300E000DA0045
:103C6000DE00E500DD00E400E800E300D900D50057
:103C7000C500950067003B00060000000000000042
:103C80000000000000000000010000000000000033
:103C90000000000002001C002F00490061007000BD
:103CA00081009E00BD00D500E600EE00FC0005018D
:103CB000FC00030100010001F300F500F900F6002B
:103CC000F600020100010801170110011F01330174
:103CD0003C01400149014B014601470146014301B6
:103CE0003701300135013701380135013C0143010D
:103CF0004B01550151015301460143013201260197
:103D000016010501E500C900AD0092007A006900C6
:103D1000560041003F00360036003B003F004300A4
:103D200048004F005900680078007F008A0090002A
:103D300097009A00AB00B100B700C200CD00D200DE
:103D4000DA00DF00E000E100E200E000E200E20073
:103D5000DD00D200CA00C000B800B500AE00B1005E
:103D6000B500B800BC00C300C800D100D200D60026
:103D7000DD00DF00DE00DB00DA00D400D100D0007F
:103D8000CF00CE00D100D400D700DA00DF00E10080
:103D9000E300EB00E900EC00EE00EC00EA00E500D7
:103DA000E100DF00DD00D900D700D500D400D2004B
:103DB000D100CD00D200D200D400D400D200D30074
:103DC000D200D000CD00CB00C600C100BB00B500C2
:103DD000AE00A4009E0096008A00800076006F006E
:103DE0006A006600640067006B00700078007E0067
:103DF000880092009900A100AA00B100B700BB00A2
:103E0000BF00C300C700C800CD00D300D800DD004C
:103E1000E400EB00F100F700FD00020107010B01D7
:103E20000D010F0111010F010C0108010301FF0039
:103E3000F900F400F000EC00E900E700E700E8001A
:103E4000EB00EE00F000F300F500F700F700F800DB
:103E5000F600F500F200EC00E500DE00D700CE0031
:103E6000C800C100BA00B500B000AC00A700A400B3
:103E7000A0009E009A009500920090008B008800A0
:103E8000840081007F007F007E007F00830085002A
:103E900089008D00930098009C00A200A700AA0052
:103EA000AE00B100B400B700B900BA00BE00C20055
:103EB000C600CA00D100D800DF00E500EB00F10029
:103EC000F700FB00000103010601070106010401E0
:103ED0000201FF00FC00F700F300EF00EA00E6003B
:103EE000E200DE00DB00D800D600D200CF00CC001C
:103EF000C900C600C300BF00BC00BA00B900B600CC
:103F0000B400B300B300B300B400B400B600B7000F
:103F1000B800B900BA00BA00BB00BC00BE00C000C7
:103F2000C100C300C600C900CA00CC00CE00CF004B
:103F3000CE00CE00CD00CC00CA00C900C500C30031
:103F4000C000BD00BB00B900B900B700B700B800A1
:103F5000B700B800B900BA00BA00B900BA00BA0098
:103F6000B900B800B800B800B800B800B900BA008D
:103F7000BB00BD00BF00C100C100C200C400C5003D
:103F8000C600C600C700C800CA00CB00CD00CE00E6
:103F9000D100D400D700DB00DF00E300E900E90036
:103FA000F200EF00F200F100F300F100ED00F2008A
:103FB000F100EA00EC00EE00EA00ED00E900E600A6
:103FC000E700E000DE00DB00D700D000C700C10042
:103FD000BB00BB00B000AA00AC00A800A100A2007A
:103FE0009C009A00980091008E0091009000910032
:103FF000900090009400980099009C00A100A100FE
:10400000A800AC00B200B500B400BC00BF00C30003
:10401000C800CB00CD00D100D700D900DC00E20001
:10402000E300E400EA00EA00ED00ED00EA00EF0042
:10403000F000EE00EE00ED00EB00ED00EC00E9001A
:10404000EA00E700E500E800E500E500E300E20043
:10405000E000E100DF00DA00D600D100CC00C400AF
:10406000C000BE00B900B400B300B200AC00AA00AA
:10407000A800A600A500A300A400A400A300A3001C
:10408000A300A500A500A900A900AB00B000B100E5
:10409000B400BA00BE00C200C600C700CB00D0000A
:1040A000D000D200D500D800D900DA00DC00DB0057
:1040B000DA00DC00DB00DB00DA00D900D900D80030
:1040C000D800D400D200D200D100CE00CB00CA006C
:1040D000C900C700C500C200C200C000BE00BD00CC
:1040E000BC00BB00BA00B900B800B700B800B60009
:1040F000B500B600B700B700B700BA00BA00BD00FF
:10410000BE00C100C300C700C900CD00D100D4006B
:10411000D500D700D900DC00DD00DC00DF00DF00C7
:10412000E000DE00DE00DD00DC00DB00DA00DA00AB
:10413000D800D700D500D300D200D000CD00CC00ED
:10414000CA00C700C400C200C000BF00BC00BB0062
:10415000B900B700B600B400B300B300B200B100BC
:10416000B000B100B000B000B000B000B100B100CC
:10417000B300B400B600B700B800BA00BD00BD007F
:10418000BE00C000C300C500C700C800CB00CD0002
:10419000D000D100D300D500D500D800D700D90079
:1041A000D900DB00DC00DC00DD00DD00DE00DD002E
:1041B000DC00DB00DC00DB00DA00D900D800D60030
:1041C000D600D400D200CF00CE00CD00CC00CA0073
:1041D000C900C900C700C600C400C300C200C100B6
:1041E000C000BF00BE00BC00BA00BB00B900B800F0
:1041F000B600B500B500B500B500B500B600B60014
:10420000B600B700B900BA00BC00BD00BF00C100D5
:10421000C300C400C600C700C900CA00CC00CD005E
:10422000CF00CF00D100D100D200D300D400D50000
:10423000D400D500D500D300D400D200D300D100E3
:10424000D100D000CF00CE00CC00CC00CA00C90005
:10425000C700C700C500C400C300C200C000BF0043
:10426000BE00BE00BE00BD00BD00BE00BD00BD0062
:10427000BE00BF00BF00C100C100C300C400C40035
:10428000C600C700C800C800C900CB00CC00CD00E4
:10429000CD00CE00CF00CF00CF00D000D000CF00A7
:1042A000D000D000D000D000CF00CF00CE00CE0094
:1042B000CD00CD00CD00CD00CC00CC00CA00C9009F
:1042C000C900C800C800C600C500C400C400C300BF
:1042D000C200C100C100C000BF00BF00BF00BE00DF
:1042E000BF00BF00BF00BF00BF00BF00BF00C100D4
:1042F000C100C200C200C200C300C300C400C500A8
:10430000C600C700C800C900CA00CB00CC00CC0062
:10431000CD00CD00CE00CE00CE00CE00CE00CE002F
:10432000CD00CD00CD00CD00CC00CC00CC00CB002A
:10433000CB00CB00CB00CB00CB00CB00CB00CB0025
:10434000CA00CA00CA00CA00C900C900C900C90021
:10435000C800C800C700C700C700C600C500C50028
:10436000C400C400C400C300C300C300C200C20034
:10437000C200C100C200C100C200C200C200C2002F
:10438000C200C200C300C300C300C400C400C40014
:10439000C400C400C500C500C500C600C700C700F2
:1043A000C700C700C700C800C900C900CA00CA00CA
:1043B000CB00CC00CC00CD00CD00CD00CE00CE0097
:1043C000CE00CF00CF00CF00CF00D000D000CF0074
:1043D000CF00CF00CE00CE00CE00CD00CD00CC006F
:1043E000CC00CB00CA00C900C900C700C600C60087
:1043F000C500C400C300C300C200C200C100C100A8
:10440000C100C000C000C000C000C000C000C000AB
:10441000C000C000C100C100C100C200C200C30092
:10442000C300C400C400C500C500C600C600C60065
:10443000C700C800C800C800C800C900C900CA0039
:10444000CA00CB00CB00CB00CB00CC00CC00CC0012
:10445000CC00CC00CC00CC00CC00CB00CB00CA0000
:10446000CA00CB00CA00CA00C900C900C900C80000
:10447000C800C800C800C700C700C800C700C70000
:10448000C700C600C600C600C600C600C500C500FD
:10449000C500C600C600C600C600C600C700C700EB
:1044A000C700C800C800C800C900C900C900C900C9
:1044B000C900CA00CB00CB00CB00CA00CD00CD00A4
:1044C000CC00C900CC00D100C600D300CD00DD0077
:1044D000CD00B900C600CD00B400C800D300C900AB
:1044E000B100C500C700C900A100BF00C400080199
:1044F000D400A700B700B400C700B8009300CF00F5
:104500000B01E1008400C5009E003E008300BA005C
:104510000601AD0037018C018F01480151011001E6
:10452000A000600041002B000C0006000200020009
:104530000D0021009B001B016401710178016601DF
:1045400073017A0163012101B00038001C001800DA
:10455000110009000700050015007800E6002D0194
:104560008D018E018D018D018F018F018E018201E0
:1045700054011F01E5009A006C0031002C00270057
:104580002D0052004B007000B500C900F30001017E
:10459000FF00D100D300A9006F0045003D002000BE
:1045A0001100290020002B00380042004F007A0043
:1045B0007E00A7009D00AE00A5009B009B008E0022
:1045C0009200B200AF00B800BE00A200A500B50086
:1045D000C100BE00BB00BE00C300D600FA00190136
:1045E0002C0138015401630168017C0179017C01CF
:1045F00086018F018F018F018F018F018D018F0146
:1046000083016E017B016001410131011D010D013A
:1046100007010101F700ED00EA00E000DB00DB002C
:10462000E100E900E900D500D200BF009A007B005C
:104630004D0012000000000000000000000000001B
:104640000000010000000000000000000000000069
:104650001300230037005E00670080009C00B2005A
:10466000CF00E000EA00F7000401010106010701A4
:104670000701FC00F000F600F300FB00F800020167
:10468000070110011C011901270136013E014901F2
:104690004C014A014801480140013C013601330107
:1046A0003501360139013A013E0144014F01520101
:1046B0005C014D0146013C012A0117010801EF0090
:1046C000CD00B3009A007500680057004600400016
:1046D0003C00350038003F003C0045004F005900C9
:1046E00063006F007A008800940096009900A5008E
:1046F000AF00B600BC00CB00D300DB00DE00E10061
:10470000E300E400E400E000E100DD00D700CD00BC
:10471000C300B800B300B200AF00B300B600BA00E7
:10472000C400CA00CE00D100D600DB00DD00E100ED
:10473000DA00D900D500D400CE00D000D000D000DF
:10474000D300D800D900DD00DE00E100E900EC0074
:10475000EB00EC00ED00EB00E500E400DD00DC0028
:10476000DB00D800D500D600D300D200CF00D000A7
:10477000D200D200D500D400D500D300D000CD00A7
:10478000CC00C700C300BC00B500B000A8009D006D
:1047900097008E0081007700700069006700650057
:1047A00066006A006E0076007D0086008F0098002B
:1047B000A000A700B000B600B800BF00C300C6004C
:1047C000C800CC00D100D800DB00E300EA00EF0015
:1047D000F600FC00010106010B010D010E011101A3
:1047E00010010D0109010501FF00FA00F600F100BA
:1047F000EC00E900E800E600E800EA00ED00F00067
:10480000F300F500F600F700F800F700F500F300FC
:10481000EF00E700E000D800D000C900C300BB00F3
:10482000B600B100AE00A900A400A1009E009A004D
:104830009700920090008C00890085008200800023
:104840007E007E007F008200840088008C00910042
:1048500097009B00A000A700AA00AD00B000B30025
:10486000B600B800BA00BD00C100C500C900CF0045
:10487000D600DD00E400E900F000F600FA00FF00D9
:104880000201060107010601050103010001FD0007
:10489000F800F400F000EB00E700E300E000DC00CB
:1048A000D900D600D300D000CD00CA00C600C40095
:1048B000C100BD00BB00B900B600B400B300B30036
:1048C000B300B400B400B600B700B800B800BA0036
:1048D000BA00BB00BC00BD00BF00C100C300C500E2
:1048E000C800CB00CD00CE00CF00CE00CE00CD0062
:1048F000CD00CA00C900C500C300C000BE00BC0096
:10490000BA00B800B800B700B800B800B800B900E5
:10491000BA00BA00BA00BA00BA00B900B900B800CB
:10492000B800B800B800B900BA00BB00BC00BF00B6
:10493000C000C100C300C400C500C600C600C60058
:10494000C800C900CB00CC00CE00D000D200D600F9
:10495000DB00DF00E200E400EA00E600E900F60028
:10496000EF00EF00F300F000EF00EE00EF00E900D1
:10497000E900EE00EC00E300E700E600E500DE0001
:10498000DB00DC00D200C900C200BD00BC00B300E7
:10499000AC00A600AB00A5009E009A009A0098000B
:1049A00091008E0091008E00900094009100920082
:1049B000980094009B00A200A300A700AA00AE00EC
:1049C000B000B400BC00BE00C200C300C900CF00EC
:1049D000D100D600DA00DD00E300E000E600E800E8
:1049E000E800EA00EA00E900ED00EE00F000ED006A
:1049F000EE00F000EC00EA00E900EC00E600E40064
:104A0000E800E600E200E700E300E100E300DD008B
:104A1000DB00D700D000CC00C500C000BE00BB004A
:104A2000B500B200B300AC00AB00A900A600A60020
:104A3000A400A400A400A500A400A300A500A50054
:104A4000A700A800AC00AE00B000B500B900BC00E3
:104A5000C100C500C500CB00CF00CF00D200D400FC
:104A6000D700D900DB00DC00DB00DB00DB00DB0073
:104A7000DA00DB00DA00D700D800D700D600D40077
:104A8000D300D100CE00CC00CC00C900C800C600C5
:104A9000C200C100C100BF00BE00BC00BB00BA0024
:104AA000BA00B800B600B700B700B500B600B7004E
:104AB000B800B600B800BB00BC00BF00C000C40016
:104AC000C600C900CC00D000D200D500D700D90064
:104AD000DC00DD00DC00DD00DE00DF00DF00DE00EA
:104AE000DE00DD00DB00DB00DA00D800D700D600F6
:104AF000D400D200D000CE00CC00CA00C800C40050
:104B0000C200C000BF00BC00BA00B900B800B700C6
:104B1000B500B400B400B300B200B100B000B10001
:104B2000B100B000B000B100B200B200B300B500F7
:104B3000B700B800B900BB00BC00BE00C000C30095
:104B4000C500C600CA00CB00CE00CE00D000D20007
:104B5000D300D500D700D800D900DA00DC00DB0094
:104B6000DB00DC00DD00DC00DE00DD00DD00DB0062
:104B7000DC00DA00D900D800D600D600D500D3007A
:104B8000D000CE00CE00CC00CA00C900C900C700CA
:104B9000C600C500C300C200C000C000BF00BE0008
:104BA000BC00BC00B900BA00B700B700B500B50042
:104BB000B500B400B500B600B500B600B700B80047
:104BC000BA00BB00BD00BF00C100C200C400C500E8
:104BD000C700C800CA00CC00CD00CE00CF00D00076
:104BE000D100D200D300D400D400D400D500D4002A
:104BF000D400D200D300D200D200D100D000D00027
:104C0000CE00CD00CC00CB00C900C900C700C50054
:104C1000C400C300C200C000C000BF00BE00BE0090
:104C2000BD00BD00BE00BE00BE00BE00BF00BF0094
:104C3000C000C100C300C400C400C500C700C70055
:104C4000C800C900CA00CC00CC00CD00CE00CF0007
:104C5000CF00CF00CF00D000D000CF00D000D000D8
:104C6000D000CF00CE00CE00CE00CE00CD00CC00D4
:104C7000CC00CC00CB00CA00CA00C900C800C800E4
:104C8000C700C500C500C400C300C200C200C10007
:104C9000C000C000BF00BF00BE00BF00BF00BF001B
:104CA000BF00BE00BF00BF00C000C100C200C20004
:104CB000C200C200C300C500C600C600C700C800CD
:104CC000C900CA00CB00CC00CC00CD00CD00CE0086
:104CD000CE00CE00CE00CE00CE00CE00CE00CD0065
:104CE000CD00CD00CC00CC00CC00CB00CB00CB0065
:104CF000CB00CB00CB00CB00CB00CA00CA00CA005F
:104D0000CA00C900C900C900C900C800C800C7005E
:104D1000C700C700C600C600C500C500C400C40067
:104D2000C300C300C300C200C200C200C100C10072
:104D3000C200C200C100C200C200C200C200C30063
:104D4000C300C300C400C400C400C400C400C50044
:104D5000C500C500C600C700C700C700C800C8001E
:104D6000C800C900C900CA00CA00CB00CC00CC00F2
:104D7000CC00CD00CD00CE00CE00CE00CF00CF00C5
:104D8000CF00CF00D000D000CF00CF00CF00CE00AA
:104D9000CE00CE00CD00CD00CC00CC00CB00CB00AF
:104DA000C900C900C800C600C600C500C400C400D0
:104DB000C300C300C200C100C100C100C000C000E8
:104DC000C000C000C000C000C000C000C000C100E2
:104DD000C100C100C200C200C300C300C400C400BF
:104DE000C500C500C600C600C600C700C800C80090
:104DF000C800C800C900C900CA00CA00CB00CB0067
:104E0000CB00CB00CC00CC00CC00CC00CC00CB0045
:104E1000CC00CC00CB00CB00CB00CA00CB00CA003A
:104E2000CA00C900C900C900C800C800C800C8003D
:104E3000C800C700C800C700C700C700C600C6003A
:104E4000C600C600C600C600C500C600C600C60033
:104E5000C600C600C600C700C700C700C700C8001C
:104E6000C800C900C900C900C900CA00CA00CB00F7
:104E7000CB00CB00C900C900CA00CC00CB00CE00DB
:104E8000C600CB00CB00CA00BD00D100BF00C900E6
:104E9000BF00BC004C0020008E005000BB002D0164
:104EA000BC008F018F018F018601B4001D009200AC
:104EB0000201E000080000000000000018002300CC
:104EC0006500F8008E018E018F018F018F018F0127
:104ED0008F015F01BF006D005A0008000100010052
:104EE00001000100020000002F006A006A008C002F
:104EF00020018A01880180017D0185018E018E01DA
:104F00006B014601B400CB002A00200004000F0012
:104F100000000D00120078008300B600D200FE00F1
:104F20003B0121012201580168018A017A018001B7
:104F3000DB009B006600ED008800950075007300A3
:104F4000C400A000BD0083000501BB00D500CB005C
:104F50001F01DF001601350132010801EB00990045
:104F6000C600C6008C00B300C000CA009500C20095
:104F7000440017003B009D001801FA001601CE0006
:104F8000DE00E200DD000201E20026011D01D10089
:104F9000F200EA00AF00A5008D007B00A1006C00CC
:104FA0006C00A800A400D400F600F100D8009D0019
:104FB000A6008D00F900EB00B3008E001201B000D6
:104FC0004600A9007D00B000C200EA00BB009F00BF
:104FD000D400C000D4000A01C4002701D500A300FA
:104FE000F500CD006C00B30077008500BF008100A4
:104FF00090009F007100D000DB00D2000E01CB00BA
:105000000C010B01E300ED00FB00F400F600FF00D3
:10501000E40093008F00DF00B500AF009400A30010
:105020008F00D100B700B000E600D5000B01ED0005
:10503000D900DB00D400D400FB00EC00DF00E4006A
:10504000B500E000DE00C400A500B000A900D30058
:10505000C400A800B400BC00F300C500E100D70004
:1050600007010001FE000301F900F000CA00D800AA
:10507000A900A500C6008E009D009E00B600AB00F2
:105080009B000F019C00AE0019010801D900FE0031
:10509000B500CF00EA00E600B300C000B8008F0002
:1050A000940075008B00AD00A100C900CF00CB00BB
:1050B000E200E000EC00F6000F01EE00EC00C7009B
:1050C000CD00C100A300A300840090009700AA00B7
:1050D0009900AC00BB00BF00BD00C200D800DD00DD
:1050E000DE00E900E800F800E100CD00D500CD00C9
:1050F000B200990098009400A100A6009E00A300B1
:10510000B300C500C500CA00D100E400ED00F50001
:10511000F700D000DB00DB00BD00C900B500B8001F
:10512000A700A3009B00B100AF00A600BC00AA002E
:10513000D700D300E400D800FA00F000D900FE0048
:10514000DD00DA00C900B200B800BD00A8009E0072
:10515000B0009700B100BC00BC00BF00C200D3008B
:10516000E700EE00E800EA00E800DE00E400D4001A
:10517000B600B800C100B000AD00A600B000B50098
:10518000BE00C200D200DB00D200E500F100E80062
:10519000E400DB00D900D600CB00C700BF00BC0094
:1051A000B700B400B800B300BA00BF00C200CA0024
:1051B000D000D400DD00E200E100DA00DE00D7001C
:1051C000D200C600C700BE00BC00BC00B200B400E4
:1051D000C600BA00B600C400C900C700D000D6009F
:1051E000D500D900DC00DB00D500D600D300CE000E
:1051F000CA00CA00C700BF00B600B200B300BD00BD
:10520000B900B800C000C100C800CD00CE00D10078
:10521000D300D300D300D200CE00C800C900CA001A
:10522000C300C200BE00B900B800BB00BF00BD0093
:10523000BD00C300C900C900CB00CB00D100CF0026
:10524000D000CF00CD00C700C800C300C200C1001D
:10525000C400BF00BD00C100C300C400C300C6003D
:10526000C900CC00CC00CB00CE00CC00CC00CB00E1
:10527000CA00C900C700C300C000BF00BE00C00014
:10528000BE00C200C200C500C400C600C800C800FD
:10529000CA00CD00CC00CC00CD00CC00CA00CC00B0
:1052A000C900C600C700C700C500C200C100C200D7
:1052B000C200C300C300C100C500C600CA00C700C9
:1052C000CA00CA00CB00CE00CD00CB00CB00CA0084
:1052D000CB00C900C800C600C400C300C400C4009D
:1052E000C600C600C600C700C900CB00CA00CC007B
:1052F000CC00CB00CC00CA00CA00C800C700C80060
:10530000C600C500C400C500C500C500C900C7006F
:10531000C900CB00CE00D000CF00D000CE00D0001E
:10532000CF00CF00CE00CB00CB00C800C900C60024
:10533000C700C500C500C400C500C700C500C70040
:10534000C800C900C800C900CA00C900CA00C70017
:10535000C800C700C600C500C400C400C200C10028
:10536000C000C100C200C100C100C300C200C5002E
:10537000C400C400C700C600C600C700C600C600FF
:10538000C600C400C400C500C500C500C500C300F8
:10539000C500C800C900CA00C700C700CB00CB00C9
:1053A000CB00CB00CA00CA00CA00CA00C900CA00AC
:1053B000C900CA00CC00C900C900C600C900C900A4
:1053C000C700C700CC00C800CA00CC00C900CA0092
:1053D000CF00CC00CA00CE00CC00CC00CC00CA006C
:1053E000C700C600C600C700C600C600C500C7008B
:1053F000C700C600C800CA00C800C400C900CA006F
:10540000C700CA00C400C800C700C700C500C50067
:10541000C500C100C200C200C300C500C400C40072
:10542000C600C900C800C700C800CA00CC00C70039
:10543000C700C800C900C500C500C300C400C5003E
:10544000C400C500C600C600C500C900C700C8002A
:10545000C800C800C800C600C800C700C900C7000F
:10546000C600C600C300C300C300C400C700C50017
:10547000C500C600C700C800C800C800C600C900F3
:10548000CA00CB00CB00C800C900CA00C700C900D1
:10549000C800C700C900CA00C600C800C900C700CC
:1054A000CA00C700C700C900CB00CA00CA00CB00B1
:1054B000CA00CC00CB00CB00CC00C900CA00C90098
:1054C000C900CA00C900C700C900CB00C900C90093
:1054D000CA00CB00CB00C900C900C800C800CA0080
:1054E000C600C600C700C700C500C300C400C40092
:1054F000C400C300C500C400C400C700C500C70085
:10550000C700C600C700C900C900C600C800C60061
:10551000C500C700C700C600C700C500C700C70058
:10552000C700C600C600C600C900CB00C800C7003F
:10553000C900CA00CA00C900C800C900C900C80023
:10554000C700C700C600C800C600C700C800C50025
:10555000C600C500C700C900C600C700C600C70016
:10556000C700C600C500C500C700C600C500C6000C
:10557000C500C700C700C600C600C700C800C700F6
:10558000C700C800C800CB00C900C900C800C900D6
:10559000C800C800C700C700C700C800C700C700D0
:1055A000C800C700C800C800C900C800C900C900B9
:1055B000CA00CA00C900C900C900C900C900C900A1
:1055C000C900C800C700C600C800C700C700C600A1
:1055D000C600C700C800C900C700C700C900C7008F
:1055E000C800C700C700C800C900C800C700C6007F
:1055F000C600C900C700C800C800C600C700C9006F
:10560000C900C700C800C700C800C800C900C8005A
:10561000C700C700C600C700C800C800C600C70052
:10562000C700C700C900C700C600C800C900C8003D
:10563000C700C700C800C800C900C800C700C6002E
:10564000C700C700C700C600C700C500C600C80025
:10565000C700C700C600C500C700C800C900C70012
:10566000C700C800C800C900C800C800C800C700FB
:10567000C900C800C700C600C700C800C900C800EC
:10568000C800C700C800C900C800C900C800C900D8
:10569000C900C800C800C800C800C800C800C800C9
:1056A000C700C700C700C800C700C700C700C800C0
:1056B000C700C700C700C700C700C700C800C800B0
:1056C000C700C700C700C700C700C700C700C700A2
:1056D000C700C700C700C700C700C800C700C70091
:1056E000C800C800C800C800C700C700C800C8007C
:1056F000C700C700C700C700C700C800C700C70071
:10570000C700C800C700C700C700C700C700C70060
:10571000C700C800C700C700C800C700C900C7004D
:10572000C800C800C700C800C800C800C700C8003B
:10573000C700C800C700C900C900C800C700C8002A
:10574000C900C900C900C700C700C700C900C80018
:10575000C800C700C700C700C800C800C800C8000C
:10576000C700C800C800C700C800C700C800C700FD
:10577000C800C700C700C700C700C800C800C700EE
:10578000C700C700C700C800C800C800C700C700DE
:10579000C700C700C700C800C700C700C700C700D0
:1057A000C800C800C700C800C800C900C800C700BA
:1057B000C800C800C900C700C600C700C800C800AC
:1057C000C700C700C600C700C900C800C700C8009E
:1057D000C800C800C900C700C700C700C800C7008C
:1057E000C700C800C600C700C700C700C600C70082
:1057F000C600C800C800C800C700C700C800C8006D
:10580000C900C800C700C700C800C700C800C8005A
:10581000C800C700C700C900C900C700C700C7004B
:10582000C900CA00C700C900C600C700C800C80038
:10583000C800C600BF00B200B400B600C400C90072
:10584000D000E300E100EC00D200B2009D00860031
:105850009500DE00F600E900480183018F018F0109
:105860008B012D01B7003B000F001700070001005E
:10587000000000000A002500B0004601620171012D
:105880007701780179018E018F013001C500250073
:10589000140017001B0016000A000D0034008100E0
:1058A000D90041018E018F018D018F018D018E0183
:1058B0008F01890165013701D90099007500200029
:1058C0001F002500390038006F008C00CE00EB006F
:1058D000F1000F01DC00CD0087008800510020009E
:1058E000060008001C000D002A0058006500780022
:1058F00095009A00B700A8009400B400A1008400AD
:1059000085008B009E0090008F00D100C600A9008A
:10591000B100AE00C100D800E200F0000E0111019C
:10592000170139013B0147014F014C016C01610135
:105930004E01620172017E01800187018E018601A4
:1059400089018F018A0184017D0156014F012C01DB
:1059500010010001EE00E700F300E300C600C900FB
:10596000CE00ED00CD00D300BE00B100C300850025
:105970007E0064001F000000010000000000000025
:105980000000000000000000000000000000010016
:10599000090011004900560077007C008100A10039
:1059A000DB00EB0015010A010501F30019011401E8
:1059B0001801F5000901F80009010001F400E500F3
:1059C000E00007012701490140013B014E0133017D
:1059D0005E013A01510146014701280120012C01D5
:1059E0002401320130016101500155015801680163
:1059F00069016B016601730156013A011401160138
:105A0000D400BB00910082005A0044003A003200EA
:105A1000120008000F0028000C00350038005B0061
:105A200050004B005B00630072007000770088003C
:105A30008B0098009900BA00B800BA00CD00D600DB
:105A4000E90001010E012401F8000301E600F8005D
:105A5000FB00ED00E700E500D1009E00C000C300A0
:105A6000D000C500E100E800D500DF00CA00C20098
:105A7000D400CC00DC00E200E800D600E700D5004E
:105A8000DC00F300EC00F100FC00E200E900DC00C7
:105A9000D400DE00D400D300DF00DB00D700DC0040
:105AA000DF00CB00C100D400C800C700D600C90089
:105AB000AC00AF00BD00C600C300D300B500C900F4
:105AC000B700C500BF00CB00AF00AE00AB00980030
:105AD0008F0086008C0078006000700067004C002A
:105AE00058005A006D007B009000720089009800F9
:105AF0009F00A800A500C800CB00C300AA00C300F7
:105B0000D300CD00E500F200E600FF00FC00140128
:105B10000C0123011301220133013B014901310131
:105B20002E012C011701000112011201F700FC00E7
:105B3000F900D400CC00D800E200E000E700EA0061
:105B4000EC00EB00E800DE00EC00E000EE00DC0022
:105B5000E300D300D800B900C500BF00AB00A5002A
:105B6000B600B900AE00B600A70088009F008B0009
:105B7000840090008900770094008C007700790001
:105B8000720085007F00870078009A0090008F00E7
:105B90009800A2009E00A600AF00AA00AA00CA00BA
:105BA000C800C100C000C000BA00D200CB00D200C3
:105BB000CA00D800E500EF00E700FC00E800F600AE
:105BC00000010A01FF0013011D0111010B01090170
:105BD0000301FE000B010C01F300F000F300DF00F5
:105BE000E100DC00DB00D700D200E000D200BE0004
:105BF000BF00BD00C000B600B800B900AC00AC00EA
:105C0000AA00B2009F00A400B500BE00AD00B9001C
:105C1000B800BA00C200BB00C500C700D100CC006C
:105C2000C600CB00C800C800D100D600CB00CE0013
:105C3000C400BF00AE00B600A000BC00B200AA00C5
:105C4000A700AB009B0098009C00A200A900A10047
:105C5000AA00B100AF00A800A500B700BA00BC00C0
:105C6000C100C300CA00CD00C100D100D300E400D0
:105C7000E600E700ED00ED00EC00F200ED00F200C0
:105C8000ED00F800F300F800E900E700ED00EB009C
:105C9000E200F500ED00F200FC00F400F200F40078
:105CA000EA00DB00DE00D700D800D700C900CC0036
:105CB000C100C200BF00C200BD00CC00C200BC00D9
:105CC000B400AC00AE00A100A500A5009B009700A9
:105CD00094009300910093008E0090008D00990035
:105CE000950095009400A000A200A700B300AE00AC
:105CF000B300B100A900BB00C400D600D500DC0091
:105D0000DA00D200DD00E900DC00F100EC00F70071
:105D1000F200F500F100EA00F100F000E400EB0011
:105D2000E400EA00D800D700D900DF00DA00DE0086
:105D3000D900CD00CB00C300C600BE00C200BF002A
:105D4000B300BB00C100BE00B700B000B700C10087
:105D5000BC00B800C800BE00C600C400BA00C6003F
:105D6000BF00CA00CA00C400BC00BB00C900C40018
:105D7000CB00C900D300CD00D000CC00C300CE00C2
:105D8000C200D000CF00CF00C700C900D000DB00A8
:105D9000D100D000CF00E300DD00DB00D700DD0044
:105DA000D600CD00D300C400C900CE00C400C2009C
:105DB000BF00BE00B200B400AE00B600B600A9003D
:105DC000B300B200AD00A0009D00AE00A400AB0087
:105DD000A800AE00AF00A000AE00AE00BC00B10055
:105DE000C000C600C700C400C100D300CC00DA0068
:105DF000E100DB00E100DC00E700DD00E400E90099
:105E0000ED00F100F100F000F100F200F300EF000E
:105E1000EF00ED00ED00F000E600E800D900D6004C
:105E2000D300DA00DC00D800D400C900C000C400F0
:105E3000C200BB00BB00B400B600AF00AA009C00CB
:105E4000AB00A300A400A500A6009B009C009D0041
:105E50009A009F00A400AE00BB00C200B200B500D3
:105E6000B500B300B400C500C400D000CE00C70028
:105E7000CD00CF00CB00D100E300E700E400E30059
:105E8000DA00D900D600DF00DE00EE00E200E1001B
:105E9000E200DB00D500D700DB00DD00D800DE002B
:105EA000DD00D200C700C300C800CC00C800C90094
:105EB000C500C800C500BC00B900BC00BC00BB00E8
:105EC000BA00BC00B400B800B500B300B800C00010
:105ED000BB00B600BD00B900BA00BB00BA00BF00ED
:105EE000BD00BF00C200C700C500CA00C800C9008D
:105EF000C900CA00CC00C900C900C600CF00CE004E
:105F0000CC00CE00D800D800D200CB00D400CF0007
:105F1000D500D400D500D600D900D000D800D100DB
:105F2000C700CA00D300D200CE00CD00CE00C5000D
:105F3000C200BC00C800CD00C700CD00BA00C00040
:105F4000B500B200BD00BC00BF00BE00BD00B60081
:105F5000B100AE00B200B700BA00C200BF00BE0080
:105F6000BD00C100C100BF00C200CD00C900CB0010
:105F7000CA00CD00D000D000CE00D000CD00D000AF
:105F8000D600D300D400CC00D600D500D900D30071
:105F9000D300D800D000D200D200CE00CC00D10077
:105FA000D100D200CA00CA00C900CD00C600C3009B
:105FB000C500C400C600C000BE00BA00BE00BE00DE
:105FC000BF00C200BD00B600BB00BB00B900BE00F0
:105FD000B800C300BF00BE00C100C000BA00C500C9
:105FE000C700C800C900C700C900CC00CB00C90069
:105FF000C700CF00D300CC00C700CE00CC00CD003E
:10600000CB00CA00D000CF00CE00D000D300CC001F
:10601000CB00CB00CA00CA00CF00D000C900C70027
:10602000C900C700C700C500CA00CB00C800C30034
:10603000C600C700C000BF00C200C000C100C10050
:10604000C200C300BC00C200C600C400C300C6003A
:10605000CC00C800C900CB00CA00CA00C500C900F6
:10606000C900CC00C900C200C700C700C900C700F2
:10607000C800C500C500CC00C900C500C700C600E7
:10608000C500C400C800CC00C900C900CD00C900CB
:10609000CD00CD00CC00D000CE00D000CA00CB0097
:1060A000C600C500C500C500C700CA00C900CD00B4
:1060B000CA00CB00CB00CF00CA00C700CB00CA008B
:1060C000CA00CA00CC00C800CD00CA00C900C80080
:1060D000C700C300C200C000C000C000BD00C000B7
:1060E000C000BD00C300C400C300C500C000BF00A5
:1060F000BF00C100C400C200C200C300C600C4008B
:10610000C900C800C600C800C900C700C900C60051
:10611000C600C400C300C600C600C900CC00CE0043
:10612000CE00CC00CD00CD00CC00CB00CB00CD000C
:10613000CC00CC00D000D100D100CF00D100D100E4
:10614000D200CE00CF00D200CC00CA00C900C900E6
:10615000C800C700C700C600CA00C600C300C4000C
:10616000C600C500C200C200C600C500C500C3000D
:10617000C100C100C300C200C200C500C300C2000C
:10618000C200C200C000BF00C100C300C600C900F9
:10619000C700CA00C900C700C500C500C600C500C9
:1061A000C500C500C700C500C600C900C700CA00B9
:1061B000CD00CC00CD00C900C800CA00CA00C9008B
:1061C000CA00CB00CD00CC00C900C900CA00C9007C
:1061D000C700C500C500C500C400C500C500C60095
:1061E000C700C700C700C700C900C500C700CC0072
:1061F000CA00C900C600C700C900CF00CD00C30057
:10620000C800B300C500C500DD00DB00BB00B8005E
:10621000C100CD00D5009900A100DB00F400D8003A
:10622000C200AE00E900C100BC00A400CD00D30054
:10623000AD00CE00D100E400E100BD00D800B30005
:10624000F800B400A800DF006E0096009600B400CD
:10625000DA00B9000B01E600CC00A500A600C300DF
:10626000C700C700C300FC00EC00C800E100C80084
:10627000B200A900B000BF00A600BD00A400DF006E
:10628000C600BC00E600B500BF00E4009C00BB00F7
:10629000DF00E700B5008A00BA00BA00C800BB0002
:1062A000EF00CE000601D900BA00CC00F400B00027
:1062B000E100BA00A900E000A900A100CA00AA00FC
:1062C000BF00C200E500CE00B600F000E300C6004B
:1062D000A600D500E400970097008B00D500B4001D
:1062E000CB00FB00C100E500CE00F100D200FB00B6
:1062F000D900D700C800C100A000B700B700C30094
:10630000BC00F700DB00CB00BA00C500B200BE0045
:10631000BE00B400D800BE00D600D300DB00CA0027
:10632000A700AA00AB00C000A700CE00A900BC00D7
:10633000CD00D700AA00BE00D200CE00CE00D5000E
:10634000D400BF00C100B100B800B600C700C20051
:10635000B700D400AF00CC00AE00C600C700F30009
:10636000DD00E200DD00CE00BC00BA00A900B700ED
:10637000BC00C000B500B800C900B900BC00D20024
:10638000D600CB00D800DD00C500CB00C600CB0096
:10639000CD00C100BC00C700C100D400BC00BC00DF
:1063A000C700CE00C900D500D700E300D000CA0066
:1063B000C600C300D900BC00B000C800D100C600B0
:1063C000CD00C900D500CE00C200C500C700C7007F
:1063D000CD00CF00C900CA00C000C300D100C40076
:1063E000BE00CD00C300C000BE00C000C300BC00A2
:1063F000BB00BA00BF00C000C200C700D500D40077
:10640000CD00C300BD00C000C000BA00BC00C00089
:10641000CA00C400CD00D000CA00CB00CE00D3001B
:10642000CB00CC00C100BD00C100C000C100BE0057
:10643000BD00C600C400C900D000C900C900CC001E
:10644000C800CC00CB00C200CA00CB00CA00C2000A
:10645000BD00C400C200BB00C000C600CD00CF001C
:10646000C900C300C700CA00C500CA00CC00D000E4
:10647000D100C800C800CA00C500C400C800CD00D3
:10648000D200D200CF00CE00CD00CA00CA00CA00A0
:10649000C700C800CB00C500C700C800C700C700C0
:1064A000CD00C500C400C600C500C800CB00C800B0
:1064B000C700CA00CA00C900C800C800C600C5009D
:1064C000C100C300C000BE00C300C400C600C700B6
:1064D000C600C700C900C800C900C900C900CA0079
:1064E000C600C400C500C300C400C300C500C70087
:1064F000C900C600C800CA00C900CA00CB00C70056
:10650000C800C800C600C400C400C700C700C70058
:10651000C700C700C800CA00CB00CB00CB00CB002F
:10652000CB00C800C600C500C500C500C700C40038
:10653000C300C500C700C500C700C600C800CA0028
:10654000C900C800C700C700C700C600C500C70013
:10655000C700C600C700C900C800C700C600C70002
:10656000C800C700C800C900CB00CA00CA00C900E3
:10657000CA00C900C800C800C900C900C900C800D5
:10658000C800C900C900C700CA00CB00CA00CA00C1
:10659000C900C800C700C700C600C600C600C500C5
:1065A000C500C600C600C500C500C600C600C600BE
:1065B000C600C600C700C600C600C600C500C600AB
:1065C000C400C500C500C500C400C500C600C600A3
:1065D000C600C700C800C800C800C700C800C8007F
:1065E000C800C800C900CA00C900C900CA00C90063
:1065F000C900C900C900CA00CB00CB00CA00CB004B
:10660000CB00C900C900C900CA00C900C800C80041
:10661000C800C800C800C700C800C900C800C7003B
:10662000C800C900C800C700C600C700C600C60031
:10663000C500C600C600C700C600C500C700C6002A
:10664000C600C700C800C700C600C700C700C80012
:10665000C800C700C800C800C800C700C600C800FE
:10666000C800C700C800C900C900C900C800C800E8
:10667000C900C900C700C800C800C600C700C700DD
:10668000C600C700C700C700C800C700C800C800D0
:10669000C900C900C800C500C700C500C400C600C5
:1066A000C600C500C700C700C900CB00C700C500B1
:1066B000C600C500C300C500C300C200C700CF00AC
:1066C000C900CB00CF00D100C500C900D100CA006D
:1066D000C500C800C500C500CA00BF00C500D10084
:1066E000CB00CA00CB00CA00C900CC00BE00C3006A
:1066F000CD00C600BF00C800CD00C900C800C8005A
:10670000C800CB00C300C300C700C100C600C90059
:10671000BF00C800CD00C600CC00CF00C900CE002D
:10672000C600C600C400C500C700C200C700C9003B
:10673000C600C400C800C900C600C900C800CA001D
:10674000CA00C800C700CA00C900C600C900C90005
:10675000C900CE00C900C700C900CB00C600C900EF
:10676000C700C900CC00C700CB00D000CA00C700DA
:10677000C500C300C700C600C400C400C700CB00EA
:10678000CB00C800CA00CC00CB00CB00CB00C800B7
:10679000C700C400C400C200C000C300C400C400DD
:1067A000C800C500C700CB00C900C900CB00CA00A3
:1067B000CD00CB00C900C900C700C700C600C50096
:1067C000C600C800C700C600CB00C900C700C9008A
:1067D000C700C500C700C800C600C500C600C40089
:1067E000C600C500C500C700C800C800C700C60075
:1067F000C700C600C600C700C700C900C900C8005E
:10680000C900C900C700C600C600C600C600C50052
:10681000C600C700C700C700C800C800C800C9003C
:10682000C700C900CA00C900C800C800C800C90024
:10683000C800C700C900CA00CA00CA00C900C90010
:10684000C900C900C800C900C900C700C900C70005
:10685000C600C800C800C700C800C800C800C800FB
:10686000C700C700C800C800C800C800C700C700EC
:10687000C700C800C700C700C800C700C700C800DD
:10688000C800C700C700C700C700C800C800C800CC
:10689000C800C800C800C700C700C700C600C600BF
:1068A000C600C700C600C700C800C600C700C800B1
:1068B000C600C700CA00C600C800C500C700C600A1
:1068C000C500C500C800C700C600C700C700C70094
:1068D000CA00C600C900C700C700C700C700C7007C
:1068E000C600C800C800C700C700C700C800C7006E
:1068F000C800C900C800C800C800C800C700CA0056
:10690000C800CA00C900C900C800C900C900C80041
:10691000CA00C800C800C800C800C700C800C90035
:10692000C800C900C700C900C800C900C900C70025
:10693000C900C700C700C700C800C700C700C8001B
:10694000C800C700C700C700C800C800C700C7000C
:10695000C600C800C600C700C700C600C700C60002
:10696000C700C700C600C700C600C800C700C700F0
:10697000C600C600C700C700C700C800C700C700E0
:10698000C700C700C700C700C700C700C600C700D0
:10699000C700C800C800C800C800C800C800C800B8
:1069A000C800C800C800C900C700C800C800C700A8
:1069B000C800C700C700C800C700C800C800C90099
:1069C000C700C800C800C800C800C800C800C80088
:1069D000C800C800C800C800C800C700C800C80078
:1069E000C800C800C800C800C700C800C800C80068
:1069F000C800C800C800C800C800C700C700C80059
:106A0000C700C800C800C800C800C700C900C80047
:106A1000C800C800C800C800C800C800C800C70037
:106A2000C800C700C700C700C700C700C700C7002D
:106A3000C700C700C700C700C600C700C700C7001F
:106A4000C700C700C700C700C700C700C700C6000F
:106A5000C700C600C700C700C700C700C800C700FE
:106A6000C800C700C800C700C700C800C700C700EB
:106A7000C700C700C700C700C800C800C800C700DB
:106A8000C800C800C800C800C800C800C800C800C6
:106A9000C800C800C800C800C800C800C800C800B6
:106AA000C800C800C800C800C800C800C800C800A6
:106AB000C800C700C700C800C700C700C800C8009A
:106AC000C800C800C800C800C800C800C700C80087
:106AD000C800C800C800C800C800C800C800C80076
:106AE000C800C800C800C700C800C700C700C80069
:106AF000C800C800C800C800C800C800C700C70058
:106B0000C800C700C700C700C700C800C700C7004B
:106B1000C700C700C700C700C700C700C700C7003D
:106B2000C700C700C700C700C700C700C700C7002D
:106B3000C600C700C700C600C700C700C700C7001F
:106B4000C700C700C800C700C800C800C800C80008
:106B5000C700C700C800C800C700C800C800C800F8
:106B6000C800C800C800C800C800C800C800C800E5
:106B7000C900C800C800C800C800C800C800C800D4
:106B8000C800C800C800C800C800C800C800C800C5
:106B9000C800C800C800C700C700C800C800C700B8
:106BA000C700C700C700C700C700C700C700C700AD
:106BB000C700C700C700C700C700C700C700C8009C
:106BC000C700C600C700C700C800C700C800CD0086
:106BD000C400C900C900C600CA00CE00B200C90086
:106BE000DF00C700D400BC00B300B000C600C30083
:106BF0000201BF00C400E800BF00BE00BE00DA0012
:106C0000C400F2000001E600AE00B5009D0098004F
:106C1000AF00A000DD00D200EC00A000D200BF0059
:106C2000E500CD00DC00B100DE00A900C000B4002A
:106C3000CB00BC00D600C500AC00A900E000DE001F
:106C4000A400C000C800E300CD00D100D000CB00FC
:106C5000B400B400C700D500BA00E300D200F000D1
:106C6000F000B700D000BE009800C6009F00AD0045
:106C7000A900C700DC00C200EA009F00B500CD00FB
:106C8000E800EB00D100C400F600D500D800CB002E
:106C9000D300C700C700D5009900B000CA00960015
:106CA000CE00CF00BD00A000BB00EF00D500CB00A0
:106CB000E100CA00D000B900AA00A100B700D100CD
:106CC000C000D100D100DC00CE00D800DA00CA003C
:106CD000B300CC00CB00D100BE00C600C300DA0078
:106CE000E000DA00C300C900BD00BA00AE00C90070
:106CF000A900D400D900E000C500CE00DB00C2002E
:106D0000C400BF00C100A800C500C200C600C30087
:106D1000B300B700BB00B900CA00DA00D700E0003A
:106D2000DD00CD00C800CB00B000C100D500C00020
:106D3000B400D800B800AC00CF00D200B800DA0030
:106D4000D900DA00D200E200CC00CD00BF00CC00B8
:106D5000BD00C100BD00CD00BE00BA00C100D8001A
:106D6000CB00D200C500D200B700BF00C000D000E9
:106D7000C200B800C600BD00C900D100C200BB00FF
:106D8000D500CE00CF00CD00D000BF00CC00CD009C
:106D9000C700BB00C200C400B700BE00BB00B80003
:106DA000C200CB00CF00C700D000D800CC00C30089
:106DB000CD00D100D400C500C000C600C200C20092
:106DC000C700CC00CD00CD00BF00C800C800B8008F
:106DD000BE00CE00D500C500D300CE00D300D00049
:106DE000C700C100BD00C300BF00C200C600D10083
:106DF000CD00D000B800CB00C000C800C800CF0054
:106E0000D100C500C300CA00B800C100C500C6005B
:106E1000BF00C700C100CF00BE00CE00CE00C90039
:106E2000CF00CB00C900C400CD00C500C800BF0022
:106E3000CA00BE00C900BF00CA00CB00C800CD0018
:106E4000C800CC00CA00CE00C500C200C800C60001
:106E5000CE00C800C500C800C800C200C600C700F8
:106E6000D000C400CF00CB00C400CD00C400D000CF
:106E7000BE00C800C500C900C300C500C300C900EA
:106E8000C500C600C000CA00CC00C600C800CA00C9
:106E9000C900C900C300D000CA00C300C600CB00AF
:106EA000C500C700C500C500C800C600CA00CA00AA
:106EB000CD00C900CA00CC00CB00CA00CC00C8007D
:106EC000C700C300C300C200C400C500C200CA009E
:106ED000CD00C500C400C900C800CA00C200CC0073
:106EE000C900C500C300C200C700C300C700C50079
:106EF000C900C500C900C900C900CA00CD00C5004D
:106F0000CE00C500C800C900CC00C900C500CE0035
:106F1000C600C700C900CC00CC00C700CA00C90029
:106F2000C500C700CC00C500C700C800C400C7002A
:106F3000C600C400C700C700CF00C400C700C80017
:106F4000C600CA00C700C800C800C500C900C80004
:106F5000C600C800CA00C500C800C800C900CA00F1
:106F6000C700C800CB00C900C900C900CC00C800D8
:106F7000CA00C700C800C800C900C300CA00C300D7
:106F8000C700C700C600C600C600C700C900C800C9
:106F9000C700CA00C900C800C800C700C800C700B1
:106FA000C700C600C700C500C800C700C700C800AA
:106FB000C600C900C800C900C600C600C800C60097
:106FC000C500C900C700C600C700C800C900C60088
:106FD000C800C800C800C800C800C600C800C70074
:106FE000C800C600C900C800C900C900C800C9005F
:106FF000C800C900C800C700C700C800C800C80052
:10700000C900C800C900C800C800C700C800C8003F
:10701000C700C700C700C700C800C700C800C80035
:10702000C700C800C700C800C700C800C600C70026
:10703000C700C700C700C800C800C600C700C80016
:10704000C800C700C800C600C700C700C600C60009
:10705000C700C600C700C800C800C900C700C900F3
:10706000C800C700C700C600C600C600C800C600EA
:10707000C800C700C800C800C800C900C900C800CF
:10708000C800C900C800C700C600C600C600C700C7
:10709000C700C900C800C700C800C600C700C700B5
:1070A000C400C900C700C800CA00C800CC00C7009F
:1070B000CF00CE00C700CD00C900C400C800C30087
:1070C000C300C600C000CB00C900C400C900C60090
:1070D000C500C400C500C900C500C400CC00CF0075
:1070E000CA00CB00C400C500D000C300C300C70065
:1070F000C300C500C800C000C700CB00C200CB0061
:10710000CD00CA00CE00C500C800C500C400C10043
:10711000C000C600C300C500C700CA00CC00CA003A
:10712000CF00D100CF00CC00CA00C900CA00CA00FD
:10713000C600C300C600C500C400C300C300C80029
:10714000C600C400C300C900CB00CA00C600CB0003
:10715000CD00C700C700C900C700C900C800C800EB
:10716000C900C900C700C700C900C600C800C400E4
:10717000C600C800C900C800C600C500C900C900D3
:10718000C800C800C900C800C800C900C700C900BD
:10719000CA00CA00C900C800CA00CC00C900C800A3
:1071A000C500C500C600C600C300C500C700C700B3
:1071B000C500C600C800C800C700C900C900C90092
:1071C000C800C600C600C700C500C400C500C8008E
:1071D000C700C700C800C900CA00C600C800C80070
:1071E000C800CA00C700C600C700C800C800C60063
:1071F000C900C800C700C600C800C800C600C70054
:10720000C800C600CA00C600C700CA00C800CA003D
:10721000C700C800C900C900C500C600C700C70034
:10722000C700C700C900C900C900C800CA00C8001B
:10723000CA00C600C800C600C700C300C600C5001B
:10724000C700C500C700C700C800C700C700CA0004
:10725000CA00C600C900C900C800C800C800C800EC
:10726000C900C800C800C700C700C800C700C400E4
:10727000C900C500C800C600C800CA00C900C400D3
:10728000C800C600C900C800C300CA00C800C700C3
:10729000C400C600C600C800C500C400C800C600BF
:1072A000C900CA00C700C900CD00C700C500C6009C
:1072B000C300C800C400C800C600CC00C900C90093
:1072C000CA00CA00C900CB00C800C900C700C60078
:1072D000C900C900C800CA00C900C800CA00C90066
:1072E000C900C800CB00C800C700C800C700C7005D
:1072F000C900C500C700C900C600CA00CA00C7004F
:10730000C700C800C800C700C600C700C800C70043
:10731000C700CC00C600CB00C600CB00C700C90028
:10732000C500C600C700C800C500C700C800C60029
:10733000C800C700C800C900C600C900C800C9000D
:10734000C600C700C600C900C800C800C700C80002
:10735000C800C500C800C500C800C700C800C800F4
:10736000C900C900C600C700C800C700C600C800E1
:10737000C700C800C800C700C800CA00C800C700CE
:10738000C800C700C700C700C700C800C700C700C3
:10739000C700C600C700C800C700C900C700CA00B0
:1073A000C800C700C700C900C600C800C700C800A1
:1073B000C900C700C700C900C700C700C700C80090
:1073C000C800C700C800C700C900C800C800C7007F
:1073D000C900C700C900C700C800C700C700C70070
:1073E000C800C800C700C800C700C800C700C70061
:1073F000C800C700C700C800C700C800C800C70051
:10740000C700C800C800C700C800C700C800C70040
:10741000C700C700C800C700C800C700C700C80031
:10742000C700C700C700C800C700C700C700C70023
:10743000C700C800C800C800C800C700C700C8000F
:10744000C800C800C700C700C700C700C700C70002
:10745000C800C700C800C800C800C800C800C800ED
:10746000C700C800C800C800C800C800C800C800DD
:10747000C700C700C700C700C700C700C800C700D3
:10748000C700C700C700C700C700C800C700C800C2
:10749000C800C700C800C700C700C800C700C700B1
:1074A000C700C800C700C700C700C700C800C700A2
:1074B000C700C700C800C700C700C800C800C80090
:1074C000C700C700C700C700C700C700C700C70084
:1074D000C700C700C700C700C700C700C700C80073
:1074E000C700C700C800C800C800C800C800C8005E
:1074F000C800C800C800C800C700C700C700C70050
:10750000C700C700C700C700C700C700C700C70043
:10751000C800C800C800C800C800C800C800C8002B
:10752000C800C700C800C700C700C800C700C70020
:10753000C700C800C800C700C700CB00C900BC0016
:107540009C00C900D300CD00C300C600D000C90014
:10755000C800C700C600C400C800BF00C800CD00F6
:10756000C100C400CC00C400C500D100C500C800E3
:10757000C600C400D700BC00C500CA00A9008F0027
:107580000D0088006700B000760189008B018F0133
:107590008F018F01C20023008A000E01F600120045
:1075A0000000010000000A002E005B00ED008601D3
:1075B0008F018F018D018F018F018E015B01C00052
:1075C000500047000200000001000100010001001E
:1075D0000100340062007B00AA003D018B0187019D
:1075E000800184018F018F018C013601BD00B10043
:1075F0009300160006000A0001000000320012008D
:107600006400A900E900FF004B0143015001620141
:107610008D01860172016B012D01A9008F005200BE
:10762000E2003B0038002C00680067007C009600F8
:107630009000EB001801740115010F01680164014D
:1076400026016D013B018F00A10087008B002B00FC
:107650009C00BA004800D200940079000200690042
:10766000CA0028014A011401E700FB000E011A01BB
:10767000090130010E01FA00AF0090007F007F0089
:1076800063007800A800570091004E009800E700C2
:107690000B0135011201FE00B800A900F200A200A2
:1076A000D900C700BB00B00081007C005900680011
:1076B000B300CC009400A6007400BB00D500FA0013
:1076C0000301D5001A01CA00C200CD00BB00C000F2
:1076D000AF009900A900E4006900BF007400BF007A
:1076E000D90099000401E4001F01F100EC00D5006D
:1076F000D400DF00FB00E200ED00AA00C700D700C5
:10770000A300AF00DA00AD00B400AA00CE00DE0096
:10771000E700DB00E200E200FD00D900C200C1008A
:10772000C600E000C000A100BA00EF00EF00D400E6
:107730009F00B700B300AA00B7009C00BC00CB00BC
:10774000E300BB00E1001501FA00F9000A01DE00C8
:10775000DB00E400D000C500CB00BC0091008D0030
:10776000990093009300AC00D000C000D700C70080
:10777000F200F8001101DD00EA00FA00E000E60086
:10778000DC00C700AC009F009C0082006C007F0002
:1077900095009D00BD00D500C400F300EF0002017C
:1077A0000301ED00EF00E600DD00CE00C600BC00E6
:1077B000A600AF008400850095009F00AD00AE00DC
:1077C000BD00D300D700CE00D500E400EA00ED00F4
:1077D000E200CA00CC00CC00BA00AB009A009A00CC
:1077E0009E00A7009E009900AA00BF00C100D10022
:1077F000D600E700EC00DD00E600E200D400DC008B
:10780000CB00C700C600C100A700A900A500AD00BD
:10781000AA00AA00A800A900B600C200CF00DE009E
:10782000E500EE00EB00EB00F800EA00DC00DB0016
:10783000CD00C000B800A100A300A500AC00AE00C0
:10784000B000AE00BA00CE00DA00D400E600E300DB
:10785000EB00E300E300DB00D200CE00C300B30086
:10786000B400B300B400AC00AE00B700BB00BF0072
:10787000CD00D900E500E900E400E700E200DB000C
:10788000D900D700CD00C400BA00B100B200B500E5
:10789000B200BA00C000CA00CC00D000D800DC00A2
:1078A000E000DE00DD00DC00D700D000CC00CD0021
:1078B000C700BA00BD00B800B700BC00B800B300F4
:1078C000C000C500C700C900CD00CE00D300D9005C
:1078D000D900D900D500D000CD00CD00CA00C40029
:1078E000BD00B900B700B800B700B800B900C000CB
:1078F000C300C500CA00CA00CE00D100D400D20027
:10790000D200D300D000CE00CD00C400C000C20021
:10791000BD00B900BB00BB00BB00BF00C300C60078
:10792000CA00CA00CC00CF00D100D100D100CE00E7
:10793000C900C700C400C100BE00BC00BE00BE003C
:10794000BD00BC00BD00C500CA00CB00CB00CC0010
:10795000D100D200CD00D000CD00CC00C700C600C1
:10796000C300C200C000BC00BC00BC00BE00C00020
:10797000C400C300C700CB00CC00D000D000D000B2
:10798000CE00D000CD00CD00CB00C700C600C400A3
:10799000C400C100BF00BF00C200C200C300C200DB
:1079A000C400C600C800CB00CA00CC00CC00CE008A
:1079B000CF00CE00CC00CB00C800C700C900C60075
:1079C000C500C200C300C400C500C600C700C8008F
:1079D000CA00CB00CD00CB00CD00CD00CE00CD0045
:1079E000CC00CA00C800C600C500C500C300C20064
:1079F000C300C300C500C500C600C700CA00CC0054
:107A0000CC00CD00CC00CD00CE00CE00CD00CB0010
:107A1000C900C700C600C600C400C300C300C5003B
:107A2000C300C300C300C600C600C900C800C90027
:107A3000CB00CC00CC00CC00CB00CA00C700C900F2
:107A4000C700C600C500C500C400C300C400C5000F
:107A5000C500C600C500C500C700C800C900CA00EF
:107A6000C800C800CB00C900C800CA00C800C700D1
:107A7000C800C700C600C600C600C600C700C600D2
:107A8000C600C600C600C800C900C800C800C800BB
:107A9000C800CB00C900C800C900C700C700C700A4
:107AA000C600C300C500C300C500C600C600C700AD
:107AB000C900CB00CC00CB00CA00CC00CD00CB006D
:107AC000CA00C800C700C800C500C400C600C30083
:107AD000C500C600C600C500C600C700C900C90071
:107AE000C700C500CA00C700C900CD00C600CA0053
:107AF000CB00C500CC00C500C600CD00C300C60049
:107B0000C900C800C400C800D200C800C900C30032
:107B1000CA00CA00C300C500C600C700C300C20037
:107B2000C600C800C800CA00C900C700CE00C9000E
:107B3000C400C900C700C900C700C900C700C7000A
:107B4000CA00C400C900CA00C600C600C500C600FD
:107B5000C500C500C600C600C800C100C600C800F8
:107B6000C600CA00C900C800CC00CA00C900CB00CA
:107B7000C900CB00CA00C900CB00C900C800C800BA
:107B8000C700C700C500C200C400C700C800C600C7
:107B9000C700C900CA00CA00CA00C700C800C9009F
:107BA000C900C700C700C900C900C700C700C90095
:107BB000CA00C700C700C900C700C900C900C70084
:107BC000CA00C700C800C700C800C900C900C80073
:107BD000C600C500C800C400C700C600C700C60074
:107BE000C900C800C800C700C900C800C800CA0052
:107BF000C900C700C700C700C600C700C800C7004B
:107C0000C700C600C600C600C800C600C600C60041
:107C1000C600C700C800C900C700C900C700C80027
:107C2000C900C700C700C600C700C900C700C5001B
:107C3000C500C800C800C800C700C800C900CA0005
:107C4000C800C900C900C900C900C700C800C800F1
:107C5000C800C800C600C800C800C700C600C700EA
:107C6000C800C900C800C900C900CA00C900C900CD
:107C7000CC00CB00CB00CA00C900C800C800C800B7
:107C8000C800C700C700C500C600C500C800C600C0
:107C9000C700C700C800C600C800C800C800C800A8
:107CA000C700C600C800C800C700C600C800C6009C
:107CB000C700C600C600C600C700C600C600C70091
:107CC000C900C800C600C700C900C700C700C70078
:107CD000C700C800C800C700C500C500C800C8006C
:107CE000C700C700C700C700C900C900C900C70056
:107CF000C800C800C900C800C900C700C700C70045
:107D0000C700C800C600C700C700C900C800C60039
:107D1000C600C700C700C900C900C700C700C60029
:107D2000C900C800C900C800C700C700C900C80012
:107D3000C700C600C600C700C800C600C600C7000E
:107D4000C700C700C700C700C700C800C700C700FA
:107D5000C800C700C700C700C800C800C700C700E8
:107D6000C800C800C800C800C800C700C900C900D2
:107D7000C900C900C800C900C900CA00C800C900BC
:107D8000C900C900C900C800C800C900C900C800AE
:107D9000C800C900CA00C900C900C900C900C9009B
:107DA000C800C900C700C800C800C800C700C60096
:107DB000C600C500C600C600C600C500C500C60096
:107DC000C600C400C600C500C600C600C600C60086
:107DD000C500C500C500C600C500C500C600C60078
:107DE000C600C600C700C600C700C700C800C7005D
:107DF000C800C800C900C900C900C900C800CA003D
:107E0000CA00C900C800C900CB00CA00CA00C90026
:107E1000C800C900CA00CA00C900C900C900CA0018
:107E2000C900CA00C900C800C800C700C800C8000F
:107E3000C700C700C700C600C600C600C500C60010
:107E4000C600C600C600C600C500C600C600C50004
:107E5000C600C500C600C500C600C600C600C600F4
:107E6000C500C500C500C600C600C600C500C500E7
:107E7000C600C700C700C600C700C700C600C700CD
:107E8000C700C700C700C900C800C700C700C900B5
:107E9000C900C900C900C800C800CA00CB00C90099
:107EA000C900CA00CA00CB00CA00CA00CA00CB0081
:107EB000CB00CA00CA00CA00CA00CA00C900C90073
:107EC000C900C900C900CA00CA00C900C800C90069
:107ED000C900C900C900C900C800C800C800C7005F
:107EE000C700C800C600C700C700C700C700C7005A
:107EF000C700C600C700C700C700C700C600C6004D
:107F0000C700C700C700C600C700C800C600CA0037
:107F1000C700C800C400C900CA00D300D500D400FF
:107F2000C900C700AC00CE00B500D000DD00C20023
:107F3000BF00DD00B600CC00B900B800DB00C50012
:107F4000EA00D200DD00B700AF00A300D000D400EB
:107F5000BD00ED00C400C900FC00DC001D01DD0017
:107F6000E600CF00D0008600A1009B008A00A000A0
:107F7000F400B4001F01D600CC008A009C00AE00C3
:107F8000A700AD00E900EC00F3009300E100AC00B5
:107F9000BC00AD000501F500B200D200EE00AE005D
:107FA000CE00DA00BA00BC00D4009E009E00E900BA
:107FB000E300C400BF00AE00C800F100C700AD0080
:107FC000D200E100E100CB00D700A200B100F80030
:107FD000D000D900B900A0009A00BE00CF009800E0
:107FE000C300C700B400B9001201DC00E300D400F4
:107FF000BE00B300D000AE009A00BC00C800AB00C9
:10800000D900DA00E400E200EB00D900C200DF0092
:10801000C800C500B300D000BB00C100C700CA0043
:10802000C700D500B200C400C300C900B500C70036
:10803000DB00BD00DA00D500BD00CC00CD00CE00D5
:10804000D100C600C200BA00C000B300CD00BE001F
:10805000D000BB00C100CC00C500B500D800D700DF
:10806000D600D900D800BD00CA00C500BA00BF00C4
:10807000B600B900B300B800D700D600C800D000E1
:10808000D900C500D300CC00BE00BC00CF00C700A3
:10809000CC00BC00D200B100CD00D000C200B000C6
:1080A000D500C500CE00CD00D000D000D800C5005E
:1080B000C000B600B200B300B700BB00C300C000F0
:1080C000CF00D800D600DA00D700D300C700DC000C
:1080D000CA00C600D500C500BC00C200C500C7006C
:1080E000C800C800CE00C400CB00C200CD00CB0049
:1080F000CB00C700D100C700D300CC00CD00BE002C
:10810000C700C500C800C200C100C000BF00C80051
:10811000C100D700D100CA00DA00D600D000CC00E0
:10812000BF00C100B000C000BB00C300D000C80049
:10813000CA00CE00C800C400CA00C700C900CD00F4
:10814000C700CF00C300BB00C500C200C000CB0009
:10815000CA00CD00C900C500C900CA00D000C500D2
:10816000D000CD00CD00C900C900C600C300C600C4
:10817000C300C300C400C400C700C800CF00CF00C4
:10818000CD00C600CE00C800BC00BF00C700C600BE
:10819000C100BE00C000C500C100BF00C900CF00C3
:1081A000CD00C700C700C600C400C700C700C2009A
:1081B000BE00C100C600C200C200C900CA00CE0095
:1081C000C800C500C600C500C700C400CB00C6007B
:1081D000D000CE00CF00C700C700C700CA00C30050
:1081E000C700C500C600C200C600C800C600C70060
:1081F000CA00C900CC00CB00D200CD00CB00C50026
:10820000C400C300C100CA00C500C600CB00C7003F
:10821000C900CF00C900CC00C800C900C700C80011
:10822000C800C600CA00C500C600C700C800C50017
:10823000C900C800CA00C700CA00C800CA00C800F8
:10824000C900CA00C900C800C700C900C900C500EC
:10825000C700C600C700C900C700C600C800C700E5
:10826000C900C600C700C700C800C800C800C600D3
:10827000C600C800C700C600C800C700C900C900C2
:10828000C900C800C900C800C900C900C700C800AB
:10829000C600C700C600C600C500C700C600C700AC
:1082A000C800C800C800CA00C900C800C800C9008A
:1082B000CA00C800C800C700C900C700C700C50081
:1082C000C700C800C800C800C700C700C700C80072
:1082D000C700C800C700C800C800C800C800C70061
:1082E000C700C700C700C800C800C700C600C80054
:1082F000C800C700C600C700C800C700C800C80043
:10830000C800C800C800C800C700C800C700C70030
:10831000C700C800C900C800C800C900C700C7001E
:10832000C900C800C800C700C800C700C700C8000F
:10833000C700C800C800C800C800C800C900C900FC
:10834000C800C700C800C800C800C800C800C700EF
:10835000C700C700C700C800C800C800C700C700E2
:10836000C700C700C900C700C700C800C800C900CF
:10837000C800C700C700C700C700C600C700C700C5
:10838000C700C600C700C800C600C700C700C800B5
:10839000C700C800C700C800C800C800C800C700A0
:1083A000C700C600C800C800C800C800C700C70092
:1083B000C800C800C800C700C800C700C900C8007E
:1083C000C800C700C900C800C800C700C800C8006E
:1083D000C700C700C700C700C700C800C700C70064
:1083E000C700C800C800C400BF00C000C300C4006C
:1083F000C300C600C500D100CE00D500D100D70013
:10840000C800C400CE00DA00C300DB00CC00DF00EF
:10841000DE00FD00060110010C01DF00B300A10029
:108420007F006A00500060006F006E007800550009
:108430005F00A300E3002001380150015A015D01F3
:1084400061012501ED00A800670038001C001A003A
:108450001C00120016003D007300AE00EA0022016D
:10846000530176018801890189018D018E018F01F7
:10847000870140010601C5008C0059003A002D001B
:108480001F001B00320050007A00A900CB00E8005A
:108490000001FE00F800EC00CA00B4009E009A0043
:1084A0009700890067005E005300410039002700F3
:1084B00023002A0031004000460050005D0070009B
:1084C0008D009F00B700C500D400D600D300D300B4
:1084D000CE00C500B700A8009D009B0098009C003E
:1084E000A200B000D000EC00120134015201690179
:1084F00082018A018D018F018F018F018F018F0110
:108500008D01870179016D015B0146013401240170
:108510001A010E0109010901090109010D011401E6
:108520001C011F012001180113010F01FA00E200D4
:10853000C600A50081006200430025000D00030075
:10854000000000000000000000000000000000002B
:1085500000000000070010001A00280032003C0054
:1085600045004B004F00540055005D00690072004B
:108570007F008B009600A200AD00BD00CD00D600AC
:10858000E400EF00FC000A011A0125012D0136016B
:108590004401540163016C0177017E01850188016A
:1085A0008A018D018A01850182017D0175017001B9
:1085B0006A015F0157014E0147013E013401250167
:1085C00016010501F200E000CF00BD00AA009900ED
:1085D00089007E0072006A0065005F005E005F0037
:1085E0006000640069006E0074007A0082008800F8
:1085F00091009900A400AB00B000B400BA00BB0029
:10860000BE00BD00BC00B800B200A9009F009400ED
:108610008D00850081007F007E00800085008D0038
:108620009600A000AA00B400BD00C400CB00CE009C
:10863000D100CF00CC00CA00C500C200C000C100FC
:10864000C400C800CE00D600E200EA00F400FE003C
:10865000050109010E010E010E010C010C010801BA
:1086600005010201FE00FD00FC00F800FB00FA001D
:10867000FC00FB00FB00FB00FC00FA00F800F70028
:10868000F400F100ED00E900E500DF00D900D100C1
:10869000CA00C200B900B000A8009D0093008E007F
:1086A0008900830081007D007C007C007C007B00D1
:1086B0007A007C007B007A007900770074007300F8
:1086C00071006F006D006B006E006F007400790028
:1086D0007D0084008D0095009F00A900B200BB00C2
:1086E000C400CC00D200D700DC00E100E700E900C4
:1086F000EF00F400FA000201090112011A0124013D
:108700002C0134013D014301460148014701460166
:1087100042013D0136012E0127011E0116010F0104
:1087200007010001FA00F100EA00E300DB00D100DC
:10873000C900BF00B600AD00A3009B0092008B00F3
:1087400085007E0078007500730070006F006E0079
:108750006F00700071007300750078007D0082006A
:1087600086008D0094009B00A300AA00B300BB000C
:10877000C400CB00D200D800DE00E200E600E90031
:10878000EB00ED00EF00F000F000F000F000EF0073
:10879000EE00EC00EA00E900E500E200DF00DB00AB
:1087A000D700D300D000CC00C900C600C400C2006E
:1087B000C000C000C000C000C000C000C000C000B9
:1087C000C000C100C100C100C200C200C300C4009B
:1087D000C500C600C700C800C900CB00CC00CD0052
:1087E000CE00CF00CF00D000CF00D000D000D0000E
:1087F000CF00CF00CF00CF00CE00CE00CC00CA000B
:10880000C900C600C400C200BF00BC00BA00B70067
:10881000B600B400B300B200B100B000AF00B000C9
:10882000AF00AF00B000B000B200B200B300B500BE
:10883000B700B900BC00BE00C000C300C600C9003C
:10884000CB00CE00D200D400D700DA00DD00E0007B
:10885000E300E500E800EA00EC00EE00EF00F000C5
:10886000F000EF00EE00EB00E900E600E200DF00C0
:10887000DB00D800D400D100CE00CC00CA00C80074
:10888000C500C400C200C000BE00BC00BA00B800F1
:10889000B500B300B100AF00AC00A900A700A6006E
:1088A000A400A200A100A100A100A200A300A500B5
:1088B000A700AA00AD00B000B400B800BB00BC0027
:1088C000C100C600C800CA00D000D100D000D4004A
:1088D000D000DC00D500D000EA00D900D300E500CC
:1088E000DE000C0100011201CE00B500A800B400AA
:1088F000F4009D00A300DE00D300CE00B000E30032
:10890000B700B70096009C000B01D5007F00BD00AA
:108910000301D5008F00BD00E600CC00F9009E00E9
:10892000C000A90070008700D500FE002C013A01AC
:1089300072018E018A014E01EA008C00720005006E
:10894000010002000100010001000B005500CC00F5
:108950004401650179017601750183018D0163018F
:108960000701860027001500160014000800080003
:1089700009003B009C00110167018F018F018E01EE
:108980008C018F018F018E01730136010901CD0029
:108990007C004D003C00220035003900440064009A
:1089A0007D00BC00E00002012701F500D600B40004
:1089B0009A005E00400011001700220019002900F3
:1089C0002D002C00470062008A009A009F00A20040
:1089D0009A00AB009B008C009200A200AC00AF009C
:1089E000AD00B200AA00B400BC00BF00B600C300D6
:1089F000C900D000EC0005010B012901440146012A
:108A0000600178018101730180018C018C018D016D
:108A10008F018F018F018F018F0180017D016C011A
:108A20005601480124010C010E01FE000301F8006B
:108A3000E300D800DC00DD00D600E700EA00DF003C
:108A4000D500D000C0008E0066002E000700000098
:108A50000000000000000000000000000000000016
:108A6000000000000000000003001C0035004C0066
:108A7000600078008500AD00BD00D800DE00F30086
:108A8000F900010105010001FF00FA00F800F800FB
:108A9000F600F900F800030100010E0113011201B4
:108AA000250131013C0141014E014E0148014701C0
:108AB00045013E01370138013A01360137013601DF
:108AC0003E014201470155014E0153014A01410156
:108AD0003601220119010101E000C600AA008D0043
:108AE0007100620051003F003D00380038003A003C
:108AF0003F004200480051005C006A0075008100A0
:108B000089008F0098009C00AC00B100BA00C4003E
:108B1000CF00D400DE00E100DF00E400E300E2006B
:108B2000E200E200D800CE00C400BF00B800B400EC
:108B3000AF00B100B400BB00BF00C400CB00D00048
:108B4000D300D700DF00DF00DD00DC00D700D2005B
:108B5000D000D100D100D000D200D500D900DC0077
:108B6000E000E100E400EB00EA00EC00EC00EA00C9
:108B7000E900E500DF00DF00DC00D900D700D40009
:108B8000D300D400CF00CE00D300D300D500D40052
:108B9000D300D300D100CF00CD00CA00C500BE0075
:108BA000BB00B500AC00A3009D00940089007E00CE
:108BB000750070006A006500650068006C00720056
:108BC00079008000890093009A00A200AB00B200F7
:108BD000B700BB00C000C300C700C800CD00D40070
:108BE000D900DE00E500EC00F200F800FD00030112
:108BF00007010B010E01100111010E010B0106010D
:108C00000201FD00F800F300EF00EB00E800E600D1
:108C1000E700E800EB00EE00F100F300F600F600DC
:108C2000F700F800F600F500F100EB00E500DD00CC
:108C3000D500CD00C700C000B900B400B000AC0042
:108C4000A700A300A0009D009900950091008F004F
:108C50008B008700830081007F007F007E00800002
:108C60008300860089008E00940098009D00A30078
:108C7000A800AB00AF00B200B400B700B900BB0061
:108C8000BE00C300C600CB00D200D900E000E60061
:108C9000EC00F200F800FC000101040106010701EC
:108CA000060104010101FE00FB00F700F200EE00E6
:108CB000E900E500E100DE00DB00D800D500D100CE
:108CC000CF00CB00C800C500C300BF00BC00BA0085
:108CD000B800B500B400B300B300B300B400B500F1
:108CE000B600B700B800B900BA00BA00BB00BC00BB
:108CF000BE00C000C100C300C600C900CB00CD004B
:108D0000CE00CF00CE00CE00CD00CC00CA00C800FF
:108D1000C500C200BF00BD00BA00B900B800B8006D
:108D2000B700B800B700B800B900BA00BA00BA007E
:108D3000BA00B900B900B800B800B800B800B8006F
:108D4000B900BB00BC00BD00BF00C100C200C30031
:108D5000C400C500C600C700C700C800CA00CC00D8
:108D6000CD00CF00D100D400D800DC00DF00E4004B
:108D7000E800E900EB00F200F600F100F000F2007C
:108D8000F200F200F000EC00EC00EA00E700EA007C
:108D9000E800E300E700E800E000DC00D600CD00DA
:108DA000C500C200BC00B700A700AD00A800A70026
:108DB000A800A0009B009A0095008E0090009200F1
:108DC0008F00910090009200990097009D009D00F7
:108DD000A300A600A700AE00B200B400B600BB001E
:108DE000C200C300C600CF00CB00D600D800D80018
:108DF000E100E300E100E500E900EA00EB00EE003D
:108E0000EA00EE00F000EC00ED00EE00EC00ED00FA
:108E1000E900EA00E900E600E600E600E300E6001B
:108E2000E200E300E100E000DE00D900D500CE0062
:108E3000CB00C300BF00BD00B600B300B400AF005C
:108E4000AA00AA00A800A700A500A400A400A400EE
:108E5000A400A400A300A300A600A900A900AB00E1
:108E6000B100B300B400BC00BE00C200C600C9001F
:108E7000CC00D000D000D300D500D800D900DA0053
:108E8000DA00DA00DB00DB00DB00DB00DA00D9000F
:108E9000DA00D800D700D400D400D200D200CE002F
:108EA000CB00CA00C900C500C400C200C200C00097
:108EB000BE00BE00BC00BB00BA00B900B800B700DD
:108EC000B800B600B500B700B800B700B700BA00E8
:108ED000BB00BC00BF00C200C400C800C900CE0077
:108EE000D100D300D500D800DA00DC00DE00DE00BF
:108EF000DF00DF00E000DF00DF00DC00DC00DB0083
:108F0000DB00D900D700D600D400D300D200CF00B8
:108F1000CD00CB00CA00C600C400C200BF00BE0026
:108F2000BC00BA00B900B700B600B400B300B3008B
:108F3000B200B200B000B100B100B000B000B100AA
:108F4000B200B100B300B600B600B700B900BA0075
:108F5000BD00BD00BE00C100C400C500C700C900FF
:108F6000CB00CD00CF00D100D200D500D600D70075
:108F7000D900DA00DB00DB00DB00DC00DE00DD0016
:108F8000DE00DD00DD00DC00DC00DB00D800D90005
:108F9000D700D700D400D500D200D000CE00CD003D
:108FA000CC00C900CA00C800C700C600C400C30086
:108FB000C100C100C000BE00BD00BC00BB00BA00C3
:108FC000B800B800B600B600B500B500B500B500F1
:108FD000B500B500B600B700B900BA00BC00BD00CE
:108FE000C000C100C300C400C600C600C900CC0058
:108FF000CB00CE00CE00D000D000D100D300D300F3
:10900000D400D400D500D400D500D300D400D200C1
:10901000D200D100D100D000CF00CE00CD00CC00D6
:10902000CA00C900C800C600C500C400C300C10012
:10903000C000BF00BF00BE00BD00BD00BD00BD0040
:10904000BE00BD00BF00BF00BF00C000C200C30023
:10905000C400C400C600C700C800C900C900CC00D5
:10906000CC00CD00CE00CE00CE00CF00CF00D0008F
:10907000D000CF00D000D000D000D000CF00CF0073
:10908000CE00CE00CD00CD00CD00CC00CC00CB007A
:10909000CA00C900C900C800C700C600C500C40096
:1090A000C300C300C200C100C100C000BF00BF00B8
:1090B000BF00BE00BF00BF00BF00BF00BF00BF00B9
:1090C000C000C100C100C200C200C200C300C30092
:1090D000C500C600C700C700C900C900CB00CB004F
:1090E000CC00CC00CD00CE00CE00CE00CE00CE0015
:1090F000CE00CE00CE00CD00CD00CD00CC00CC0007
:10910000CB00CB00CB00CB00CB00CB00CB00CB0007
:10911000CB00CB00CA00CA00CA00C900C900C90000
:10912000C800C900C800C800C700C700C700C60003
:10913000C500C600C400C400C400C300C300C3000F
:10914000C200C200C200C100C200C100C200C20011
:10915000C200C200C200C300C300C300C300C400F9
:10916000C400C400C400C400C500C500C500C600DA
:10917000C700C700C700C800C800C800C900CA00AF
:10918000CA00CA00CB00CC00CC00CD00CD00CD0081
:10919000CE00CE00CE00CF00CF00CF00CF00CF005A
:1091A000CF00CF00CF00CF00CE00CE00CE00CD004C
:1091B000CD00CC00CB00CB00CA00C900C800C7005E
:1091C000C600C600C500C400C300C300C200C20080
:1091D000C100C100C100C000C000C000C000C0008C
:1091E000C000C000C100C000C100C100C100C20079
:1091F000C300C300C300C400C400C500C500C6004E
:10920000C600C600C700C800C800C800C800C90022
:10921000C900CA00CB00CB00CB00CB00CB00CC00F8
:10922000CC00CC00CB00CC00CC00CC00CC00CB00E0
:10923000CB00CA00CA00CB00CA00CA00C900C900DE
:10924000C900C800C800C800C800C700C700C700E0
:10925000C700C700C700C600C600C600C600C600DB
:10926000C500C500C600C600C600C600C600C600D0
:10927000C700C700C700C800C800C800C900C900AF
:10928000C900C900C900CA00CA00CB00CB00CA008F
:10929000CA00CA00C900CA00C900CC00CD00CA007B
:1092A000C800C900BB00BE00D400CA00BA00C60096
:1092B000D200B500BD00D300BC00BC00BE00CF0092
:1092C000D300EC00DC00C100DB00B900A700A40063
:1092D000A0009600EF00DB00CB00BB00CF00D40065
:1092E000C100E600D500D500A7008F00C700BA0076
:1092F000DF00C900BC00C300BB00C200BC00AC0062
:10930000D300B300C900CB00E300DC00BA00EA00E0
:10931000CE00D800AB00C700F4000201EE00C90087
:10932000EF00DD00D000BF00DC009C009B00A3002C
:10933000C4009700CD00A400BE00CD00D200B7004D
:10934000B200DD00DA00B600D500D800D400E80095
:10935000E800D600E500D900B900D300BD00AC009C
:10936000C000B800B100A200A500CF00BC00E10021
:10937000E000D400C900BA00B400AD00BE00AB00EC
:10938000AC00D400E200C900CC00D300DE00DB005A
:10939000CB00DB00CF00CD00A700A700B200CC00BF
:1093A000D100CC00D100D600DA00BD00C000B7006B
:1093B000C100B800D600C600DA00CC00D300D3004C
:1093C000CB00F700CA00D500C800BD00BD00BA0040
:1093D000B000B900B600B800C600CD00D400DA0075
:1093E000CE00D900E700C800D100C800BC00D00002
:1093F000C900CC00C900C700BD00B900C100C3004E
:10940000C200BE00CC00D000C800C600D400CC0012
:10941000CA00C500C400CB00D300C900C600BE000E
:10942000BB00B600BD00C500BC00D300C500CE0027
:10943000CF00C100C400BF00BC00C800CA00C90002
:10944000BE00C100C600C900BD00CC00C500CC00F4
:10945000C100CB00C700C700CD00BF00CF00C900CE
:10946000CC00CB00CA00C200C400C400C900C000C8
:10947000C400C700BF00C700C600C500C700C300C6
:10948000CB00C600CE00CA00C400C400D300BD009B
:10949000CA00BC00CE00C100CA00C500C700CC0095
:1094A000CB00CC00C000BE00CB00C900C900C80082
:1094B000C600C600CD00C200C800D500CB00C30066
:1094C000C800C600CA00BC00C700C600BD00C50079
:1094D000C500C200C400C700C700C000BB00C00078
:1094E000BC00C200C200C600C200C500CB00C9005B
:1094F000C500BF00C700C600C100C200C500BE0055
:10950000CF00CA00D100CC00CE00C800CD00CC00F6
:10951000C800CC00C800CB00CA00CE00C700CB00FA
:10952000CC00C600D000CA00CD00CD00C400CE00E3
:10953000CC00D000C600CA00C300C200C900C300EE
:10954000C400C800C200C300C500C600C500C800F2
:10955000C600C700C800CA00C500C800C800C700D0
:10956000C200C400C500C800C700C700C700C400CF
:10957000C500C500C600C600CA00C400CC00CC00AF
:10958000C800C600C800C900C700C900C700C9009C
:10959000CC00CB00CB00C600C900C800CA00CC007C
:1095A000CA00C900C900CA00D200CA00CD00C80064
:1095B000C400C900CA00C900C900C900C700C6006C
:1095C000C500C700C600C500C500C600C400C50070
:1095D000C500C800C600C800C700C600C400C4005B
:1095E000C200C400C800C700C400C700C800C8004B
:1095F000C200C800C900CA00C900C900C900C6002D
:10960000C900C800C900C600C800CA00C900C90016
:10961000C900CA00C800C700C700C700C700CA0009
:10962000C800CA00CA00C800C600C700C700C900F9
:10963000C800CA00C700C900C800C700C600C600ED
:10964000C500C400C500C500C500C500C500C400F4
:10965000C500C500C500C600C600C400C500C600E0
:10966000C500C700C600C600C700C800C800C800C3
:10967000C900C800C900C800C800C800CA00C900A5
:10968000CA00CB00CA00CB00CA00CB00CA00CB0086
:10969000CA00CC00CB00CB00CA00CA00CA00C80078
:1096A000C800C900CA00C800C800C700C700C7007A
:1096B000C600C600C700C600C600C700C600C60078
:1096C000C400C500C500C500C400C500C500C50074
:1096D000C500C500C600C500C500C500C400C70060
:1096E000C600C700C600C600C600C600C600C70048
:1096F000C700C700C800C800C800C900C800C8002B
:10970000C800C900C900CA00C900C900C800C90012
:10971000C900CA00C900C900C900C900C900C90000
:10972000C900C900C800C900C800C800C800C800F6
:10973000C800C800C700C700C700C700C800C700EE
:10974000C700C700C600C800C700C800C800C700DF
:10975000C800C700C700C600C700C600C600C700D3
:10976000C700C700C900C800C700C700C700C800BD
:10977000C800C600C700C800C600C600C500C700B4
:10978000CA00C700C700CA00C700CD00CA00CA008F
:10979000C700C900C500C200CB00C600C400CE008F
:1097A000CD00C900C900C800C700C400C400C9007A
:1097B000C700CE00CB00CD00CD00CE00C900C80050
:1097C000CD00C600C700C700C600C800C300C10066
:1097D000C700C800C500CA00C800CA00CC00C90044
:1097E000CB00C800C600C500C500C900C700CB003B
:1097F000CA00CD00D000CC00CF00CF00CF00C90000
:10980000C600C900C800C700C400C200C800C90023
:10981000C300C400C700C800C600C700C500C80018
:10982000C800C800C600C800CC00C900C800CA00F3
:10983000C500C600C500C600C500C400C500C500FF
:10984000C700C600C800C600C700C900C600C500E2
:10985000C600C300C500C500C600C600C800C500DC
:10986000C700C800C600C600C700C800C800CA00BC
:10987000C900C900CA00C900C900C800C500C900A4
:10988000C600C600C800C900C800C600C800C9009C
:10989000C800C900C800CD00C800CD00CC00C90078
:1098A000CB00C700C700C900C900C600C900C90075
:1098B000C900C400C700C800C900CC00CA00C90064
:1098C000CA00CA00CA00CB00C700C900C700C80050
:1098D000C900C900C600C600C400C600C700C70052
:1098E000C700C900C800C800C700C800C800C5003C
:1098F000C500C800C700C700C300C400C100C40041
:10990000C200C700C400C200C900C700C400CA002A
:10991000C600C500D000C500CD00C700C700C90003
:10992000C700C300CB00C400C800C800C500C80001
:10993000CB00C800C600CC00C400C900C200C900EA
:10994000CD00C000C900C700C800C900C600C600DD
:10995000C300C600CB00C000CA00C100C300C700DE
:10996000C400C500C300C800C300C500C800C600CD
:10997000CA00CA00C800CA00CE00C100CA00C9009F
:10998000C900CA00C600C700CA00C400CE00C70094
:10999000C200CF00CC00CA00CB00CA00C700CC0078
:1099A000C700CA00CB00C500CF00C800C800CD006A
:1099B000C900C200C600C800C700C700C900C70070
:1099C000C800C500CB00C600CC00CC00C900C60052
:1099D000CE00C500C700C500C400C500C200C70056
:1099E000C400C300C600C200C700C800C200C9004E
:1099F000C600C800C900C600C800CA00C700C6002B
:109A0000CA00C800CB00C800CB00C800C800CA000C
:109A1000C700C800C600C500CC00C500C500C8000E
:109A2000C700C400C700C500CA00C700C800C900FD
:109A3000C900CA00C700C900C600CA00C900C700E3
:109A4000CA00C600C800C500C900C700C700C700DB
:109A5000CB00C900C900C800CB00C800C900C900BC
:109A6000CA00C800C700C900C800C800C600C500B9
:109A7000C600C500C600C700C800C700C600C600B3
:109A8000C800C700C600C700C600C800C700C6009F
:109A9000C600C600C800C700C700C700C700C7008F
:109AA000C800C700C800C800C800C800C800C80077
:109AB000C700C800C800C800C800C900C800C80066
:109AC000C800C800C800C700C800C800C800C70058
:109AD000C800C800C700C700C800C700C700C7004B
:109AE000C700C800C700C800C700C700C700C8003B
:109AF000C700C700C800C700C800C800C700C7002B
:109B0000C800C700C700C700C700C800C800C7001A
:109B1000C800C800C800C800C800C800C800C80005
:109B2000C800C800C800C800C800C800C700C700F7
:109B3000C700C700C700C700C800C800C800C800E9
:109B4000C700C800C700C800C800C800C700C700D9
:109B5000C700C700C700C700C700C800C800C700CB
:109B6000C800C800C800C800C700C800C800C800B6
:109B7000C800C800C800C800C800C700C800C700A7
:109B8000C700C800C800C800C700C700C700C7009A
:109B9000C700C700C700C700C700C700C700C7008D
:109BA000C700C700C700C700C700C700C700C7007D
:109BB000C700C700C800C700C700C800C800C80069
:109BC000C700C700C700C800C800C800C800C80058
:109BD000C800C800C800C800C800C800C800C80045
:109BE000C800C800C800C800C800C800C800C80035
:109BF000C800C800C800C800C800C800C800C80025
:109C0000C800C700C800C800C700C800C600C5001B
:109C1000BD00C700CB00C600C800C800C900C7000F
:109C2000C500C900C700C700C900C600C900C800F8
:109C3000C500C800C800C500CA00C900C900C800E6
:109C4000C700C800C800C800C700C700C900C500D9
:109C5000C700C800C500C800C700C700CA00CA00C6
:109C6000C200C700BA00BB003700270090004B00BD
:109C7000C900F000DF008B018F018F017401940097
:109C80001700B6001901A200050000000100010044
:109C900022001E007A0012018F018F018F018E01B8
:109CA0008E018F018F015A01A10067003F00010062
:109CB00000000000000000000000010029006D000D
:109CC0006E00A10052018C018B0185018E018F0174
:109CD0008F018E0169011901A400B50027001A0047
:109CE000000018000000090029007E007C00B70079
:109CF000D900150154011B015E0163018701820136
:109D000071018001C600A9007200CC005E007300E2
:109D10006900550088008A00D60058000301A2009F
:109D20000B01CA003201B9002401280140010001E1
:109D3000CB00AC00D500AF009E00B500B500CC0054
:109D4000D400BD005B001D005E00C90027010C01AE
:109D50002301C300D500DE00C1001201EE00200186
:109D60000701CA00C300E8009F00B20089008A0012
:109D70009C0089007B0095008500C300030107015A
:109D8000F200A100A5007600C700E70090007B006C
:109D9000110199005F00AB008F00B400B900F8001A
:109DA000C300AB00FD00D100D600DC00DA001A01D0
:109DB000C700BB00E400CE006B009800790098005B
:109DC000BD007400AD0078007600EC00F400CE0019
:109DD000FF00D000F7001201EA00ED000A01E800E0
:109DE000FA000201C9008B009100DB00A900A1006C
:109DF0008B0092009400DA00AB00C200E400F30094
:109E0000FD00E000D300EA00DC00DA00ED00E10034
:109E1000D000DE00CD00D000DD00B4009700AF0020
:109E2000B100D600CE00A500D000CD00F800C900DA
:109E3000DF00D3000501FE00FA00E300F500DF00BB
:109E4000BD00E000AD009F00C1009100B20097008E
:109E5000D400AC00A30006017E00C8001B01F8007E
:109E6000E2000F01B300C600E200EF00B800C0003E
:109E7000B00096009B0076007B00C000A700D200D7
:109E8000D500C100E200E100E600FB001101E200A4
:109E9000E300CC00C800B900A7009400870095003B
:109EA0009300A300A200AE00BC00C300C100BE002E
:109EB000D800E200DA00F100E800F100E400C4009C
:109EC000CF00D000AE00950099009600A700A60034
:109ED0009C00A700B500C700C400CB00D300EB0076
:109EE000EC00F200EE00CE00DB00DD00BD00C6009D
:109EF000B000BB00A600A4009C00B200AA00AD0008
:109F0000BA00B500D700D700D700E600F900E90095
:109F1000E600FB00E400C500D8009900CF00AF00C8
:109F2000AF009D00A9009700BB00BF00BA00BD00B4
:109F3000C400DD00E100F100E400ED00E500DD001B
:109F4000DF00D300B300BC00C000AB00AE00A10036
:109F5000AF00B900BF00C300D000DB00D400E200B6
:109F6000F000E700E400DC00D700D700CB00C6001B
:109F7000BC00BD00B600B300B600B600BC00BF0018
:109F8000C200CB00D200D300DD00E200E000DC0024
:109F9000DE00D500D100C800C700BD00BD00BB0079
:109FA000B200B600C500BA00B800C400CA00CA00BA
:109FB000D100D400D800DA00DC00DB00D400D600E9
:109FC000D300CB00CA00CA00C400BE00B600B00077
:109FD000B600BD00B900B800C100C200C800CF0083
:109FE000CE00D100D300D300D400D200CE00C700F1
:109FF000CA00C800C200C200BD00B900B900BC0060
:10A00000BE00BD00BD00C400CA00C900CC00CD0028
:10A01000D100D000CF00CF00CC00C700C700C300E4
:10A02000C200C100C300BE00BF00C100C400C30025
:10A03000C300C700C900CB00CD00CB00CE00CC00D0
:10A04000CD00CB00CA00C800C700C300BF00C000DD
:10A05000BE00C100BF00C200C200C400C500C600EF
:10A06000C800C900CB00CD00CC00CC00CD00CC0096
:10A07000CB00CB00C800C600C700C700C500C200A7
:10A08000C100C200C200C400C200C100C500C600B9
:10A09000C900C700CA00CA00CC00CE00CD00CB006A
:10A0A000CB00CA00CB00C900C800C500C400C40072
:10A0B000C400C400C600C600C600C700CA00CB006A
:10A0C000CA00CD00CC00CB00CC00CA00C900C8003B
:10A0D000C700C800C600C500C400C500C400C50054
:10A0E000C800C700C900CC00CE00D000CF00D0000F
:10A0F000CF00D000CF00CF00CE00CB00CA00C700F9
:10A10000C800C600C600C500C500C400C500C70021
:10A11000C500C700C800C900C800C900CA00C900FE
:10A12000CA00C700C800C700C600C500C400C400FC
:10A13000C200C000C000C100C200C100C100C30015
:10A14000C300C600C300C500C700C600C600C700E4
:10A15000C600C600C600C400C300C500C500C500D7
:10A16000C400C400C500C800C900CA00C600C800B9
:10A17000CB00CA00CB00CB00CA00CA00CA00CB008B
:10A18000C900CA00C900CA00CB00C900C900C80084
:10A19000C900C900C900C700C800C800CD00CD0073
:10A1A000C900CA00CC00CC00CC00CC00CC00CD0053
:10A1B000CD00CA00C500C800C500C500C400C60067
:10A1C000C500C900C700C800C800C700CA00C80051
:10A1D000C700CC00CA00C900C700C900C500C6003E
:10A1E000C400C300C700C400C500C500C200C5004C
:10A1F000C500C400C600CA00C800C600C800C80028
:10A20000C700C600C700C500C700C600C400C20022
:10A21000C600C500C400C500C600C700C400C80011
:10A22000C600C500C600C700C800C800CA00CA00F2
:10A23000CA00C900C500C600C300C400C400C400F1
:10A24000C500C300C600C500C700C800CA00C700DB
:10A25000C600CA00CA00CA00CB00C700C900CA00B5
:10A26000C700C800C900C800C800CA00C600C900AD
:10A27000C800C600C800C800C700CB00CC00CA0098
:10A28000CA00CB00CB00CB00CA00CA00CB00C9007B
:10A29000CA00C800C800CA00C800C800C900C90078
:10A2A000CA00C800CA00CA00CB00C800C800C90064
:10A2B000C900C900C600C600C600C600C500C2006D
:10A2C000C300C500C400C400C500C500C500C60069
:10A2D000C600C700C700C700C800C900C900C70042
:10A2E000C700C700C600C600C600C600C600C6003C
:10A2F000C600C800C600C600C700C600CA00CB0022
:10A30000C900C800C900CA00CB00C900C800C90004
:10A31000CA00C800C600C800C700C700C600C60003
:10A32000C800C600C600C600C800C900C700C700F4
:10A33000C600C700C700C600C500C600C600C500ED
:10A34000C500C600C600C600C600C600C600C700DD
:10A35000C800C700C800C800C900CB00C900C900B8
:10A36000C800C800C900C800C700C800C700C800AE
:10A37000C700C700C800C800C700C800C800C9009F
:10A38000C900C900CA00CA00C900C900C900C90083
:10A39000C900C900C800C700C700C600C900C60080
:10A3A000C700C600C500C800C800C900C700C80073
:10A3B000C900C700C800C700C600C900C800C9005E
:10A3C000C600C500C600C800C800C700C700C60058
:10A3D000C700C900C900C700C800C800C800C8003D
:10A3E000C900C700C700C700C700C700C900C70031
:10A3F000C700C600C800C800C900C700C600C70023
:10A40000C900C900C700C700C800C800C900C8000B
:10A41000C700C600C700C700C700C600C700C50008
:10A42000C700C700C700C700C600C500C700C800F6
:10A43000C800C700C700C800C800C900C800C800DD
:10A44000C800C800C900C800C700C700C800C900CC
:10A45000C800C800C800C700C900C800C800C800BC
:10A46000C800C900C900C800C800C800C800C800AA
:10A47000C800C800C600C700C700C800C700C700A2
:10A48000C700C800C700C700C700C700C700C70093
:10A49000C800C800C700C700C700C700C700C70082
:10A4A000C700C700C700C700C700C700C700C70074
:10A4B000C700C700C800C800C800C800C700C8005F
:10A4C000C800C800C700C700C700C800C800C8004F
:10A4D000C700C700C700C700C700C700C700C70044
:10A4E000C700C700C700C800C700C700C800C70032
:10A4F000C900C700C800C700C700C800C800C8001E
:10A50000C700C800C700C800C700C900C900C8000C
:10A51000C700C800C900C900C900C700C700C800FB
:10A52000C800C800C800C700C700C700C800C700EF
:10A53000C700C800C700C800C800C800C800C800DD
:10A54000C800C700C800C700C700C700C700C800D0
:10A55000C800C700C700C700C700C900C800C800BE
:10A56000C600C700C700C800C700C800C700C700B2
:10A57000C700C800C800C800C800C800C800C9009B
:10A58000C800C700C800C800C900C700C600C7008F
:10A59000C800C800C700C600C600C700C900C80080
:10A5A000C700C800C800C800C900C700C700C7006E
:10A5B000C800C700C700C700C600C700C700C70063
:10A5C000C600C600C600C700C800C800C700C70054
:10A5D000C800C800C900C800C700C800C800C6003D
:10A5E000C900C800C800C700C800C900C800C7002B
:10A5F000C700C800CA00CA00C800C900C600C7001A
:10A60000C800C800C800C600BA00B300B400B80053
:10A61000C700C700D400E500E700E400CE00AD00AD
:10A62000960087009F00D4000E01E5001B018D01FC
:10A630008F017F0177013001AF0036000C00190057
:10A640000B0003000100010007002200E9004C019B
:10A650006A0173017201780185018A018601210175
:10A66000A1003000160014001700150008001000AB
:10A670002E009000F30050018F018F018F018D019A
:10A680008E018C018E0185016B012501BE008E00BB
:10A690005D0020002C0025003D003D006000910081
:10A6A000DD00DF00FC000801DE00CB009100880027
:10A6B000490016000E001F001B002A00360056003D
:10A6C0006C008500AF00B600AB00A700A600A1009B
:10A6D000B3006F0088007C009200A5009400D800B1
:10A6E000BA009C009400B400CC00C600ED00E2006B
:10A6F00002010F012301360134013E0153016401BF
:10A7000060017A0165016901750185017A018301A2
:10A710008A018F018F018F0189016A016C01660135
:10A72000610113010601F3000401F400F300DE00EF
:10A73000C000D700E000DA00C800C800B900AD00D2
:10A74000B70080006E0053000F0000000000000002
:10A7500000000000000000000000000000000000F9
:10A7600000000000080024004E0062007000640039
:10A770008800B300D300F60008010F010001250195
:10A780000E011B0101010D010F0104010A01E70087
:10A79000E600DC00F0001E0127014A0134014001FF
:10A7A00034013E0158012B014C012F013B011F01D7
:10A7B0002701210124012E01280161014F016101BE
:10A7C0005C0164017B0163017C016D015D012F016E
:10A7D00018010A01D600B200940082005A003C0021
:10A7E00033002E00230005000F001B002000300066
:10A7F000460064004C004C005C0060007C006B0074
:10A8000073008E008A00A6009600B500BE00C1004D
:10A81000CB00E200F200FB000A011B01FF00FF0079
:10A82000F700F900E800EC00E100E300C700AA002F
:10A83000B800C100BC00CA00E800E200E100E0008E
:10A84000CA00CA00D000D100E500E900EE00DC003B
:10A85000DD00D800DD00F100E900FF00F200E600B5
:10A86000F700DA00DD00D100DB00C700DF00D70011
:10A87000CA00D500D400CA00C600C400C600C20089
:10A88000D700C700B100C400B200CC00CA00C700A6
:10A89000B700C800BA00BD00BE00CE00A400AB00E7
:10A8A000A3009C0091008600840074006100760083
:10A8B0005E0046006A0068006D00720088007C003F
:10A8C00098009600A1009F00AA00CC00C100B7002C
:10A8D000C400D700D600CE00E500EB00EC00F70086
:10A8E000FD000B01100119011A0128013001380186
:10A8F0003A0126012B0128010F010701040104017F
:10A900000501EC00F000DD00DF00D600D900E30017
:10A91000DF00E700EA00FD00DB00E100E600F000F8
:10A92000EA00E500E400DA00D500C100C400B80088
:10A93000B400BC00C600B700B200B4009B00980091
:10A94000980082007D00910085007C008B007300E0
:10A95000670085007A0075008000820080008E000C
:10A9600090008A008C00A700A600B100A800AC00EF
:10A97000B800BC00BD00C900BD00C400BF00CB00D2
:10A98000C800D300D300DF00DF00EF00E900F700CC
:10A99000F8000501FA000701FD0015010F010B0188
:10A9A00005010301FA0001010401F800F900F500B6
:10A9B000F500EC00D900D900DB00E100D400DB0099
:10A9C000CD00BB00C000C500B500B700B100B600A7
:10A9D000AD00AC00A000AA00A300A800AA00B80027
:10A9E000AB00B100B500A900B200BA00C500D400A8
:10A9F000D700D000C700C300D200D100D400D900D6
:10AA0000D100C600C200BD00B100AB00AA00C10069
:10AA1000AB00AB00A400AE009A0099009700AA001A
:10AA2000AC00A700A600B000AF00B500AA00B300BC
:10AA3000B700B400B900C400D100C500BF00D70002
:10AA4000DA00DE00DA00F200E600EF00E900F700CD
:10AA5000EF00E800EC00F500F200F600ED00F30076
:10AA6000F200E700EE00F500F500F400F300F4005A
:10AA7000F700FF00EA00E300D600DC00CE00D500BE
:10AA8000C900CA00B400CB00C200C100C300C500A9
:10AA9000BD00BC00B300AE00A300A200A700AE0042
:10AAA0009B009800A0009B008A00880089008F000E
:10AAB000980095009A009C0098009400A200A900BC
:10AAC000A800AD00B600B300B300BD00C200D900BD
:10AAD000D000DD00CC00D700E000DE00E200EB009B
:10AAE000F400F500F400F700E600E400E800EE00F2
:10AAF000E000EE00EA00E100DD00D600CA00DA0066
:10AB0000DB00D600C700D200CE00CE00C600BE00DB
:10AB1000BA00B700C400C100C600C100B000B70051
:10AB2000C000BD00B300BB00C800C600C800C00024
:10AB3000C100C500C300BF00C200C700C400C500FB
:10AB4000C100C000C600C500D100D400C500D500BA
:10AB5000C700CD00C600C900C500CB00CF00D000A3
:10AB6000D400D000C400CB00D100E100D000D1005F
:10AB7000DC00D200D100BE00C800C600CA00CB0075
:10AB8000C500C500C400C500B000B100B200B500EA
:10AB9000BA00B700B200B000A500A200AD00A4004A
:10ABA000A100AB00A900AE00A800A300A900A70067
:10ABB000C000B000BF00C300CA00BA00C600D40085
:10ABC000D200D900E400E500DF00DC00E500DF0092
:10ABD000E100E700EC00EF00EE00EE00F100EB001A
:10ABE000EA00EA00F300E900F000E900E700D9001C
:10ABF000D800D800D900D900D800D500D200D100A3
:10AC0000C400BF00C100BA00B500BD00B500AF0070
:10AC1000A500A100AC00A600A700A700A7009F0008
:10AC200095009E009500A100A800AE00BC00BD00EC
:10AC3000B300B600B800B900BB00C800CC00CE001D
:10AC4000CB00CD00C800CC00CE00D300D900DE0080
:10AC5000E200DC00DC00D500D800D900DC00EC000C
:10AC6000E700E700E400DA00D700D800DE00DF00EC
:10AC7000DA00D800DB00CF00C500C700C700C50060
:10AC8000C600C700C500C600BE00B500BA00BB00C4
:10AC9000BB00B600B500BB00B900B600B000B40000
:10ACA000BC00BD00BB00B900B600BB00B600BC00D4
:10ACB000BC00C000BB00C300C800C700C500C7007F
:10ACC000CB00D000C900CC00D000CB00C700C7002B
:10ACD000CB00D000CC00D300D900D900D400CF00E5
:10ACE000D800D400D200D400D700D300D000CE00CA
:10ACF000CF00D000CD00CF00D700D700D200D300C6
:10AD0000C900C300C500C000C800CA00C900CA000D
:10AD1000BC00BE00B700B900B700BB00C200BC0059
:10AD2000BF00B400B400AF00AF00B800B800BA0074
:10AD3000C000BE00C300BF00B800C100C500CF0006
:10AD4000C800CC00CA00CA00D100CC00C900CB00AA
:10AD5000CE00D200D200D000D600D100D500D7005E
:10AD6000D900D200D200DB00D300CF00D000CD004C
:10AD7000CD00CF00D100D300CE00C800CA00C7006C
:10AD8000BF00C000C500C800C100BE00BB00BD00C0
:10AD9000C400BC00BF00C000BA00BB00C100BB00C3
:10ADA000BA00B600BA00C100C000C000BE00C100B9
:10ADB000BF00C200C400C600C700C800CA00C70068
:10ADC000C800C900CB00D500CF00CA00CA00CB0024
:10ADD000CA00CB00CE00CB00CE00CE00CD00D2000A
:10ADE000CE00C800CA00CB00CD00CC00D000CC0003
:10ADF000CD00C900C700C800C700C600CE00C9000A
:10AE0000C800C600C900C100C200BF00C300C20024
:10AE1000BF00C300C100C200BF00C400C200C10027
:10AE2000C700C700C900C900CC00CC00C700C500DE
:10AE3000C800CB00CA00C900C600C400C700C900D2
:10AE4000CA00C800C400C600C400CB00C500C600CC
:10AE5000C400C600C400C100C600CA00C600C700C6
:10AE6000C900CA00CC00CE00CD00D200CF00CF0078
:10AE7000D000CD00C700C400C400C700CA00CB008A
:10AE8000C800CE00CA00C900D000CD00C800C9006B
:10AE9000CE00CD00CD00CB00CE00CB00C900C90054
:10AEA000C900C800C400C200C100BC00BE00C2008E
:10AEB000BD00C000BF00BF00C400C500C200C2008A
:10AEC000BE00BF00BF00C100C100C200C100C4007D
:10AED000C500C400C800C800C700C900C900CB0035
:10AEE000CA00C800C700C600C500C900C800C60027
:10AEF000CB00CF00CD00CE00CF00CD00CD00CB00E9
:10AF0000C900CC00CC00CF00D100D000D200CF00CF
:10AF1000D200D200D100CE00CD00D000CB00C900BD
:10AF2000C800CA00C800C700C700C700C900C700E2
:10AF3000C400C300C700C700C200C200C500C400EF
:10AF4000C400C400C100C100C400C000C200C500EC
:10AF5000C400C200C100C200C100C100C100C400E1
:10AF6000C700C800C800C900C800C700C400C500A9
:10AF7000C700C500C500C500C500C600C500C800A3
:10AF8000C800CA00CC00CC00CD00C900C800C90070
:10AF9000CA00CA00CA00CB00CC00CB00C900CA005E
:10AFA000CA00C900C700C500C600C400C300C40071
:10AFB000C500C600C700C700C600C600C800C5005F
:10AFC000C800C800C800CA00C700CD00C800C5003E
:10AFD000CE00C300D900D100D100B900BB00BA0037
:10AFE000CC00CA00D800CF00CD00C300B700B60027
:10AFF000D100D500CE00F600F700B700A1009D00FB
:10B000009E00B700BF00C600D100C600BE00BE0053
:10B01000F400F900CD00A200AC0096009F00D10022
:10B020009000A300CC00D700F800A000AA00DC002C
:10B030009F009000B000A800DA00D700E90092005D
:10B04000C400A600A600C100DC00A600B100D1002B
:10B05000A600F400E800ED00E900C100D600B90048
:10B06000B800D4000401F100E000C900D400BE0023
:10B07000BF00C8000001D500DD00E200CC00C30025
:10B08000FB00AC00D900BB00DF00CA009400A500A3
:10B09000C700B800AF00CE00CE00C900D000EB0062
:10B0A000E700FA00C600E900BB00B800B600BF0028
:10B0B000C200CB00C500BE00E300DF00D400DA0010
:10B0C000C800D800D700C700B700A7009800C40088
:10B0D000B600C800CE00FF00EE00B700C100CB00F4
:10B0E000BE00B700D000D000C300D700C600D0001B
:10B0F000CC00D600BC00BC00B700B300AF00B0006D
:10B10000BA00D100C700C400BA00CC00CF00DB00F9
:10B11000D000C500C100BC00B700CA00BD00B90026
:10B12000C900D500B000CB00BE00CA00C800D800DE
:10B13000C300EB00DB00E900E500D200DA00C90043
:10B14000B400B800BD00B600C300C100BE00A70037
:10B15000C300D100D100D100CF00DF00C500D20074
:10B16000C900C900D500C100C900C200C400C200A6
:10B17000B900C400BE00C900C200D000DC00CB0092
:10B18000CA00C800C700C600D400BB00B500CB0091
:10B19000D700CD00CD00D100C800CD00C800C1004F
:10B1A000CB00D500DB00C800C800CD00BF00C30045
:10B1B000CF00C200BF00C600BC00C300B900B3008E
:10B1C000C400BD00C000C900C800C600C600D3004E
:10B1D000D800D100C100BE00C000BF00C000BF0049
:10B1E000BF00C500C700C900CF00CE00CF00C60019
:10B1F000CB00D600C800CA00C200C100C100BC001C
:10B20000BB00C200BB00C400CB00C700CE00CD0015
:10B21000CC00CB00CB00C900C900C400CA00CB00E1
:10B22000C700BE00C000C200C200C000BF00C9000D
:10B23000CD00CC00C900C200C900C800C600C900CA
:10B24000CC00D000D100C900C600C800C600C400B0
:10B25000C900CE00D400D200CF00CE00CD00C9007E
:10B26000CB00C800C600C700C800C400C700C600A5
:10B27000C700C900CB00C500C500CA00C700CA008E
:10B28000CB00C900C800CC00C800CA00C900C80073
:10B29000C400C300C300C200BF00C000C400C2009D
:10B2A000C400C700C600C900C900C900CA00CA005E
:10B2B000CA00C800C500C400C500C300C300C30065
:10B2C000C500C800C900C700C900CB00CB00CA0038
:10B2D000CB00C800C800C900C500C400C300C70037
:10B2E000C600C600C700C700C700CB00CD00CB001A
:10B2F000CC00CC00CB00C800C700C600C500C5000C
:10B30000C600C400C200C600C700C500C700C60012
:10B31000C800C900C900C700C800C600C700C600F1
:10B32000C600C800C700C700C800C800C700C700E3
:10B33000C600C700C800C700C800CA00CB00CB00C9
:10B34000CA00C900C900C800C800C800CA00C900B6
:10B35000C900C700C800CA00C900C700CA00CA00A7
:10B36000CA00CA00C900C800C700C700C600C6009E
:10B37000C600C500C500C600C600C500C500C600A1
:10B38000C600C500C600C600C600C700C600C5008E
:10B39000C500C600C400C500C500C400C400C50087
:10B3A000C600C600C600C700C800C800C900C80063
:10B3B000C800C800C800C800C900CA00C900C90048
:10B3C000C900C900C900C900CA00CA00CB00CA0030
:10B3D000CA00CB00CB00C900C900C900CA00C80020
:10B3E000C800C900C800C800C800C700C800C9001C
:10B3F000C800C700C800C900C700C700C600C70012
:10B40000C600C500C500C600C600C600C600C6000E
:10B41000C700C600C600C700C800C700C600C700F6
:10B42000C800C800C800C700C800C800C800C600DF
:10B43000C700C800C800C600C800C900C900C900CC
:10B44000C800C800C900C800C700C800C800C600BE
:10B45000C700C700C600C700C700C800C700C700B4
:10B46000C800C800C900C900C700C500C700C500A2
:10B47000C400C700C600C500C800C700CA00CA0093
:10B48000C700C500C600C500C500C500C300C30095
:10B49000CA00C200C600CF00C900C900C400CA006B
:10B4A000CE00C400C800C500C000CC00C700BD006D
:10B4B000C900CF00C200CA00CD00CA00CB00CA003C
:10B4C000C500C700CC00C500C400C700CC00CB003D
:10B4D000C600C900C200C700C100BE00C700C70047
:10B4E000C900C900C400C800CC00C400C300C90022
:10B4F000CC00C900C200C800C200C100C700C10022
:10B50000C600CC00C700C400C800CC00C200C50003
:10B51000C800C600C400C500C400C900C900C600F8
:10B52000C900C700CA00D000C900C600CE00CB00C9
:10B53000C500CB00C700C800CE00C700CB00D100BB
:10B54000CE00C900C600C600CA00C500C600C400BF
:10B55000C500C900C900C700C900CD00CD00CA00A0
:10B56000CA00C900C500C500C300C400C300C700AD
:10B57000C600C600C900C500C700CA00C900C8008F
:10B58000C900CA00CC00CA00C900C800C700C60074
:10B59000C500C500C600C800C700C600CB00C80073
:10B5A000C700C900C600C600C700C600C600C60066
:10B5B000C500C400C700C500C500C800C700C90059
:10B5C000C700C600C600C600C600C700C800C90044
:10B5D000C900C700C800C800C600C500C700C50034
:10B5E000C600C500C600C800C700C700C800C80024
:10B5F000C900CA00C800C900CA00CA00C800C80003
:10B60000C800C800C800C700C900CA00CA00C900F5
:10B61000C900C800C900C800C800C900C800C800E7
:10B62000C900C700C700C800C800C700C800C800DC
:10B63000C700C800C700C700C800C800C800C800CD
:10B64000C800C800C700C800C700C700C700C700BF
:10B65000C700C700C700C700C700C800C700C800B0
:10B66000C800C800C800C900C800C700C700C7009C
:10B67000C700C600C500C700C600C600C800C60097
:10B68000C500C800C600C600C900C700C900C60082
:10B69000C700C500C600C400C900C500C600C70079
:10B6A000C700C700C900C600C800C800C800C8005D
:10B6B000C800C700C800C800C700C800C900C6004D
:10B6C000C800C700C800C700C800C800C700C8003D
:10B6D000C900C900C900CA00CA00C900C900C90020
:10B6E000C900C800C800C800C800C900C600C7001B
:10B6F000CA00C900C800C900C800C900C900C90003
:10B70000C800C800C700C800C700C700C700C700FE
:10B71000C800C800C800C700C800C800C700C700EC
:10B72000C700C700C600C800C700C600C800C700E1
:10B73000C700C700C600C600C600C800C700C700D3
:10B74000C700C700C500C600C800C700C700C800C2
:10B75000C600C700C700C700C700C700C700C700B2
:10B76000C700C700C600C800C800C800C800C8009D
:10B77000C800C700C700C800C700C800C800C8008C
:10B78000C700C800C700C700C700C800C800C9007C
:10B79000C800C800C700C800C800C800C800C7006B
:10B7A000C800C800C700C800C700C800C800C8005B
:10B7B000C700C800C800C800C800C800C800C8004A
:10B7C000C800C800C800C800C800C700C700C7003C
:10B7D000C800C800C700C800C800C800C800C8002A
:10B7E000C900C800C800C800C800C700C800C7001A
:10B7F000C700C800C700C800C700C700C700C7000F
:10B80000C700C700C600C700C700C700C700C70001
:10B81000C700C700C700C700C600C700C700C700F1
:10B82000C700C700C700C600C700C700C700C700E1
:10B83000C700C700C700C700C700C700C800C800CE
:10B84000C700C700C700C700C700C700C800C800BE
:10B85000C700C700C800C800C800C800C800C800AA
:10B86000C800C800C800C800C800C700C800C80099
:10B87000C800C800C800C800C800C800C800C80088
:10B88000C700C800C700C800C700C800C700C8007C
:10B89000C800C800C800C800C700C800C800C7006A
:10B8A000C700C800C800C800C800C800C800C80059
:10B8B000C800C800C800C800C800C700C800C80049
:10B8C000C800C800C700C800C800C800C700C8003A
:10B8D000C700C800C700C700C700C700C700C7002F
:10B8E000C700C700C700C700C700C700C700C70020
:10B8F000C700C700C700C700C700C700C700C70010
:10B90000C700C700C700C700C700C600C700C70000
:10B91000C700C700C700C800C800C800C800C800EA
:10B92000C800C800C700C700C800C800C700C800DA
:10B93000C800C800C800C800C800C800C800C800C7
:10B94000C800C800C800C800C800C800C800C800B7
:10B95000C800C800C800C800C800C800C800C800A7
:10B96000C800C800C800C800C800C800C700C80098
:10B97000C800C700C700C700C700C700C700C7008E
:10B98000C700C700C700C700C700C700C700C7007F
:10B99000C700C700C700C700C400C700CB00C00075
:10B9A000C900C100D000BF00D600C800CE00D10041
:10B9B000C600B000B000CC00B100C100F500CF005F
:10B9C000D100C100AD00A0006D006A00F300F900D5
:10B9D000FA0053018E018B016A015401F200B70095
:10B9E000460008000A0002000000000003000B00EF
:10B9F0004300E00031014F017E017C0174017F01B1
:10BA00008C016F010601980024001200100016003E
:10BA100008000A00070035008800EB0059018D017D
:10BA20008F018F018E018D018F018F0183014801EC
:10BA30001201D40090005A0032002900280048006A
:10BA40004F0057007200BA00DE00F3002201F5003B
:10BA5000DD00BB009F00710053002A0012002C0083
:10BA6000260022002B002D003F0050007D009C008E
:10BA7000AA009F009C009E009D008C008D00A800E5
:10BA8000B500B400AF00B1009B00AC00B700BF0030
:10BA9000BF00B300C500CD00E30004010C0120018C
:10BAA0003D0145015D0176018001770176018E013E
:10BAB0008C018E018F018F018F018F018D017C011F
:10BAC0007C0178015201460140011B0114010A0169
:10BAD000F800F300E200DA00DF00E400DC00E3003D
:10BAE000E600E400D800D700C500950068003E00DD
:10BAF0000600000000000000000000000000000040
:10BB000000000000000000000000000000001B001A
:10BB10002D00480060006D0081009D00BB00D40036
:10BB2000E600EC00FB000401FA0003010001020141
:10BB3000F300F300FA00F500F6000101000107012F
:10BB4000170110011E0133013C01400148014C0165
:10BB5000460148014601440137012F0135013701F3
:10BB6000380136013C0144014B0155015201540199
:10BB7000460143013301270115010501E600CA0012
:10BB8000AD0093007B006900560042004000360083
:10BB900035003B003F00420048004F00590068005C
:10BBA00078007E008A00900096009B00AB00B000F9
:10BBB000B600C100CD00D200DA00DE00E100E100F5
:10BBC000E200E000E200E200DE00D300CB00C000B3
:10BBD000B800B500AE00B100B500B800BC00C300AD
:10BBE000C900D100D300D600DD00DF00DE00DB009D
:10BBF000DA00D400D100D000CF00CE00D100D400B4
:10BC0000D700DA00DE00E000E300EB00E900EB0023
:10BC1000EE00EC00EA00E500E100DF00DD00DA0004
:10BC2000D700D500D400D300D100CD00D200D2007F
:10BC3000D300D400D200D300D100D000CD00CB007F
:10BC4000C600C100BB00B500AE00A5009E00960076
:10BC50008A00800076006E006A006700640067005A
:10BC60006B00700078007E00880092009900A100AF
:10BC7000A900B100B700BA00BF00C300C700C800E8
:10BC8000CD00D300D800DC00E400EB00F100F700A9
:10BC9000FD00020107010B010D010F0111010F0150
:10BCA0000C0108010301FF00F900F400F000EC00B2
:10BCB000E900E700E700E800EB00EE00F000F30029
:10BCC000F500F700F700F800F700F500F200ED00CE
:10BCD000E500DE00D700CE00C800C200BA00B50003
:10BCE000B000AC00A800A400A0009E009A0096003E
:10BCF000920090008B008800840081007F007F000C
:10BD00007E007F008300850089008D0093009800ED
:10BD10009C00A200A700AA00AE00B100B400B600CB
:10BD2000B900BA00BE00C200C600CA00D100D800E7
:10BD3000DF00E500EB00F100F700FB00000103016C
:10BD400006010701060105010201FF00FC00F700E2
:10BD5000F300EF00EA00E600E200DF00DB00D800BD
:10BD6000D600D200CF00CC00C900C600C300C0007E
:10BD7000BD00BA00B900B600B400B300B300B30010
:10BD8000B400B400B600B700B800B900BA00BA00F9
:10BD9000BB00BC00BE00C000C100C300C600C9009B
:10BDA000CA00CC00CE00CF00CE00CE00CD00CC002B
:10BDB000CA00C900C500C300C000BD00BB00B90077
:10BDC000B900B700B700B800B700B800B900BA00B2
:10BDD000BA00B900BA00BA00B900B900B800B8009A
:10BDE000B800B800B900BA00BB00BD00BF00C10078
:10BDF000C100C200C400C500C600C600C700C8001C
:10BE0000CA00CB00CD00CE00D100D400D700DA00AC
:10BE1000DF00E300E900E900F100EE00F100F100CD
:10BE2000F300F100EC00F100F100EA00EC00EF009B
:10BE3000EB00ED00E800E600E700DF00DE00DC00DC
:10BE4000D800D000C700C000BB00BC00B300A900F0
:10BE5000AC00A700A100A2009C00990098009100EE
:10BE60008D00920090009000910091009400990044
:10BE700099009C00A100A000A800AB00B200B50092
:10BE8000B300BC00BF00C300C700CB00CE00D00091
:10BE9000D600D900DB00E200E300E400EA00E9009C
:10BEA000ED00EC00EA00EF00F000EE00EE00ED0027
:10BEB000EB00ED00EC00E900EA00E700E400E80038
:10BEC000E600E400E400E200E100E100DF00DA0067
:10BED000D600D100CC00C500C000BE00B900B4003F
:10BEE000B300B200AC00AB00A800A600A500A30000
:10BEF000A400A500A400A300A300A600A500A8001C
:10BF0000A900AB00B000B100B400B900BE00C2008F
:10BF1000C500C600CB00D000D000D200D500D800AC
:10BF2000D800DA00DC00DB00DA00DC00DB00DB003C
:10BF3000DA00D900D900D800D800D500D300D2004B
:10BF4000D100CE00CB00CA00C900C700C500C200A6
:10BF5000C100C000BE00BD00BC00BB00BA00B900FB
:10BF6000B800B700B800B600B500B600B700B7001B
:10BF7000B600BA00BB00BD00BE00C100C400C700CF
:10BF8000C900CC00D100D400D500D700D900DC0016
:10BF9000DE00DC00DF00DF00E000DE00DE00DD00B0
:10BFA000DC00DB00DA00DA00D800D700D500D300CF
:10BFB000D300D000CD00CC00CA00C800C400C2002D
:10BFC000C000BF00BC00BB00B900B700B500B400A2
:10BFD000B300B200B200B100B000B100B000B000D8
:10BFE000B000B100B000B100B300B400B600B700BB
:10BFF000B800BA00BC00BD00BE00C000C300C50050
:10C00000C700C900CB00CD00D000D100D400D500BE
:10C01000D600D800D700D900D900DB00DB00DC0057
:10C02000DC00DD00DE00DD00DC00DB00DC00DB002E
:10C03000DA00D900D800D600D600D400D200CF0054
:10C04000CE00CD00CC00CA00C900C900C700C600A0
:10C05000C400C300C200C100C000BF00BD00BC00DE
:10C06000BA00BB00B900B800B600B500B500B40016
:10C07000B500B500B600B600B600B700B900BA000A
:10C08000BC00BD00BF00C100C300C400C600C700A3
:10C09000C900CA00CC00CD00CF00CF00D100D10034
:10C0A000D200D300D400D500D400D500D500D300F1
:10C0B000D400D200D300D100D100D000CF00CE00F8
:10C0C000CC00CD00CA00C900C700C700C500C4002D
:10C0D000C300C200C000BF00BE00BE00BE00BD0065
:10C0E000BE00BE00BD00BD00BE00BF00BF00C1005D
:10C0F000C100C300C400C400C600C600C800C80018
:10C10000C900CB00CC00CC00CD00CE00CF00CF00CA
:10C11000CF00D000D000CF00CF00D000D000D000A2
:10C12000CF00CF00CE00CE00CD00CD00CD00CC00A2
:10C13000CC00CC00CA00C900C900C800C800C600B5
:10C14000C500C400C400C300C200C100C100C000DB
:10C15000BF00BF00BF00BE00BF00BF00BF00BF00E8
:10C16000BF00BF00BF00C100C100C200C200C200CA
:10C17000C300C300C400C500C600C700C800C90092
:10C18000CA00CB00CC00CC00CD00CD00CE00CE004C
:10C19000CE00CE00CE00CE00CD00CD00CD00CD0033
:10C1A000CC00CC00CC00CB00CB00CB00CB00CB0034
:10C1B000CB00CB00CB00CB00CA00CA00CA00CA002B
:10C1C000C900C900C900C900C800C800C700C7002D
:10C1D000C700C600C500C500C400C400C400C30039
:10C1E000C300C300C200C200C200C100C200C1003F
:10C1F000C200C200C200C200C200C200C300C3002D
:10C20000C300C400C400C400C400C400C500C5000D
:10C21000C500C600C700C700C700C700C700C800E8
:10C22000C900C900CA00CA00CB00CC00CC00CD00B8
:10C23000CD00CD00CE00CE00CE00CF00CF00CF008D
:10C24000CF00D000D000CF00CF00CF00CE00CE0076
:10C25000CE00CD00CD00CC00CC00CB00CA00C90080
:10C26000C900C700C600C600C500C400C300C300A3
:10C27000C200C200C100C100C000C000C000C000B8
:10C28000C000C000C000C000C000C000C100C100AC
:10C29000C100C200C200C300C300C400C400C40087
:10C2A000C500C600C600C600C700C800C800C80058
:10C2B000C800C900C900CA00CA00CB00CB00CB002F
:10C2C000CB00CC00CC00CC00CC00CC00CC00CC000F
:10C2D000CC00CB00CB00CA00CA00CB00CA00CA0009
:10C2E000C900C900C900C800C800C800C800C7000C
:10C2F000C700C800C700C700C700C600C600C60008
:10C30000C600C600C600C500C500C600C600C600FF
:10C31000C600C600C700C700C700C800C800C800E4
:10C32000C900C900C900C900C900CA00CB00CB00C0
:10C33000CA00CA00CD00CD00CC00C900CC00D1009D
:10C34000C500D500CB00DD00CD00C100C400C90090
:10C35000AF005B0019008F005500BB003401B20034
:10C360008F018F018F018801AA001A00AE00080119
:10C37000DC000D000100000000001A002100700028
:10C380000B018D018E018F018E018E018F018E01B7
:10C390004E0198004B004C00010002000500020015
:10C3A00001000300010042007F008500BA00510136
:10C3B0008E018101840188018E018B018E013E0175
:10C3C000BE00B0006700130006000A000300010071
:10C3D000140027007A00BF00D900000158014D0168
:10C3E0005C0159018B0173018401750124018700EF
:10C3F00071005C00D8002A002C0065009F007E00C0
:10C40000A4008F009700CE0008016A0131010801E5
:10C41000780176014601410160019900A7007D0085
:10C4200084003C00B900B7005400AD008600400015
:10C4300007009600F70027013301F900F600F60027
:10C4400008010E01F9002E010D0101018D008B0084
:10C450008C00780065007A0080005400670054006A
:10C46000AA00EB00130150010A01DF00B100B00087
:10C47000DF00AD00EB00D000B700A000A0009B00E3
:10C4800058009800A900B300A200A0007800F400B2
:10C49000E3000C010A01CB000B01A700D200B90098
:10C4A000D100B800AD009700AE00DC007600B3000C
:10C4B0005D00E600B9008E000F01F7001A01EE00E2
:10C4C000E100F000D300E300F600E200EF00AE0070
:10C4D000DD00CB008D00CA00BF009E00A600B600A4
:10C4E000E300DE00DE00E900EE00F8000901CB0009
:10C4F000AE00C500D000EC00D200AC00D800E800CF
:10C50000FC00C400B200C400AE00A600B700980052
:10C51000C500D000D900BB00E6001601F400EA0017
:10C52000FB00E300EA00E200C900BD00C000B1006A
:10C530008A008E00A4009A009600B100D200C200CA
:10C54000CF00C700FC00F6001901D000F300F9008D
:10C55000D200DD00DC00C200AC00A6008C0081002F
:10C56000730073009C009B00BE00D000D200F50059
:10C57000F6000201F900EC00FB00E900D100CF0059
:10C58000B500B500A500A5008A0087009200A500AF
:10C59000AD00B300C100D000DE00D000D900E30040
:10C5A000EE00E800DE00CD00C900CE00B900A60014
:10C5B0009C0099009D00A5009B00A000AC00C2005B
:10C5C000C500CD00D600E700EB00E100E600E10089
:10C5D000CD00D800C800C900CA00BF00A200AB004F
:10C5E000A400AD00AA00AB00A600AE00B700CC00CE
:10C5F000D200DC00E700ED00EA00F200F900EC00F8
:10C60000DE00D700CB00C100B500A300A200A5004A
:10C61000AB00AC00B100B100C000D200D900D60020
:10C62000E500E500EA00DF00E200DA00D000CB0020
:10C63000C000B300B600B300B300AA00AE00B7005C
:10C64000BD00BF00D000DA00E300E800E500E6002E
:10C65000E200D900D800D500CC00C300B700B2007A
:10C66000B400B200B200BA00C200CB00CD00D100CD
:10C67000D900DE00E000DE00DC00DB00D700CE00E9
:10C68000CB00CC00C400BA00BE00B600B700BB00AF
:10C69000B600B400C200C500C700CC00CD00CE007B
:10C6A000D500D800D900D900D400D100CC00CC00EE
:10C6B000C900C300BD00B900B700B700B700B7009C
:10C6C000B900C100C300C600CA00CA00CF00D20032
:10C6D000D400D300D200D300D000D000CD00C300DE
:10C6E000C100C100BD00B900BB00BB00BC00BF0061
:10C6F000C400C700CA00CA00CC00D000D200D100DC
:10C70000D100CD00C800C700C400C000BD00BC00FF
:10C71000BE00BD00BD00BC00BD00C600CB00CB000C
:10C72000CB00CC00D200D200CD00D000CD00CB0099
:10C73000C600C600C300C100BF00BC00BC00BC00F6
:10C74000BE00C100C300C300C800CC00CC00D100B3
:10C75000D100D000CE00D000CD00CC00CB00C60070
:10C76000C600C400C400C100BF00C000C200C200B7
:10C77000C300C200C400C600C900CA00CB00CB0081
:10C78000CC00CE00CF00CE00CC00CA00C800C8004C
:10C79000C900C500C500C200C300C400C500C60072
:10C7A000C700C900CA00CC00CD00CB00CE00CD0030
:10C7B000CE00CD00CC00C900C800C500C600C50031
:10C7C000C300C200C300C300C500C500C600C80046
:10C7D000CB00CC00CC00CD00CC00CD00CE00CD00F5
:10C7E000CD00CA00C900C600C600C500C400C30011
:10C7F000C300C500C300C300C400C600C700C90011
:10C80000C800C900CB00CC00CC00CB00CB00CA00D4
:10C81000C700C800C600C600C400C500C400C400EC
:10C82000C400C500C500C700C500C500C800C800D9
:10C83000C900CA00C800C900CB00C900C800CA00AE
:10C84000C800C700C800C600C600C600C600C600B3
:10C85000C700C600C600C600C700C800C800C800A0
:10C86000C800C800C800CB00C900C800C900C60085
:10C87000C700C700C500C300C500C300C500C6008F
:10C88000C600C700CA00CB00CC00CB00CA00CC0059
:10C89000CD00CB00CA00C700C700C800C500C50056
:10C8A000C500C300C700CC00C400C300C800C90055
:10C8B000C900CB00C900C600CB00C700C900CB002F
:10C8C000C400CA00C900C500CB00C600C800C9002A
:10C8D000C400C800C800C700C700C900C000C80025
:10C8E000C800C300C700C900C600C500C300C5001A
:10C8F000C700C100C300C900C400C500C900C6000C
:10C90000CD00C800C400CA00C600CC00C800CA00E0
:10C91000CE00C800CA00C800CB00C800C400C900CF
:10C92000C300C400C400C300C600C600C400C000E9
:10C93000C800C900C900C900C700C900CD00C900AE
:10C94000C900CC00C800CB00C900C800CC00CA0098
:10C95000C600C600C900C600C600C300C400C700A8
:10C96000C900C500C700CA00CC00CB00C600C70084
:10C97000C700C800CA00C800C800C900C900C80074
:10C98000C800C800C900C700C800C700C800C80068
:10C99000C700C800C700C700C800C700C700C9005B
:10C9A000C800C800C500C600C600C500C700C60054
:10C9B000C700C400C800C800C800C800CA00C90039
:10C9C000C700C900C900C600C900C700C700C6002B
:10C9D000C700C600C800C700C600C500C800C60022
:10C9E000C500C600C700C800C800C800C700C9000D
:10C9F000C800C800C800C800C700C700C700C800FA
:10CA0000C600C400C500C700C700C800C700C700F3
:10CA1000C900C900C700C900C800C900C700C700D5
:10CA2000C700C800C700C700C700C700C700C700CD
:10CA3000C600C700C800C900C900C900CA00CA00B2
:10CA4000C800C900CB00CB00CA00CA00C900C8009A
:10CA5000C800C800C800C700C700C500C500C600A0
:10CA6000C800C700C700C700C800C600C800C9008A
:10CA7000C800C800C600C700C800C800C700C6007C
:10CA8000C800C600C700C600C600C600C700C70071
:10CA9000C600C700C800C700C700C700C900C7005C
:10CAA000C700C700C700C700C800C600C500C50052
:10CAB000C800C800C700C700C600C700C900C8003A
:10CAC000C800C700C700C800C900C800C900C80026
:10CAD000C600C700C700C900C600C700C700C8001D
:10CAE000C800C500C700C600C800C900C900C6000C
:10CAF000C700C700C900C800C800C800C700C800F8
:10CB0000C800C700C700C600C700C700C700C600EE
:10CB1000C600C600C700C700C800C700C700C800DD
:10CB2000C700C700C800C700C700C800C800C800C9
:10CB3000C700C800C700C800C800C800C800C700B8
:10CB4000C900C900C900C900C800C900C900CA009D
:10CB5000C800C900C900C900C900C800C900C9008F
:10CB6000C900C800C700C900CA00C900C900C9007F
:10CB7000C900C900C800C900C700C800C800C80073
:10CB8000C700C600C700C500C600C600C600C50075
:10CB9000C500C600C600C500C600C500C500C60069
:10CBA000C600C500C500C500C500C600C500C5005B
:10CBB000C600C600C600C600C600C700C700C80041
:10CBC000C800C700C800C800C900C900C900C90022
:10CBD000C800CA00C900C900C800C900CB00CA000B
:10CBE000CA00C900C800C900CA00CA00C900C900FB
:10CBF000C900CA00C900C900C800C800C800C700F1
:10CC0000C800C800C700C700C700C600C600C600ED
:10CC1000C500C600C500C600C600C600C500C600E7
:10CC2000C600C500C600C400C600C500C600C600D8
:10CC3000C600C600C500C500C500C600C600C600C7
:10CC4000C500C500C600C700C700C600C700C700B2
:10CC5000C700C700C700C700C800C900C800C70098
:10CC6000C700C900C900C800C800C800C800CA0081
:10CC7000CB00C900C900CA00CA00CB00CA00CA0064
:10CC8000CA00CB00CB00CA00CA00CA00CA00CA0052
:10CC9000C900C900C900C900C900CA00CA00C9004A
:10CCA000C800C900C900C900C900C800C700C80041
:10CCB000C800C700C700C800C600C700C700C7003B
:10CCC000C700C700C700C700C700C700C600C7002D
:10CCD000C600C600C700C700C700C600C700C8001E
:10CCE000C600CA00C600BF00C300C400C700CE0013
:10CCF000CE00CC00BF00BB00C600D800B200CF0001
:10CD0000C800CB00C500CB00CA00B800B900CE00F7
:10CD1000D200AD00E300ED00E000A800D200BD00AD
:10CD2000B100BE00BB000301D900BA00C800D200A8
:10CD30000B01B900ED00B200BC00BA00CD00A500A7
:10CD40008C00A500DE00CF004301A300AA008E00E6
:10CD50008600C2007300E0000501E800C7008400FF
:10CD6000AF00AA00C2008200D000B700B600A50044
:10CD70000201B100CC00DC00B000D10081008A00CB
:10CD8000AA00CF00C100B100AE00CC00B100E900A4
:10CD9000BA00C400F000E700D700B300D500DE0001
:10CDA000C9001701DB00BC00B5007A00B700BF0066
:10CDB000AD00C500DE00DC00BF00F600EB00E400C3
:10CDC000EE00E000E800BF00AA007900B500B60060
:10CDD000C500B800EA00E400D500CD00D500D200BF
:10CDE000D600A700D900BE00B200C000AF00BF004F
:10CDF000D400CA00C800DA00D300BE00B200A2000E
:10CE0000A600BB00BF00D500E500D900F200D800A5
:10CE1000D100B300CC00B300BF00AC00D200C7000B
:10CE2000C000BF00CB00BF00B900C600B300B30014
:10CE3000D700E500D100D600DB00DA00C400C7004F
:10CE4000BE00C700B800B200B600BE00CD00D100E1
:10CE5000DA00DB00DF00DB00CC00D100C300BD0046
:10CE6000CA00D400C600D300D500C000BE00E10057
:10CE7000D200CD00C600C100B800CB00BF00C50085
:10CE8000D200C500C900B800C800B900BA00BA0095
:10CE9000C000CE00D100C600D700D700D400BD002E
:10CEA000DB00BD00D300B600CA00C200CA00C1004A
:10CEB000C800CF00C900D300CD00C100C100C5002B
:10CEC000BD00B200CC00D600D700C000D100D90010
:10CED000C000C800C600C400BF00BC00C700BE0040
:10CEE000C200C700CA00D500D300CB00D100D200D9
:10CEF000CA00C700BD00C300BF00BC00C200CA001A
:10CF0000CD00CC00C900D000C300C200C900CE00D3
:10CF1000CB00CD00CC00C600C600BE00C200BA00E7
:10CF2000C100C700C900C700C500C800C600D100C5
:10CF3000C700C900C700C700CA00C300C900CB00B2
:10CF4000C800C000C300CA00CA00CA00C800CE00A2
:10CF5000C700CB00CA00C800CB00C600C400C40094
:10CF6000CC00C800C100C300C200C100C300C6009D
:10CF7000D000CB00D300C900C500C200C700C2006A
:10CF8000C700C100C300C400C600C700C100C9007B
:10CF9000C600CB00C400C800C600CA00C600C70057
:10CFA000C600CC00CC00CD00CA00CB00C900C9002F
:10CFB000CC00C700C600C300C800C600C400C8003B
:10CFC000CB00C600C900CA00CC00CC00D000CA000B
:10CFD000CE00C300C700C400C400C200C400CA0021
:10CFE000CA00C800CC00C900C800C700C700C700FD
:10CFF000CA00C700C500C900C900C400C700C900F5
:10D00000C500C400C800C800C900C800CA00CD00DF
:10D01000CA00C900CA00C900C600C900C600CA00CB
:10D02000C900C500C700C400C900C900C800C800C5
:10D03000C600C900C700C700C800C600C700C600B8
:10D04000C700C600C700C600C800C600C700C800A9
:10D05000C900C800C700C800C900C800C800C9008E
:10D06000C700C800C600C600C700C600C500C7008C
:10D07000C700C700C800C800CA00C900C900C8006E
:10D08000C800C800C900C800C800C700C800C80060
:10D09000C600C500C600C700C800C600C700C7005C
:10D0A000C700C700C700C700C700C700C800C80046
:10D0B000C800C800C700C600C700C700C700C60038
:10D0C000C600C800C800C700C700C700C800C80025
:10D0D000C700C800C800C800C700C700C700C80014
:10D0E000C700C700C800C800C900C800C800C80001
:10D0F000C800C700C800C800C800C600C700C700F5
:10D10000C700C800C700C900C800C800C800C700E1
:10D11000C800C800C800C800C800C800C800C700D0
:10D12000C800C700C700C800C700C800C800C800C2
:10D13000C800C700C700C700C800C800C700C700B4
:10D14000C800C800C700C600C600C800C600C600A8
:10D15000C700C800C700C600C700C800C700C70096
:10D16000C700C800C700C800C700C800C800C70083
:10D17000C900C600C700C600C800C800C800C70074
:10D18000C700C700C800C800C900C600C800C80062
:10D19000C800C800C700C800C900C700C800C80050
:10D1A000C800C800C800C700C700C800C800C80041
:10D1B000C700C700C700C800C800C200C100C10046
:10D1C000C300C400C300C400C600D200CC00D60017
:10D1D000D200D800C600C700CE00CD00C700E300D3
:10D1E000C400DC00DD00F2000B010901F500D800ED
:10D1F000B10093008500670054006A0075006D005F
:10D20000750055006900AB00DF001F013C015401AF
:10D2100064015E015B012701EE00A40063003D0094
:10D220001B0019001D001200170042007900AF001A
:10D23000F300290157017C018701890189018B01D4
:10D240008E018F01800136010001B9008500520076
:10D25000350029001C001F00370056008000B10077
:10D26000D300F3000101FD00FA00E300C100AE00AD
:10D270009E009E00960084006A0061004E004500FA
:10D2800037002400230029002F00400045005000F3
:10D29000610073008F00A100B900C900D500D6005D
:10D2A000D300D400CF00C300B600A500A0009900B1
:10D2B00097009F00A100B200D200F20016013901D0
:10D2C00057016D0183018A018E018F018F018F014A
:10D2D0008F018F018D01840179016B015B01430195
:10D2E000310124011A010C0107010A0109010A0197
:10D2F0000D0115011C011F012001170113010B0174
:10D30000F700DF00C100A0007D005D003C002300AD
:10D310000B00010001000000000000000000000000
:10D320000000000000000000070011001D0029009F
:10D3300032003C0046004A004E0052005600600099
:10D340006800730081008C009600A200AE00BF0050
:10D35000CD00D900E700F100FC000C011C01260102
:10D360002E0138014701560163016E0178017F01EA
:10D37000860189018B018C018A01850182017C0172
:10D380007501700168015D0155014E0145013D01C6
:10D390003101220112010201EF00DD00CC00B900D1
:10D3A000A700950088007C007100690064005F00A0
:10D3B0005F005F00600065006900700075007C0020
:10D3C0008300890093009D00A500AC00B100B3006C
:10D3D000BB00BD00BE00BD00BB00B700B100A8008F
:10D3E0009C0093008C00850082007F007E008100FD
:10D3F00087008E009800A100AB00B500BD00C500FD
:10D40000CB00CF00D000CF00CC00C900C500C200C7
:10D41000C100C300C500C900CF00D800E300EB0085
:10D42000F500FF0006010A010D010E010D010D01BD
:10D430000B01070105010101FF00FD00FA00FA00E0
:10D44000FB00FB00FC00FA00FC00FB00FB00F90005
:10D45000F900F600F500F200EC00E800E400DF005F
:10D46000D800D000C700C200B800AF00A4009B00E5
:10D4700093008D00880083007F007C007B007B0090
:10D480007B007B007A007B007A00780078007600D1
:10D490007300720070006E006C006C006E006F0014
:10D4A000740078007E0084008E009700A100A9001F
:10D4B000B300BD00C600CD00D200D800DC00E20001
:10D4C000E800EA00F000F500FC0002010B01130186
:10D4D0001D0126012D0136013F014301470148018D
:10D4E0004701460142013B0134012C0125011D0188
:10D4F00015010D0106010001F800F000E900E1004E
:10D50000DA00D000C700BE00B500AB00A200990051
:10D5100090008A0083007D00780075007200700022
:10D520006F006E006F00700071007300750079006D
:10D530007E00820087008E0095009C00A400AC0055
:10D54000B500BC00C500CC00D300D900DE00E3006C
:10D55000E700EA00EC00ED00EF00EF00F000F00063
:10D56000EF00EF00EE00EC00EA00E800E500E2006A
:10D57000DE00DB00D700D300CF00CB00C900C6001F
:10D58000C300C100C000C000C000C000C000C00097
:10D59000C000C000C000C000C100C100C200C20085
:10D5A000C300C400C500C600C700C800CA00CB0045
:10D5B000CC00CE00CE00CF00D000D000D000D000F4
:10D5C000D000D000CF00CF00CF00CF00CE00CE00E3
:10D5D000CC00CA00C800C600C400C100BE00BC0028
:10D5E000B900B700B500B300B300B200B100B0009D
:10D5F000AF00B000AF00AF00B000B100B200B200A9
:10D60000B400B500B700BA00BC00BE00C000C30043
:10D61000C600C900CC00CF00D200D500D800DB0086
:10D62000DE00E000E300E500E800EB00ED00EE00C6
:10D63000F000F000F000EF00ED00EB00E900E50085
:10D64000E200DE00DB00D700D400D000CE00CC002A
:10D65000CA00C700C500C300C200BF00BE00BC00B6
:10D66000BA00B700B500B300B100AE00AB00A9002E
:10D67000A700A500A400A200A100A200A100A10093
:10D68000A400A500A700AA00AD00B100B400B90035
:10D69000BA00BD00C300C600C700CD00CE00D50053
:10D6A000CF00D000D000DB00CA00CD00CD00BF000D
:10D6B000D500EA00EA0004010A01F900F600C700FB
:10D6C000C800C700C700C700C700C800C700C70020
:10D6D000C700C800C700C700C800C800C700C7000F
:10D6E000C700C800C700C800C800C800C800C700FD
:10D6F000C800C800C700C700C800C800C800C800EC
:10D70000C700C800C800C800C700C800C800C700DC
:10D71000C700C800C800C700C800C700C800C800CC
:10D72000C800C800C800C800C800C800C800C800B9
:10D73000C800C700C800C800C800C800C800000072
:10D740000006101600061016000000000000000081
:08D750000102030406070809A9
:08D75800DC2AFC7F0100000047
:04D76000E9010008D3
:04D76400C5010008F3
:10D768003C0400407C270008842700089027000814
:10D778009C270008A4270008AC2700080100000027
:08D78800100000000024F40071
:04000005080026A128
:00000001FF
